ISO-10303-21;
HEADER;
FILE_DESCRIPTION (( 'STEP AP203' ),
    '1' );
FILE_NAME ('´óµ×ÅÌ.STEP',
    '2026-07-29T14:22:04',
    ( '' ),
    ( '' ),
    'SwSTEP 2.0',
    'SolidWorks 2024',
    '' );
FILE_SCHEMA (( 'CONFIG_CONTROL_DESIGN' ));
ENDSEC;

DATA;
#1 = DIRECTION ( 'NONE',  ( 0.000000000000000000, 0.000000000000000000, -1.000000000000000000 ) ) ;
#2 = ORIENTED_EDGE ( 'NONE', *, *, #4785, .F. ) ;
#3 = ORIENTED_EDGE ( 'NONE', *, *, #4643, .T. ) ;
#4 = CARTESIAN_POINT ( 'NONE',  ( -5.357414193360679810, 3.000000000000000000, 80.24010619321097693 ) ) ;
#5 = VECTOR ( 'NONE', #3372, 1000.000000000000000 ) ;
#6 = VECTOR ( 'NONE', #230, 1000.000000000000000 ) ;
#7 = CYLINDRICAL_SURFACE ( 'NONE', #4366, 1.600000000000004086 ) ;
#8 = EDGE_LOOP ( 'NONE', ( #3207, #1527, #3446, #3670 ) ) ;
#9 = AXIS2_PLACEMENT_3D ( 'NONE', #78, #135, #109 ) ;
#10 = AXIS2_PLACEMENT_3D ( 'NONE', #2139, #2229, #3115 ) ;
#11 = ORIENTED_EDGE ( 'NONE', *, *, #1179, .T. ) ;
#12 = LINE ( 'NONE', #2681, #5701 ) ;
#13 = ADVANCED_FACE ( 'NONE', ( #4943 ), #4465, .F. ) ;
#14 = DIRECTION ( 'NONE',  ( 0.000000000000000000, 1.000000000000000000, 0.000000000000000000 ) ) ;
#15 = CARTESIAN_POINT ( 'NONE',  ( -115.3644381985056953, 0.000000000000000000, -14.00000000000000000 ) ) ;
#16 = CARTESIAN_POINT ( 'NONE',  ( -75.12344610756727548, 0.000000000000000000, 0.000000000000000000 ) ) ;
#17 = DIRECTION ( 'NONE',  ( 2.775557561562892337E-16, 0.000000000000000000, -1.000000000000000000 ) ) ;
#18 = FACE_OUTER_BOUND ( 'NONE', #5617, .T. ) ;
#19 = EDGE_LOOP ( 'NONE', ( #226, #2871, #4199, #3569 ) ) ;
#20 = DIRECTION ( 'NONE',  ( 0.000000000000000000, 0.000000000000000000, 1.000000000000000000 ) ) ;
#21 = EDGE_CURVE ( 'NONE', #4489, #3230, #773, .T. ) ;
#22 = EDGE_CURVE ( 'NONE', #4485, #4548, #4495, .T. ) ;
#23 = EDGE_LOOP ( 'NONE', ( #1006, #343, #2049, #3739 ) ) ;
#24 = ORIENTED_EDGE ( 'NONE', *, *, #3463, .F. ) ;
#25 = FACE_OUTER_BOUND ( 'NONE', #653, .T. ) ;
#26 = CARTESIAN_POINT ( 'NONE',  ( -115.7144381985055048, 3.001000000000000334, -62.38096124594394354 ) ) ;
#27 = ORIENTED_EDGE ( 'NONE', *, *, #3574, .F. ) ;
#28 = DIRECTION ( 'NONE',  ( 1.000000000000000000, 0.000000000000000000, -1.927470528863119049E-16 ) ) ;
#29 = ORIENTED_EDGE ( 'NONE', *, *, #4880, .F. ) ;
#30 = ORIENTED_EDGE ( 'NONE', *, *, #2092, .T. ) ;
#31 = CARTESIAN_POINT ( 'NONE',  ( 39.99999999999997158, 0.000000000000000000, 90.00000000000005684 ) ) ;
#32 = DIRECTION ( 'NONE',  ( -0.000000000000000000, 1.000000000000000000, -0.000000000000000000 ) ) ;
#33 = ORIENTED_EDGE ( 'NONE', *, *, #1151, .F. ) ;
#34 = ORIENTED_EDGE ( 'NONE', *, *, #1351, .T. ) ;
#35 = DIRECTION ( 'NONE',  ( -0.7071067811865410224, -0.000000000000000000, 0.7071067811865540120 ) ) ;
#36 = DIRECTION ( 'NONE',  ( -1.000000000000000000, -0.000000000000000000, -0.000000000000000000 ) ) ;
#37 = DIRECTION ( 'NONE',  ( 0.000000000000000000, 0.000000000000000000, -1.000000000000000000 ) ) ;
#38 = ADVANCED_FACE ( 'NONE', ( #2674 ), #5325, .F. ) ;
#39 = DIRECTION ( 'NONE',  ( 0.000000000000000000, -1.000000000000000000, 0.000000000000000000 ) ) ;
#41 = ORIENTED_EDGE ( 'NONE', *, *, #4448, .F. ) ;
#40 = DIRECTION ( 'NONE',  ( -1.000000000000000000, 0.000000000000000000, 0.000000000000000000 ) ) ;
#42 = DIRECTION ( 'NONE',  ( -0.000000000000000000, 1.000000000000000000, -0.000000000000000000 ) ) ;
#43 = CARTESIAN_POINT ( 'NONE',  ( 39.99999999999997158, 3.000000000000000000, 90.00000000000005684 ) ) ;
#44 = EDGE_CURVE ( 'NONE', #4072, #1726, #2095, .T. ) ;
#45 = ORIENTED_EDGE ( 'NONE', *, *, #2492, .F. ) ;
#46 = EDGE_CURVE ( 'NONE', #936, #3242, #373, .T. ) ;
#47 = ORIENTED_EDGE ( 'NONE', *, *, #662, .T. ) ;
#48 = DIRECTION ( 'NONE',  ( 0.000000000000000000, 0.000000000000000000, 1.000000000000000000 ) ) ;
#49 = DIRECTION ( 'NONE',  ( 0.7071067811865540120, 0.000000000000000000, 0.7071067811865410224 ) ) ;
#50 = EDGE_LOOP ( 'NONE', ( #3420, #4242, #1483, #3594 ) ) ;
#51 = CARTESIAN_POINT ( 'NONE',  ( 26.24663118593861810, 3.000000000000000000, -54.99999999999985789 ) ) ;
#52 = EDGE_LOOP ( 'NONE', ( #993, #4385, #4796, #2705, #3485 ) ) ;
#53 = VERTEX_POINT ( 'NONE', #5295 ) ;
#54 = CARTESIAN_POINT ( 'NONE',  ( 74.64663118593873037, 0.000000000000000000, 28.39999999999992397 ) ) ;
#55 = PLANE ( 'NONE',  #4802 ) ;
#56 = CARTESIAN_POINT ( 'NONE',  ( 117.9999999999999432, 3.000000000000000000, -40.30991885387103935 ) ) ;
#57 = AXIS2_PLACEMENT_3D ( 'NONE', #1852, #962, #3136 ) ;
#58 = EDGE_CURVE ( 'NONE', #5639, #2448, #4047, .T. ) ;
#59 = VERTEX_POINT ( 'NONE', #2203 ) ;
#60 = ORIENTED_EDGE ( 'NONE', *, *, #1351, .F. ) ;
#61 = DIRECTION ( 'NONE',  ( 0.000000000000000000, 0.000000000000000000, -1.000000000000000000 ) ) ;
#62 = AXIS2_PLACEMENT_3D ( 'NONE', #279, #2148, #5393 ) ;
#63 = ADVANCED_FACE ( 'NONE', ( #2699 ), #4432, .F. ) ;
#64 = CARTESIAN_POINT ( 'NONE',  ( -88.11443819850511261, 0.000000000000000000, 31.30000000000060467 ) ) ;
#65 = AXIS2_PLACEMENT_3D ( 'NONE', #3218, #1074, #4234 ) ;
#66 = FACE_OUTER_BOUND ( 'NONE', #5552, .T. ) ;
#67 = CIRCLE ( 'NONE', #2258, 1.600000000000004086 ) ;
#68 = DIRECTION ( 'NONE',  ( 0.000000000000000000, 1.000000000000000000, 0.000000000000000000 ) ) ;
#70 = ORIENTED_EDGE ( 'NONE', *, *, #5460, .F. ) ;
#69 = CARTESIAN_POINT ( 'NONE',  ( 96.24663118593872468, 3.000000000000000000, 55.00000000000000000 ) ) ;
#71 = DIRECTION ( 'NONE',  ( 0.000000000000000000, 0.000000000000000000, -1.000000000000000000 ) ) ;
#72 = VECTOR ( 'NONE', #4266, 1000.000000000000000 ) ;
#73 = EDGE_CURVE ( 'NONE', #137, #4629, #4522, .T. ) ;
#74 = DIRECTION ( 'NONE',  ( -0.000000000000000000, -1.000000000000000000, -0.000000000000000000 ) ) ;
#75 = APPROVAL_PERSON_ORGANIZATION ( #1539, #2689, #5172 ) ;
#76 = EDGE_LOOP ( 'NONE', ( #5229, #5812, #3267, #4434 ) ) ;
#77 = VERTEX_POINT ( 'NONE', #3541 ) ;
#78 = CARTESIAN_POINT ( 'NONE',  ( 94.64663118593871616, 0.000000000000000000, 30.00000000000000000 ) ) ;
#79 = EDGE_CURVE ( 'NONE', #2330, #4791, #3600, .T. ) ;
#80 = AXIS2_PLACEMENT_3D ( 'NONE', #4641, #5530, #3299 ) ;
#81 = DIRECTION ( 'NONE',  ( -0.000000000000000000, -1.000000000000000000, -0.000000000000000000 ) ) ;
#82 = EDGE_CURVE ( 'NONE', #768, #4543, #1896, .T. ) ;
#83 = ORIENTED_EDGE ( 'NONE', *, *, #5350, .F. ) ;
#84 = DIRECTION ( 'NONE',  ( 0.000000000000000000, 1.000000000000000000, 0.000000000000000000 ) ) ;
#85 = VECTOR ( 'NONE', #4134, 1000.000000000000000 ) ;
#86 = VERTEX_POINT ( 'NONE', #2170 ) ;
#87 = ORIENTED_EDGE ( 'NONE', *, *, #2413, .F. ) ;
#88 = DIRECTION ( 'NONE',  ( -0.000000000000000000, -1.000000000000000000, -0.000000000000000000 ) ) ;
#89 = CARTESIAN_POINT ( 'NONE',  ( 66.24663118593872468, 3.000000000000000000, 54.99999999999986500 ) ) ;
#90 = DIRECTION ( 'NONE',  ( 1.000000000000000000, 0.000000000000000000, 4.839898824559572281E-16 ) ) ;
#91 = AXIS2_PLACEMENT_3D ( 'NONE', #1781, #4023, #324 ) ;
#92 = ADVANCED_FACE ( 'NONE', ( #1275 ), #3961, .F. ) ;
#93 = VERTEX_POINT ( 'NONE', #5770 ) ;
#94 = ORIENTED_EDGE ( 'NONE', *, *, #200, .T. ) ;
#95 = VERTEX_POINT ( 'NONE', #5830 ) ;
#96 = DIRECTION ( 'NONE',  ( -0.000000000000000000, 1.000000000000000000, -0.000000000000000000 ) ) ;
#97 = VECTOR ( 'NONE', #5626, 1000.000000000000000 ) ;
#98 = VECTOR ( 'NONE', #5640, 1000.000000000000000 ) ;
#99 = DIRECTION ( 'NONE',  ( -0.7071067811865475727, 0.000000000000000000, 0.7071067811865475727 ) ) ;
#100 = EDGE_CURVE ( 'NONE', #834, #134, #1609, .T. ) ;
#101 = DIRECTION ( 'NONE',  ( -0.000000000000000000, -1.000000000000000000, -0.000000000000000000 ) ) ;
#102 = DIRECTION ( 'NONE',  ( -0.000000000000000000, 1.000000000000000000, -0.000000000000000000 ) ) ;
#103 = DIRECTION ( 'NONE',  ( -0.000000000000000000, 1.000000000000000000, -0.000000000000000000 ) ) ;
#104 = DIRECTION ( 'NONE',  ( 0.000000000000000000, 0.000000000000000000, 1.000000000000000000 ) ) ;
#105 = AXIS2_PLACEMENT_3D ( 'NONE', #164, #5612, #1983 ) ;
#106 = CARTESIAN_POINT ( 'NONE',  ( 159.9999999999999147, 0.000000000000000000, -89.99999999999975842 ) ) ;
#107 = ORIENTED_EDGE ( 'NONE', *, *, #5726, .F. ) ;
#108 = ORIENTED_EDGE ( 'NONE', *, *, #2298, .F. ) ;
#109 = DIRECTION ( 'NONE',  ( 0.000000000000000000, 0.000000000000000000, -1.000000000000000000 ) ) ;
#110 = DIRECTION ( 'NONE',  ( 0.000000000000000000, -1.000000000000000000, 0.000000000000000000 ) ) ;
#111 = ORIENTED_EDGE ( 'NONE', *, *, #4488, .T. ) ;
#112 = EDGE_CURVE ( 'NONE', #2751, #3521, #4850, .T. ) ;
#113 = LINE ( 'NONE', #1927, #3039 ) ;
#114 = VERTEX_POINT ( 'NONE', #3061 ) ;
#115 = EDGE_LOOP ( 'NONE', ( #206, #3704, #1741, #5032 ) ) ;
#116 = CARTESIAN_POINT ( 'NONE',  ( 74.64663118593861668, 3.000000000000000000, -56.59999999999993747 ) ) ;
#117 = FACE_BOUND ( 'NONE', #5838, .T. ) ;
#118 = DIRECTION ( 'NONE',  ( 0.000000000000000000, 1.000000000000000000, 0.000000000000000000 ) ) ;
#119 = EDGE_CURVE ( 'NONE', #2141, #552, #4882, .T. ) ;
#120 = ORIENTED_EDGE ( 'NONE', *, *, #3802, .F. ) ;
#121 = EDGE_LOOP ( 'NONE', ( #921, #255, #2603, #737 ) ) ;
#122 = ORIENTED_EDGE ( 'NONE', *, *, #1144, .F. ) ;
#123 = CARTESIAN_POINT ( 'NONE',  ( 30.22999999999997200, 0.000000000000000000, 72.80000000000005400 ) ) ;
#124 = DIRECTION ( 'NONE',  ( 0.000000000000000000, 0.000000000000000000, -1.000000000000000000 ) ) ;
#125 = EDGE_CURVE ( 'NONE', #4902, #1926, #282, .T. ) ;
#126 = DIRECTION ( 'NONE',  ( 0.000000000000000000, 1.000000000000000000, 0.000000000000000000 ) ) ;
#127 = EDGE_CURVE ( 'NONE', #1290, #2823, #5025, .T. ) ;
#128 = DIRECTION ( 'NONE',  ( -0.000000000000000000, -1.000000000000000000, -0.000000000000000000 ) ) ;
#129 = DIRECTION ( 'NONE',  ( -0.000000000000000000, -1.000000000000000000, -0.000000000000000000 ) ) ;
#130 = DIRECTION ( 'NONE',  ( 0.000000000000000000, 0.000000000000000000, 1.000000000000000000 ) ) ;
#131 = DIRECTION ( 'NONE',  ( -0.000000000000000000, -1.000000000000000000, -0.000000000000000000 ) ) ;
#132 = VERTEX_POINT ( 'NONE', #4636 ) ;
#133 = CARTESIAN_POINT ( 'NONE',  ( 96.24663118593872468, 3.000000000000000000, 55.00000000000000000 ) ) ;
#134 = VERTEX_POINT ( 'NONE', #5055 ) ;
#135 = DIRECTION ( 'NONE',  ( 0.000000000000000000, -1.000000000000000000, 0.000000000000000000 ) ) ;
#136 = LINE ( 'NONE', #3741, #4550 ) ;
#137 = VERTEX_POINT ( 'NONE', #4165 ) ;
#138 = DIRECTION ( 'NONE',  ( 0.000000000000000000, 1.000000000000000000, 0.000000000000000000 ) ) ;
#139 = EDGE_LOOP ( 'NONE', ( #775, #4118 ) ) ;
#140 = ORIENTED_EDGE ( 'NONE', *, *, #451, .T. ) ;
#141 = LINE ( 'NONE', #2342, #537 ) ;
#142 = FACE_BOUND ( 'NONE', #4935, .T. ) ;
#143 = PRODUCT_DEFINITION ( 'æœ', '', #2163, #329 ) ;
#144 = CARTESIAN_POINT ( 'NONE',  ( -155.7144381985054906, 0.000000000000000000, 64.67164498816627827 ) ) ;
#145 = DIRECTION ( 'NONE',  ( -1.000000000000000000, -0.000000000000000000, -2.775557561562891844E-16 ) ) ;
#146 = EDGE_LOOP ( 'NONE', ( #1184, #5633, #1772, #4409 ) ) ;
#147 = EDGE_LOOP ( 'NONE', ( #5685, #1633, #469, #2794, #3195 ) ) ;
#148 = ORIENTED_EDGE ( 'NONE', *, *, #892, .T. ) ;
#149 = CARTESIAN_POINT ( 'NONE',  ( 117.9999999999999432, 0.000000000000000000, -41.90991885387104787 ) ) ;
#150 = DIRECTION ( 'NONE',  ( 0.000000000000000000, -1.000000000000000000, 0.000000000000000000 ) ) ;
#151 = DIRECTION ( 'NONE',  ( -1.000000000000000000, -0.000000000000000000, -0.000000000000000000 ) ) ;
#152 = EDGE_CURVE ( 'NONE', #1952, #413, #2839, .T. ) ;
#153 = AXIS2_PLACEMENT_3D ( 'NONE', #1943, #1615, #5693 ) ;
#154 = CARTESIAN_POINT ( 'NONE',  ( -3.757414193360684607, -7.000000000000000000, -44.24010619321096982 ) ) ;
#155 = DIRECTION ( 'NONE',  ( -0.000000000000000000, -1.000000000000000000, -0.000000000000000000 ) ) ;
#156 = CYLINDRICAL_SURFACE ( 'NONE', #723, 1.600000000000004086 ) ;
#157 = CARTESIAN_POINT ( 'NONE',  ( 66.24663118593861100, 3.000000000000000000, -54.99999999999986500 ) ) ;
#158 = AXIS2_PLACEMENT_3D ( 'NONE', #2863, #1976, #5602 ) ;
#159 = VECTOR ( 'NONE', #2595, 1000.000000000000000 ) ;
#160 = ORIENTED_EDGE ( 'NONE', *, *, #1024, .T. ) ;
#161 = DIRECTION ( 'NONE',  ( 0.000000000000000000, -1.000000000000000000, 0.000000000000000000 ) ) ;
#162 = VERTEX_POINT ( 'NONE', #586 ) ;
#163 = AXIS2_PLACEMENT_3D ( 'NONE', #897, #3666, #424 ) ;
#164 = CARTESIAN_POINT ( 'NONE',  ( 74.64663118593873037, 0.000000000000000000, 29.99999999999992895 ) ) ;
#165 = VECTOR ( 'NONE', #5085, 1000.000000000000000 ) ;
#166 = ADVANCED_FACE ( 'NONE', ( #3266 ), #553, .F. ) ;
#167 = DIRECTION ( 'NONE',  ( 0.000000000000000000, 0.000000000000000000, 1.000000000000000000 ) ) ;
#168 = AXIS2_PLACEMENT_3D ( 'NONE', #417, #4051, #2234 ) ;
#169 = ORIENTED_EDGE ( 'NONE', *, *, #4046, .F. ) ;
#170 = CARTESIAN_POINT ( 'NONE',  ( 28.42844072404627909, 3.000000000000000000, -119.9999999999999716 ) ) ;
#171 = ORIENTED_EDGE ( 'NONE', *, *, #4675, .T. ) ;
#172 = EDGE_LOOP ( 'NONE', ( #4516, #3146 ) ) ;
#173 = CIRCLE ( 'NONE', #550, 1.600000000000004086 ) ;
#174 = DATE_AND_TIME ( #2555, #3973 ) ;
#175 = CARTESIAN_POINT ( 'NONE',  ( 76.24663118593862521, 3.001000000000000334, -54.99999999999992895 ) ) ;
#176 = CARTESIAN_POINT ( 'NONE',  ( 73.04663118593860816, 3.000000000000000000, -54.99999999999992895 ) ) ;
#177 = LINE ( 'NONE', #2087, #5514 ) ;
#178 = CIRCLE ( 'NONE', #3507, 1.600000000000004086 ) ;
#179 = ORIENTED_EDGE ( 'NONE', *, *, #1326, .F. ) ;
#180 = EDGE_LOOP ( 'NONE', ( #642, #2688, #3560, #2701, #3717 ) ) ;
#181 = ORIENTED_EDGE ( 'NONE', *, *, #4302, .T. ) ;
#182 = CARTESIAN_POINT ( 'NONE',  ( 96.24663118593861100, 3.000000000000000000, -55.00000000000000000 ) ) ;
#183 = CARTESIAN_POINT ( 'NONE',  ( 89.99999999999997158, 0.000000000000000000, -120.0000000000000284 ) ) ;
#184 = VECTOR ( 'NONE', #664, 1000.000000000000000 ) ;
#185 = DIRECTION ( 'NONE',  ( 0.000000000000000000, 0.000000000000000000, 1.000000000000000000 ) ) ;
#186 = VECTOR ( 'NONE', #4817, 1000.000000000000000 ) ;
#187 = ADVANCED_FACE ( 'NONE', ( #3719 ), #3633, .T. ) ;
#188 = LINE ( 'NONE', #2007, #5 ) ;
#189 = DIRECTION ( 'NONE',  ( 0.000000000000000000, 0.000000000000000000, 1.000000000000000000 ) ) ;
#190 = CYLINDRICAL_SURFACE ( 'NONE', #3766, 1.499999999999994449 ) ;
#191 = CARTESIAN_POINT ( 'NONE',  ( -33.35741419336067537, 3.000000000000000000, -80.24010619321096272 ) ) ;
#192 = VECTOR ( 'NONE', #5409, 1000.000000000000000 ) ;
#193 = VECTOR ( 'NONE', #767, 1000.000000000000000 ) ;
#194 = ORIENTED_EDGE ( 'NONE', *, *, #4618, .T. ) ;
#195 = AXIS2_PLACEMENT_3D ( 'NONE', #1530, #4245, #4751 ) ;
#196 = FACE_OUTER_BOUND ( 'NONE', #1998, .T. ) ;
#197 = VECTOR ( 'NONE', #5648, 1000.000000000000000 ) ;
#198 = CARTESIAN_POINT ( 'NONE',  ( -155.7144381985054906, 3.000000000000000000, 64.67164498816627827 ) ) ;
#199 = VERTEX_POINT ( 'NONE', #3293 ) ;
#200 = EDGE_CURVE ( 'NONE', #5027, #3506, #4093, .T. ) ;
#201 = CARTESIAN_POINT ( 'NONE',  ( -130.9238835285132438, 0.000000000000000000, 94.21587757853255596 ) ) ;
#202 = EDGE_CURVE ( 'NONE', #1358, #326, #5526, .T. ) ;
#203 = VERTEX_POINT ( 'NONE', #4112 ) ;
#204 = CYLINDRICAL_SURFACE ( 'NONE', #4856, 1.600000000000004086 ) ;
#205 = ORIENTED_EDGE ( 'NONE', *, *, #4349, .F. ) ;
#206 = ORIENTED_EDGE ( 'NONE', *, *, #985, .T. ) ;
#207 = CARTESIAN_POINT ( 'NONE',  ( 0.000000000000000000, 0.000000000000000000, 0.000000000000000000 ) ) ;
#208 = DIRECTION ( 'NONE',  ( -0.000000000000000000, -1.000000000000000000, -0.000000000000000000 ) ) ;
#209 = CARTESIAN_POINT ( 'NONE',  ( 131.9999999999999432, 3.000000000000000000, -41.90991885387104787 ) ) ;
#210 = DIRECTION ( 'NONE',  ( 0.000000000000000000, -1.000000000000000000, 0.000000000000000000 ) ) ;
#211 = ORIENTED_EDGE ( 'NONE', *, *, #4755, .F. ) ;
#212 = VERTEX_POINT ( 'NONE', #4996 ) ;
#213 = VERTEX_POINT ( 'NONE', #5082 ) ;
#214 = LINE ( 'NONE', #3820, #1705 ) ;
#215 = DIRECTION ( 'NONE',  ( -0.000000000000000000, -1.000000000000000000, -0.000000000000000000 ) ) ;
#216 = DIRECTION ( 'NONE',  ( -0.000000000000000000, -1.000000000000000000, -0.000000000000000000 ) ) ;
#217 = UNCERTAINTY_MEASURE_WITH_UNIT (LENGTH_MEASURE( 1.000000000000000082E-05 ), #2374, 'distance_accuracy_value', 'NONE');
#218 = DIRECTION ( 'NONE',  ( 0.000000000000000000, 1.000000000000000000, 0.000000000000000000 ) ) ;
#219 = DIRECTION ( 'NONE',  ( -0.000000000000000000, -1.000000000000000000, -0.000000000000000000 ) ) ;
#220 = CARTESIAN_POINT ( 'NONE',  ( 6.246631185938725572, 3.000000000000000000, 54.99999999999999289 ) ) ;
#221 = DIRECTION ( 'NONE',  ( 1.000000000000000000, 0.000000000000000000, -2.775557561562891844E-16 ) ) ;
#222 = ORIENTED_EDGE ( 'NONE', *, *, #3246, .F. ) ;
#223 = CARTESIAN_POINT ( 'NONE',  ( 84.64663118593871616, 3.000000000000000000, 30.00000000000000000 ) ) ;
#224 = CARTESIAN_POINT ( 'NONE',  ( 99.76999999999999602, 0.000000000000000000, -71.20000000000005969 ) ) ;
#225 = EDGE_CURVE ( 'NONE', #3562, #5736, #113, .T. ) ;
#226 = ORIENTED_EDGE ( 'NONE', *, *, #5263, .F. ) ;
#227 = DIRECTION ( 'NONE',  ( 0.000000000000000000, 0.000000000000000000, -1.000000000000000000 ) ) ;
#228 = EDGE_CURVE ( 'NONE', #2174, #3242, #2230, .T. ) ;
#229 = EDGE_LOOP ( 'NONE', ( #4163, #4042 ) ) ;
#230 = DIRECTION ( 'NONE',  ( 5.551115123125780730E-16, 0.000000000000000000, -1.000000000000000000 ) ) ;
#231 = ORIENTED_EDGE ( 'NONE', *, *, #58, .T. ) ;
#232 = ORIENTED_EDGE ( 'NONE', *, *, #1109, .F. ) ;
#233 = DIRECTION ( 'NONE',  ( 0.000000000000000000, 0.000000000000000000, -1.000000000000000000 ) ) ;
#234 = PLANE ( 'NONE',  #3213 ) ;
#235 = ADVANCED_FACE ( 'NONE', ( #4667 ), #3743, .T. ) ;
#236 = CARTESIAN_POINT ( 'NONE',  ( 63.04663118593860105, 3.001000000000000334, -54.99999999999986500 ) ) ;
#237 = ORIENTED_EDGE ( 'NONE', *, *, #680, .F. ) ;
#238 = VERTEX_POINT ( 'NONE', #1420 ) ;
#239 = VERTEX_POINT ( 'NONE', #2727 ) ;
#240 = DIRECTION ( 'NONE',  ( 0.000000000000000000, 0.000000000000000000, 1.000000000000000000 ) ) ;
#241 = DIRECTION ( 'NONE',  ( -0.000000000000000000, -1.000000000000000000, -0.000000000000000000 ) ) ;
#242 = CYLINDRICAL_SURFACE ( 'NONE', #3021, 1.600000000000004086 ) ;
#243 = EDGE_CURVE ( 'NONE', #5731, #4902, #911, .T. ) ;
#244 = CARTESIAN_POINT ( 'NONE',  ( 86.24663118593872468, 3.001000000000000334, 30.00000000000000000 ) ) ;
#245 = CARTESIAN_POINT ( 'NONE',  ( 6.246631185938725572, 3.001000000000000334, 54.99999999999999289 ) ) ;
#246 = DIRECTION ( 'NONE',  ( 2.775557561562890858E-16, 0.000000000000000000, -1.000000000000000000 ) ) ;
#247 = CYLINDRICAL_SURFACE ( 'NONE', #5763, 1.600000000000004086 ) ;
#248 = ORIENTED_EDGE ( 'NONE', *, *, #3858, .T. ) ;
#249 = CYLINDRICAL_SURFACE ( 'NONE', #3140, 150.0000000000000000 ) ;
#250 = DIRECTION ( 'NONE',  ( -0.000000000000000000, -1.000000000000000000, -0.000000000000000000 ) ) ;
#251 = AXIS2_PLACEMENT_3D ( 'NONE', #3826, #1975, #130 ) ;
#252 = ORIENTED_EDGE ( 'NONE', *, *, #5109, .T. ) ;
#253 = CIRCLE ( 'NONE', #1011, 1.250000000000001110 ) ;
#254 = LINE ( 'NONE', #2075, #4937 ) ;
#255 = ORIENTED_EDGE ( 'NONE', *, *, #3071, .F. ) ;
#256 = CIRCLE ( 'NONE', #3006, 1.600000000000004086 ) ;
#257 = CARTESIAN_POINT ( 'NONE',  ( -80.71443819850549062, 3.001000000000000334, 63.61903875405599962 ) ) ;
#258 = ORIENTED_EDGE ( 'NONE', *, *, #3447, .F. ) ;
#259 = EDGE_CURVE ( 'NONE', #1726, #1153, #1238, .T. ) ;
#260 = ORIENTED_EDGE ( 'NONE', *, *, #807, .F. ) ;
#261 = MECHANICAL_CONTEXT ( 'NONE', #4836, 'mechanical' ) ;
#262 = LINE ( 'NONE', #3905, #2859 ) ;
#263 = CIRCLE ( 'NONE', #638, 1.600000000000011191 ) ;
#264 = DIRECTION ( 'NONE',  ( -1.000000000000000000, 0.000000000000000000, 0.000000000000000000 ) ) ;
#265 = AXIS2_PLACEMENT_3D ( 'NONE', #3187, #899, #4593 ) ;
#266 = CARTESIAN_POINT ( 'NONE',  ( -115.3644381985056953, 0.000000000000000000, -13.99999999999999822 ) ) ;
#267 = ORIENTED_EDGE ( 'NONE', *, *, #1792, .T. ) ;
#268 = VECTOR ( 'NONE', #800, 1000.000000000000000 ) ;
#269 = ORIENTED_EDGE ( 'NONE', *, *, #5174, .F. ) ;
#270 = VERTEX_POINT ( 'NONE', #1866 ) ;
#271 = DIRECTION ( 'NONE',  ( 0.000000000000000000, 0.000000000000000000, -1.000000000000000000 ) ) ;
#272 = CARTESIAN_POINT ( 'NONE',  ( 86.24663118593872468, 3.000000000000000000, 30.00000000000000000 ) ) ;
#273 = EDGE_CURVE ( 'NONE', #59, #4072, #2760, .T. ) ;
#274 = AXIS2_PLACEMENT_3D ( 'NONE', #1509, #2852, #3271 ) ;
#275 = EDGE_CURVE ( 'NONE', #3339, #3775, #3205, .T. ) ;
#276 = CARTESIAN_POINT ( 'NONE',  ( 16.22999999999997200, 0.000000000000000000, 79.20000000000003126 ) ) ;
#277 = ADVANCED_FACE ( 'NONE', ( #1476 ), #3686, .F. ) ;
#278 = CARTESIAN_POINT ( 'NONE',  ( 15.30514119515825300, 3.000000000000000000, 119.9999999999999716 ) ) ;
#279 = CARTESIAN_POINT ( 'NONE',  ( 28.42844072404627909, 3.000000000000000000, 30.00000000000002842 ) ) ;
#280 = CARTESIAN_POINT ( 'NONE',  ( 60.22999999999996135, 3.000000000000000000, 72.80000000000006821 ) ) ;
#281 = AXIS2_PLACEMENT_3D ( 'NONE', #5043, #4123, #5070 ) ;
#282 = CIRCLE ( 'NONE', #5696, 1.600000000000004086 ) ;
#283 = ORIENTED_EDGE ( 'NONE', *, *, #908, .F. ) ;
#284 = DIRECTION ( 'NONE',  ( 0.000000000000000000, 0.000000000000000000, -1.000000000000000000 ) ) ;
#285 = CARTESIAN_POINT ( 'NONE',  ( 28.42844072404624001, 3.000000000000000000, 119.9999999999999716 ) ) ;
#286 = VECTOR ( 'NONE', #3609, 1000.000000000000000 ) ;
#287 = ORIENTED_EDGE ( 'NONE', *, *, #5606, .F. ) ;
#288 = DIRECTION ( 'NONE',  ( -0.000000000000000000, 1.000000000000000000, -0.000000000000000000 ) ) ;
#289 = VECTOR ( 'NONE', #4576, 1000.000000000000000 ) ;
#290 = VERTEX_POINT ( 'NONE', #4315 ) ;
#291 = AXIS2_PLACEMENT_3D ( 'NONE', #1659, #3482, #2639 ) ;
#292 = CARTESIAN_POINT ( 'NONE',  ( 94.64663118593860247, 3.000000000000000000, -30.00000000000000000 ) ) ;
#293 = ORIENTED_EDGE ( 'NONE', *, *, #2442, .F. ) ;
#294 = ORIENTED_EDGE ( 'NONE', *, *, #2381, .F. ) ;
#295 = PERSON_AND_ORGANIZATION ( #4591, #3204 ) ;
#296 = CARTESIAN_POINT ( 'NONE',  ( 74.64663118593861668, 3.000000000000000000, -54.99999999999992895 ) ) ;
#297 = DIRECTION ( 'NONE',  ( 0.000000000000000000, -1.000000000000000000, 0.000000000000000000 ) ) ;
#298 = EDGE_CURVE ( 'NONE', #724, #4334, #2896, .T. ) ;
#299 = DIRECTION ( 'NONE',  ( 0.000000000000000000, 0.000000000000000000, -1.000000000000000000 ) ) ;
#300 = EDGE_LOOP ( 'NONE', ( #522, #5103, #1731, #2676 ) ) ;
#301 = ORIENTED_EDGE ( 'NONE', *, *, #5060, .F. ) ;
#302 = VECTOR ( 'NONE', #74, 1000.000000000000000 ) ;
#303 = EDGE_LOOP ( 'NONE', ( #3286, #933, #797, #4402 ) ) ;
#304 = FACE_OUTER_BOUND ( 'NONE', #2291, .T. ) ;
#305 = EDGE_CURVE ( 'NONE', #2212, #378, #2491, .T. ) ;
#306 = DIRECTION ( 'NONE',  ( 0.000000000000000000, 0.000000000000000000, 1.000000000000000000 ) ) ;
#307 = DIRECTION ( 'NONE',  ( 0.000000000000000000, 0.000000000000000000, -1.000000000000000000 ) ) ;
#308 = DIRECTION ( 'NONE',  ( 0.000000000000000000, 0.000000000000000000, 1.000000000000000000 ) ) ;
#309 = CARTESIAN_POINT ( 'NONE',  ( 74.22999999999996135, 3.000000000000000000, 79.20000000000005969 ) ) ;
#310 = EDGE_CURVE ( 'NONE', #1903, #1269, #4760, .T. ) ;
#311 = CARTESIAN_POINT ( 'NONE',  ( 159.9999999999999432, 3.000000000000000000, 89.99999999999981526 ) ) ;
#312 = ORIENTED_EDGE ( 'NONE', *, *, #2569, .F. ) ;
#313 = DIRECTION ( 'NONE',  ( -0.000000000000000000, 1.000000000000000000, -0.000000000000000000 ) ) ;
#314 = DIRECTION ( 'NONE',  ( 0.000000000000000000, 0.000000000000000000, -1.000000000000000000 ) ) ;
#315 = ORIENTED_EDGE ( 'NONE', *, *, #1227, .T. ) ;
#316 = CARTESIAN_POINT ( 'NONE',  ( -33.35741419336067537, -7.000000000000000000, 80.24010619321096272 ) ) ;
#317 = ORIENTED_EDGE ( 'NONE', *, *, #5253, .F. ) ;
#318 = CARTESIAN_POINT ( 'NONE',  ( 86.99999999999997158, 3.000000000000000000, 90.00000000000007105 ) ) ;
#319 = VERTEX_POINT ( 'NONE', #1626 ) ;
#320 = EDGE_CURVE ( 'NONE', #3156, #2467, #5323, .T. ) ;
#321 = ORIENTED_EDGE ( 'NONE', *, *, #4228, .T. ) ;
#322 = CARTESIAN_POINT ( 'NONE',  ( 39.99999999999997868, 0.000000000000000000, 120.0000000000000284 ) ) ;
#323 = CARTESIAN_POINT ( 'NONE',  ( -33.35741419336066826, 3.000000000000000000, -44.24010619321096982 ) ) ;
#324 = DIRECTION ( 'NONE',  ( 0.000000000000000000, 0.000000000000000000, 1.000000000000000000 ) ) ;
#325 = ORIENTED_EDGE ( 'NONE', *, *, #2122, .F. ) ;
#326 = VERTEX_POINT ( 'NONE', #1535 ) ;
#327 = CARTESIAN_POINT ( 'NONE',  ( -33.35741419336066826, -7.000000000000000000, -42.64010619321096840 ) ) ;
#328 = CARTESIAN_POINT ( 'NONE',  ( 117.9999999999999432, -0.001000000000000132727, -41.90991885387104787 ) ) ;
#329 = DESIGN_CONTEXT ( 'detailed design', #2803, 'design' ) ;
#330 = DIRECTION ( 'NONE',  ( -1.000000000000000000, 0.000000000000000000, 1.541976423090498838E-16 ) ) ;
#331 = EDGE_CURVE ( 'NONE', #2694, #4108, #612, .T. ) ;
#332 = CARTESIAN_POINT ( 'NONE',  ( 113.7700000000000102, 0.000000000000000000, -80.80000000000006821 ) ) ;
#333 = LINE ( 'NONE', #3578, #532 ) ;
#334 = LINE ( 'NONE', #2572, #1307 ) ;
#335 = EDGE_CURVE ( 'NONE', #2246, #4314, #1517, .T. ) ;
#336 = CARTESIAN_POINT ( 'NONE',  ( 64.64663118593860247, 0.000000000000000000, -29.99999999999986144 ) ) ;
#337 = PLANE ( 'NONE',  #3715 ) ;
#338 = ORIENTED_EDGE ( 'NONE', *, *, #5828, .F. ) ;
#339 = CIRCLE ( 'NONE', #1667, 150.0000000000000000 ) ;
#340 = CARTESIAN_POINT ( 'NONE',  ( 28.42844072404631461, 0.000000000000000000, -30.00000000000002132 ) ) ;
#341 = VERTEX_POINT ( 'NONE', #3863 ) ;
#342 = CARTESIAN_POINT ( 'NONE',  ( 30.22999999999997200, 0.000000000000000000, 72.80000000000005400 ) ) ;
#343 = ORIENTED_EDGE ( 'NONE', *, *, #1764, .F. ) ;
#344 = CIRCLE ( 'NONE', #1775, 1.600000000000004086 ) ;
#345 = CARTESIAN_POINT ( 'NONE',  ( 13.04663118593871118, 3.000000000000000000, 54.99999999999992184 ) ) ;
#346 = VERTEX_POINT ( 'NONE', #5672 ) ;
#347 = VECTOR ( 'NONE', #1045, 1000.000000000000000 ) ;
#348 = EDGE_CURVE ( 'NONE', #4466, #290, #2753, .T. ) ;
#349 = DIRECTION ( 'NONE',  ( -0.000000000000000000, -1.000000000000000000, -0.000000000000000000 ) ) ;
#350 = AXIS2_PLACEMENT_3D ( 'NONE', #1670, #3096, #398 ) ;
#351 = LINE ( 'NONE', #2673, #3527 ) ;
#352 = VECTOR ( 'NONE', #3690, 1000.000000000000000 ) ;
#353 = EDGE_LOOP ( 'NONE', ( #3377, #3532, #2893, #5171 ) ) ;
#354 = ORIENTED_EDGE ( 'NONE', *, *, #4452, .T. ) ;
#355 = VERTEX_POINT ( 'NONE', #170 ) ;
#356 = DIRECTION ( 'NONE',  ( 0.000000000000000000, 1.000000000000000000, -0.000000000000000000 ) ) ;
#357 = CARTESIAN_POINT ( 'NONE',  ( -88.11443819850511261, 0.000000000000000000, 31.30000000000060467 ) ) ;
#358 = AXIS2_PLACEMENT_3D ( 'NONE', #4501, #3692, #5448 ) ;
#359 = EDGE_LOOP ( 'NONE', ( #122, #4386, #2110, #1267 ) ) ;
#360 = LINE ( 'NONE', #2179, #5884 ) ;
#361 = CARTESIAN_POINT ( 'NONE',  ( -12.70414209279596029, 0.000000000000000000, -35.00000000000000711 ) ) ;
#362 = CARTESIAN_POINT ( 'NONE',  ( -115.7144381985055048, 3.001000000000000334, -60.88096124594396485 ) ) ;
#363 = AXIS2_PLACEMENT_3D ( 'NONE', #3598, #4905, #4993 ) ;
#364 = DIRECTION ( 'NONE',  ( -0.000000000000000000, 1.000000000000000000, -0.000000000000000000 ) ) ;
#365 = EDGE_CURVE ( 'NONE', #5261, #4253, #2079, .T. ) ;
#366 = VECTOR ( 'NONE', #2286, 1000.000000000000000 ) ;
#367 = CARTESIAN_POINT ( 'NONE',  ( 117.9999999999999432, -0.001000000000000132727, 42.09008114612898765 ) ) ;
#368 = AXIS2_PLACEMENT_3D ( 'NONE', #4513, #1443, #2359 ) ;
#369 = DIRECTION ( 'NONE',  ( -0.000000000000000000, 1.000000000000000000, -0.000000000000000000 ) ) ;
#370 = ORIENTED_EDGE ( 'NONE', *, *, #680, .T. ) ;
#371 = VECTOR ( 'NONE', #4236, 1000.000000000000000 ) ;
#372 = EDGE_CURVE ( 'NONE', #3994, #5027, #4281, .T. ) ;
#373 = CIRCLE ( 'NONE', #5414, 1.600000000000018074 ) ;
#374 = EDGE_LOOP ( 'NONE', ( #1082, #1156, #5110, #2295 ) ) ;
#375 = DIRECTION ( 'NONE',  ( 0.000000000000000000, 1.000000000000000000, 0.000000000000000000 ) ) ;
#376 = AXIS2_PLACEMENT_3D ( 'NONE', #3753, #2410, #3729 ) ;
#377 = AXIS2_PLACEMENT_3D ( 'NONE', #3559, #375, #3055 ) ;
#378 = VERTEX_POINT ( 'NONE', #3356 ) ;
#379 = CARTESIAN_POINT ( 'NONE',  ( -31.75741419336067395, 0.000000000000000000, -44.24010619321096982 ) ) ;
#380 = ORIENTED_EDGE ( 'NONE', *, *, #2440, .T. ) ;
#381 = EDGE_CURVE ( 'NONE', #3057, #3899, #2870, .T. ) ;
#382 = EDGE_CURVE ( 'NONE', #499, #2754, #5168, .T. ) ;
#383 = DIRECTION ( 'NONE',  ( 0.000000000000000000, 0.000000000000000000, -1.000000000000000000 ) ) ;
#384 = CIRCLE ( 'NONE', #3914, 29.99999999999997868 ) ;
#385 = AXIS2_PLACEMENT_3D ( 'NONE', #4383, #5829, #1338 ) ;
#386 = CARTESIAN_POINT ( 'NONE',  ( 176.5000000000007674, 0.000000000000000000, 43.49999999999834444 ) ) ;
#387 = DIRECTION ( 'NONE',  ( -0.000000000000000000, 1.000000000000000000, -0.000000000000000000 ) ) ;
#388 = ORIENTED_EDGE ( 'NONE', *, *, #5824, .F. ) ;
#389 = ORIENTED_EDGE ( 'NONE', *, *, #889, .F. ) ;
#390 = VECTOR ( 'NONE', #512, 1000.000000000000000 ) ;
#391 = AXIS2_PLACEMENT_3D ( 'NONE', #4148, #68, #5454 ) ;
#392 = FACE_BOUND ( 'NONE', #2679, .T. ) ;
#393 = DIRECTION ( 'NONE',  ( 0.000000000000000000, 0.000000000000000000, -1.000000000000000000 ) ) ;
#394 = ORIENTED_EDGE ( 'NONE', *, *, #3995, .F. ) ;
#395 = DIRECTION ( 'NONE',  ( 0.000000000000000000, 0.000000000000000000, 1.000000000000000000 ) ) ;
#396 = CARTESIAN_POINT ( 'NONE',  ( 89.99999999999997158, 0.000000000000000000, -120.0000000000000284 ) ) ;
#397 = CARTESIAN_POINT ( 'NONE',  ( 73.04663118593860816, 0.000000000000000000, -29.99999999999992895 ) ) ;
#398 = DIRECTION ( 'NONE',  ( -1.000000000000000000, 0.000000000000000000, -2.775557561562891351E-16 ) ) ;
#399 = DIRECTION ( 'NONE',  ( 0.000000000000000000, 1.000000000000000000, 0.000000000000000000 ) ) ;
#400 = FACE_OUTER_BOUND ( 'NONE', #23, .T. ) ;
#401 = LINE ( 'NONE', #3016, #953 ) ;
#402 = ORIENTED_EDGE ( 'NONE', *, *, #1841, .F. ) ;
#403 = EDGE_CURVE ( 'NONE', #2512, #3340, #3329, .T. ) ;
#404 = CARTESIAN_POINT ( 'NONE',  ( -80.71443819850550483, 3.001000000000000334, -62.38096124594397196 ) ) ;
#405 = ORIENTED_EDGE ( 'NONE', *, *, #5253, .T. ) ;
#406 = CARTESIAN_POINT ( 'NONE',  ( -80.71443819850549062, 0.000000000000000000, 63.61903875405599962 ) ) ;
#407 = ADVANCED_FACE ( 'NONE', ( #2457 ), #204, .F. ) ;
#408 = VERTEX_POINT ( 'NONE', #4789 ) ;
#409 = CARTESIAN_POINT ( 'NONE',  ( 96.24663118593872468, 3.001000000000000334, 30.00000000000000000 ) ) ;
#410 = CARTESIAN_POINT ( 'NONE',  ( 96.24663118593872468, 0.000000000000000000, 55.00000000000000000 ) ) ;
#411 = EDGE_CURVE ( 'NONE', #5267, #213, #1117, .T. ) ;
#412 = LINE ( 'NONE', #3991, #4474 ) ;
#413 = VERTEX_POINT ( 'NONE', #1559 ) ;
#414 = ORIENTED_EDGE ( 'NONE', *, *, #1182, .F. ) ;
#415 = ORIENTED_EDGE ( 'NONE', *, *, #2947, .F. ) ;
#416 = CARTESIAN_POINT ( 'NONE',  ( -115.7144381985055048, 3.000000000000000000, -62.38096124594394354 ) ) ;
#417 = CARTESIAN_POINT ( 'NONE',  ( 39.99999999999997158, 0.000000000000000000, -90.00000000000005684 ) ) ;
#418 = EDGE_LOOP ( 'NONE', ( #1806, #3764 ) ) ;
#419 = VERTEX_POINT ( 'NONE', #3384 ) ;
#420 = FACE_OUTER_BOUND ( 'NONE', #1986, .T. ) ;
#421 = CARTESIAN_POINT ( 'NONE',  ( 26.24663118593862521, 0.000000000000000000, -29.99999999999986144 ) ) ;
#422 = CYLINDRICAL_SURFACE ( 'NONE', #2716, 1.600000000000004086 ) ;
#423 = ADVANCED_FACE ( 'NONE', ( #2520 ), #4341, .F. ) ;
#424 = DIRECTION ( 'NONE',  ( 0.000000000000000000, 0.000000000000000000, 1.000000000000000000 ) ) ;
#425 = CARTESIAN_POINT ( 'NONE',  ( -80.71443819850549062, 3.001000000000000334, 65.11903875405599251 ) ) ;
#426 = CYLINDRICAL_SURFACE ( 'NONE', #5568, 1.600000000000004086 ) ;
#427 = CARTESIAN_POINT ( 'NONE',  ( 16.22999999999997200, 0.000000000000000000, 82.40000000000004832 ) ) ;
#428 = EDGE_LOOP ( 'NONE', ( #4580, #4117, #2964, #4259 ) ) ;
#429 = CARTESIAN_POINT ( 'NONE',  ( 99.76999999999999602, 3.000000000000000000, -71.20000000000005969 ) ) ;
#430 = VERTEX_POINT ( 'NONE', #5708 ) ;
#431 = LINE ( 'NONE', #2250, #1331 ) ;
#432 = EDGE_LOOP ( 'NONE', ( #4040, #4944 ) ) ;
#433 = LINE ( 'NONE', #1361, #4387 ) ;
#434 = DIRECTION ( 'NONE',  ( -0.000000000000000000, -1.000000000000000000, -0.000000000000000000 ) ) ;
#435 = ORIENTED_EDGE ( 'NONE', *, *, #243, .F. ) ;
#436 = CIRCLE ( 'NONE', #5382, 1.499999999999994449 ) ;
#437 = EDGE_CURVE ( 'NONE', #5286, #4629, #1181, .T. ) ;
#438 = DIRECTION ( 'NONE',  ( 0.000000000000000000, 0.000000000000000000, 1.000000000000000000 ) ) ;
#439 = AXIS2_PLACEMENT_3D ( 'NONE', #2712, #1288, #1406 ) ;
#440 = ORIENTED_EDGE ( 'NONE', *, *, #992, .F. ) ;
#441 = ORIENTED_EDGE ( 'NONE', *, *, #2664, .F. ) ;
#442 = CARTESIAN_POINT ( 'NONE',  ( 69.76999999999998181, 0.000000000000000000, -72.80000000000005400 ) ) ;
#443 = VECTOR ( 'NONE', #1552, 1000.000000000000000 ) ;
#444 = CARTESIAN_POINT ( 'NONE',  ( 76.24663118593873889, 0.000000000000000000, 54.99999999999992895 ) ) ;
#445 = VERTEX_POINT ( 'NONE', #2223 ) ;
#446 = CIRCLE ( 'NONE', #5773, 1.600000000000004086 ) ;
#447 = ORIENTED_EDGE ( 'NONE', *, *, #310, .F. ) ;
#448 = LINE ( 'NONE', #5477, #3132 ) ;
#449 = AXIS2_PLACEMENT_3D ( 'NONE', #5688, #3400, #3432 ) ;
#450 = DIRECTION ( 'NONE',  ( -0.000000000000000000, -1.000000000000000000, -0.000000000000000000 ) ) ;
#451 = EDGE_CURVE ( 'NONE', #3567, #1513, #4041, .T. ) ;
#452 = CARTESIAN_POINT ( 'NONE',  ( 89.99999999999997158, 3.000000000000000000, -120.0000000000000284 ) ) ;
#453 = EDGE_CURVE ( 'NONE', #3622, #3181, #4426, .T. ) ;
#454 = AXIS2_PLACEMENT_3D ( 'NONE', #2949, #5093, #4681 ) ;
#455 = CC_DESIGN_APPROVAL ( #5853, ( #2163 ) ) ;
#456 = LINE ( 'NONE', #425, #3127 ) ;
#457 = CIRCLE ( 'NONE', #2730, 1.599999999999997202 ) ;
#458 = DIRECTION ( 'NONE',  ( -1.541976423090498838E-16, -0.000000000000000000, -1.000000000000000000 ) ) ;
#459 = FACE_OUTER_BOUND ( 'NONE', #5491, .T. ) ;
#460 = ORIENTED_EDGE ( 'NONE', *, *, #3433, .T. ) ;
#461 = DIRECTION ( 'NONE',  ( 0.000000000000000000, 0.000000000000000000, 1.000000000000000000 ) ) ;
#462 = AXIS2_PLACEMENT_3D ( 'NONE', #2525, #2498, #4406 ) ;
#463 = ORIENTED_EDGE ( 'NONE', *, *, #5467, .T. ) ;
#464 = EDGE_LOOP ( 'NONE', ( #5225, #1891, #1366, #5033 ) ) ;
#465 = DIRECTION ( 'NONE',  ( 1.000000000000000000, 0.000000000000000000, 0.000000000000000000 ) ) ;
#466 = CIRCLE ( 'NONE', #3606, 1.600000000000004086 ) ;
#467 = DIRECTION ( 'NONE',  ( 0.000000000000000000, 0.000000000000000000, 1.000000000000000000 ) ) ;
#468 = CIRCLE ( 'NONE', #942, 1.600000000000004086 ) ;
#469 = ORIENTED_EDGE ( 'NONE', *, *, #2022, .F. ) ;
#470 = CARTESIAN_POINT ( 'NONE',  ( 14.64663118593872326, 3.001000000000000334, 29.99999999999991473 ) ) ;
#471 = EDGE_LOOP ( 'NONE', ( #2021, #3149, #5462, #5614 ) ) ;
#472 = ORIENTED_EDGE ( 'NONE', *, *, #381, .T. ) ;
#473 = FACE_BOUND ( 'NONE', #4052, .T. ) ;
#474 = VECTOR ( 'NONE', #2135, 1000.000000000000000 ) ;
#475 = EDGE_CURVE ( 'NONE', #2973, #2691, #5822, .T. ) ;
#476 = DIRECTION ( 'NONE',  ( 0.000000000000000000, 0.000000000000000000, 1.000000000000000000 ) ) ;
#477 = ORIENTED_EDGE ( 'NONE', *, *, #1151, .T. ) ;
#478 = VECTOR ( 'NONE', #369, 1000.000000000000000 ) ;
#479 = AXIS2_PLACEMENT_3D ( 'NONE', #3362, #4295, #1160 ) ;
#480 = EDGE_LOOP ( 'NONE', ( #2312, #3558, #4343, #287 ) ) ;
#481 = FACE_OUTER_BOUND ( 'NONE', #4568, .T. ) ;
#482 = ADVANCED_FACE ( 'NONE', ( #851 ), #1268, .F. ) ;
#483 = FACE_OUTER_BOUND ( 'NONE', #19, .T. ) ;
#484 = DIRECTION ( 'NONE',  ( -0.000000000000000000, 1.000000000000000000, -0.000000000000000000 ) ) ;
#485 = EDGE_CURVE ( 'NONE', #5282, #3056, #1773, .T. ) ;
#486 = CARTESIAN_POINT ( 'NONE',  ( 24.64663118593873037, 0.000000000000000000, 29.99999999999986144 ) ) ;
#487 = EDGE_CURVE ( 'NONE', #1810, #2728, #3042, .T. ) ;
#489 = ORIENTED_EDGE ( 'NONE', *, *, #1893, .T. ) ;
#488 = PLANE ( 'NONE',  #4821 ) ;
#490 = DIRECTION ( 'NONE',  ( -0.000000000000000000, 1.000000000000000000, -0.000000000000000000 ) ) ;
#491 = FACE_OUTER_BOUND ( 'NONE', #4717, .T. ) ;
#492 = EDGE_LOOP ( 'NONE', ( #2382, #4158, #3986, #5837, #4844 ) ) ;
#493 = VERTEX_POINT ( 'NONE', #4876 ) ;
#494 = DIRECTION ( 'NONE',  ( 0.000000000000000000, 0.000000000000000000, -1.000000000000000000 ) ) ;
#495 = LINE ( 'NONE', #4577, #2274 ) ;
#496 = VERTEX_POINT ( 'NONE', #5735 ) ;
#497 = DIRECTION ( 'NONE',  ( -0.000000000000000000, 1.000000000000000000, -0.000000000000000000 ) ) ;
#498 = ORIENTED_EDGE ( 'NONE', *, *, #3276, .T. ) ;
#499 = VERTEX_POINT ( 'NONE', #2197 ) ;
#500 = DIRECTION ( 'NONE',  ( 0.000000000000000000, 0.000000000000000000, -1.000000000000000000 ) ) ;
#501 = FACE_OUTER_BOUND ( 'NONE', #5425, .T. ) ;
#502 = ORIENTED_EDGE ( 'NONE', *, *, #5759, .T. ) ;
#503 = EDGE_CURVE ( 'NONE', #162, #3475, #5795, .T. ) ;
#504 = EDGE_LOOP ( 'NONE', ( #3203, #4581, #3188, #4851 ) ) ;
#505 = LINE ( 'NONE', #4981, #3615 ) ;
#506 = CARTESIAN_POINT ( 'NONE',  ( 14.64663118593860425, 3.001000000000000334, -54.99999999999992184 ) ) ;
#507 = LINE ( 'NONE', #872, #2262 ) ;
#508 = ADVANCED_FACE ( 'NONE', ( #4456 ), #5793, .F. ) ;
#509 = LINE ( 'NONE', #4960, #2950 ) ;
#511 = ORIENTED_EDGE ( 'NONE', *, *, #3248, .F. ) ;
#510 = FACE_OUTER_BOUND ( 'NONE', #2718, .T. ) ;
#512 = DIRECTION ( 'NONE',  ( -0.000000000000000000, -0.000000000000000000, -1.000000000000000000 ) ) ;
#513 = EDGE_CURVE ( 'NONE', #1432, #5576, #3807, .T. ) ;
#514 = DIRECTION ( 'NONE',  ( -0.000000000000000000, 1.000000000000000000, -0.000000000000000000 ) ) ;
#515 = ORIENTED_EDGE ( 'NONE', *, *, #3444, .F. ) ;
#516 = ORIENTED_EDGE ( 'NONE', *, *, #2346, .T. ) ;
#517 = CARTESIAN_POINT ( 'NONE',  ( -144.7144381985054906, -5.000000000000000000, 31.30000000000029914 ) ) ;
#518 = EDGE_CURVE ( 'NONE', #413, #1952, #2185, .T. ) ;
#519 = CARTESIAN_POINT ( 'NONE',  ( -6.957414193360691002, 0.000000000000000000, 44.24010619321096982 ) ) ;
#520 = ORIENTED_EDGE ( 'NONE', *, *, #5492, .T. ) ;
#521 = DIRECTION ( 'NONE',  ( -0.000000000000000000, -1.000000000000000000, -0.000000000000000000 ) ) ;
#522 = ORIENTED_EDGE ( 'NONE', *, *, #2264, .F. ) ;
#523 = ADVANCED_FACE ( 'NONE', ( #3932 ), #3593, .F. ) ;
#524 = EDGE_LOOP ( 'NONE', ( #530, #2675, #557, #4176, #820 ) ) ;
#525 = CARTESIAN_POINT ( 'NONE',  ( -115.7144381985055048, 0.000000000000000000, -62.38096124594394354 ) ) ;
#526 = FACE_OUTER_BOUND ( 'NONE', #2421, .T. ) ;
#527 = DIRECTION ( 'NONE',  ( 0.000000000000000000, -1.000000000000000000, 0.000000000000000000 ) ) ;
#528 = EDGE_LOOP ( 'NONE', ( #2435, #2783, #2582, #5528 ) ) ;
#529 = ORIENTED_EDGE ( 'NONE', *, *, #5354, .T. ) ;
#530 = ORIENTED_EDGE ( 'NONE', *, *, #5365, .F. ) ;
#531 = LINE ( 'NONE', #1399, #4280 ) ;
#532 = VECTOR ( 'NONE', #4921, 1000.000000000000000 ) ;
#533 = FACE_OUTER_BOUND ( 'NONE', #2846, .T. ) ;
#534 = AXIS2_PLACEMENT_3D ( 'NONE', #5814, #5452, #4891 ) ;
#535 = DIRECTION ( 'NONE',  ( -0.000000000000000000, -1.000000000000000000, -0.000000000000000000 ) ) ;
#536 = AXIS2_PLACEMENT_3D ( 'NONE', #754, #5306, #4479 ) ;
#537 = VECTOR ( 'NONE', #1423, 1000.000000000000000 ) ;
#538 = LINE ( 'NONE', #873, #4746 ) ;
#539 = DIRECTION ( 'NONE',  ( 0.000000000000000000, 0.000000000000000000, 1.000000000000000000 ) ) ;
#540 = LINE ( 'NONE', #1854, #390 ) ;
#541 = AXIS2_PLACEMENT_3D ( 'NONE', #1736, #5275, #2598 ) ;
#542 = DIRECTION ( 'NONE',  ( 0.000000000000000000, 0.000000000000000000, -1.000000000000000000 ) ) ;
#543 = EDGE_CURVE ( 'NONE', #2319, #4049, #3708, .T. ) ;
#544 = CIRCLE ( 'NONE', #2717, 1.600000000000004086 ) ;
#545 = ORIENTED_EDGE ( 'NONE', *, *, #2593, .F. ) ;
#546 = CIRCLE ( 'NONE', #3890, 1.600000000000004086 ) ;
#547 = ORIENTED_EDGE ( 'NONE', *, *, #2693, .T. ) ;
#548 = CARTESIAN_POINT ( 'NONE',  ( 26.24663118593862521, 3.001000000000000334, -29.99999999999986144 ) ) ;
#549 = EDGE_CURVE ( 'NONE', #1155, #1662, #4934, .T. ) ;
#550 = AXIS2_PLACEMENT_3D ( 'NONE', #5556, #118, #1541 ) ;
#551 = CYLINDRICAL_SURFACE ( 'NONE', #1890, 1.600000000000004086 ) ;
#552 = VERTEX_POINT ( 'NONE', #2604 ) ;
#553 = CYLINDRICAL_SURFACE ( 'NONE', #756, 1.600000000000000755 ) ;
#554 = EDGE_CURVE ( 'NONE', #93, #5639, #2162, .T. ) ;
#555 = AXIS2_PLACEMENT_3D ( 'NONE', #3714, #2894, #2423 ) ;
#556 = ORIENTED_EDGE ( 'NONE', *, *, #4240, .T. ) ;
#557 = ORIENTED_EDGE ( 'NONE', *, *, #5424, .F. ) ;
#558 = ADVANCED_FACE ( 'NONE', ( #2632 ), #3145, .F. ) ;
#559 = FACE_BOUND ( 'NONE', #4191, .T. ) ;
#560 = CARTESIAN_POINT ( 'NONE',  ( 15.30514119515825300, 0.000000000000000000, 119.9999999999999716 ) ) ;
#561 = AXIS2_PLACEMENT_3D ( 'NONE', #1049, #218, #1489 ) ;
#562 = VECTOR ( 'NONE', #4549, 1000.000000000000000 ) ;
#563 = ORIENTED_EDGE ( 'NONE', *, *, #5543, .T. ) ;
#564 = EDGE_LOOP ( 'NONE', ( #703, #1991, #477, #4545 ) ) ;
#565 = ORIENTED_EDGE ( 'NONE', *, *, #100, .F. ) ;
#566 = LINE ( 'NONE', #1129, #571 ) ;
#567 = AXIS2_PLACEMENT_3D ( 'NONE', #5536, #2881, #3275 ) ;
#568 = AXIS2_PLACEMENT_3D ( 'NONE', #5498, #3240, #4222 ) ;
#569 = CARTESIAN_POINT ( 'NONE',  ( 86.99999999999997158, 0.000000000000000000, 90.00000000000007105 ) ) ;
#570 = DIRECTION ( 'NONE',  ( 0.000000000000000000, 0.000000000000000000, 1.000000000000000000 ) ) ;
#571 = VECTOR ( 'NONE', #4208, 1000.000000000000000 ) ;
#572 = CIRCLE ( 'NONE', #1618, 1.600000000000004086 ) ;
#573 = PLANE ( 'NONE',  #5788 ) ;
#574 = DIRECTION ( 'NONE',  ( -0.000000000000000000, -1.000000000000000000, -0.000000000000000000 ) ) ;
#575 = CARTESIAN_POINT ( 'NONE',  ( 24.64663118593861313, 3.001000000000000334, -54.99999999999985789 ) ) ;
#576 = CIRCLE ( 'NONE', #2757, 1.600000000000004086 ) ;
#577 = CARTESIAN_POINT ( 'NONE',  ( -88.11443819850511261, -5.000000000000000000, 30.05000000000060822 ) ) ;
#578 = ORIENTED_EDGE ( 'NONE', *, *, #2743, .T. ) ;
#579 = DIRECTION ( 'NONE',  ( 0.7071067811865540120, -0.000000000000000000, 0.7071067811865410224 ) ) ;
#580 = EDGE_LOOP ( 'NONE', ( #2779, #1887, #1470, #4019 ) ) ;
#581 = PRODUCT_RELATED_PRODUCT_CATEGORY ( 'detail', '', ( #5654 ) ) ;
#582 = CARTESIAN_POINT ( 'NONE',  ( 86.24663118593872468, 0.000000000000000000, 30.00000000000000000 ) ) ;
#583 = DIRECTION ( 'NONE',  ( 0.000000000000000000, 0.000000000000000000, 1.000000000000000000 ) ) ;
#584 = EDGE_CURVE ( 'NONE', #3994, #1269, #2111, .T. ) ;
#585 = EDGE_LOOP ( 'NONE', ( #594, #2933, #2942, #1459, #4079 ) ) ;
#586 = CARTESIAN_POINT ( 'NONE',  ( 96.24663118593861100, 3.000000000000000000, -30.00000000000000000 ) ) ;
#587 = ORIENTED_EDGE ( 'NONE', *, *, #5543, .F. ) ;
#588 = ORIENTED_EDGE ( 'NONE', *, *, #3887, .T. ) ;
#589 = CARTESIAN_POINT ( 'NONE',  ( 73.04663118593860816, 0.000000000000000000, -54.99999999999992895 ) ) ;
#590 = DIRECTION ( 'NONE',  ( 0.000000000000000000, 1.000000000000000000, 0.000000000000000000 ) ) ;
#591 = EDGE_CURVE ( 'NONE', #3926, #4253, #3476, .T. ) ;
#592 = LINE ( 'NONE', #560, #2733 ) ;
#593 = CARTESIAN_POINT ( 'NONE',  ( -28.70414209279597628, 0.000000000000000000, 34.99999999999999289 ) ) ;
#594 = ORIENTED_EDGE ( 'NONE', *, *, #4556, .F. ) ;
#595 = ORIENTED_EDGE ( 'NONE', *, *, #5650, .T. ) ;
#596 = VERTEX_POINT ( 'NONE', #3169 ) ;
#597 = DIRECTION ( 'NONE',  ( 0.000000000000000000, 0.000000000000000000, 1.000000000000000000 ) ) ;
#598 = EDGE_CURVE ( 'NONE', #2748, #2278, #431, .T. ) ;
#599 = CARTESIAN_POINT ( 'NONE',  ( -6.957414193360691002, 3.000000000000000000, -44.24010619321096982 ) ) ;
#600 = DIRECTION ( 'NONE',  ( -1.000000000000000000, 0.000000000000000000, -5.551115123125781716E-16 ) ) ;
#601 = CARTESIAN_POINT ( 'NONE',  ( 14.64663118593872326, 3.000000000000000000, 29.99999999999991473 ) ) ;
#602 = ADVANCED_FACE ( 'NONE', ( #4074 ), #880, .F. ) ;
#603 = CARTESIAN_POINT ( 'NONE',  ( 74.64663118593861668, 3.000000000000000000, -29.99999999999992895 ) ) ;
#604 = DIRECTION ( 'NONE',  ( -0.000000000000000000, 1.000000000000000000, -0.000000000000000000 ) ) ;
#605 = CARTESIAN_POINT ( 'NONE',  ( -5.357414193360693133, -7.000000000000000000, -44.24010619321096982 ) ) ;
#606 = VERTEX_POINT ( 'NONE', #3627 ) ;
#607 = DIRECTION ( 'NONE',  ( 0.000000000000000000, 0.000000000000000000, -1.000000000000000000 ) ) ;
#608 = ORIENTED_EDGE ( 'NONE', *, *, #2709, .F. ) ;
#609 = DIRECTION ( 'NONE',  ( 0.000000000000000000, 0.000000000000000000, -1.000000000000000000 ) ) ;
#610 = DIRECTION ( 'NONE',  ( 0.000000000000000000, 0.000000000000000000, -1.000000000000000000 ) ) ;
#611 = ORIENTED_EDGE ( 'NONE', *, *, #3539, .F. ) ;
#612 = LINE ( 'NONE', #3772, #6 ) ;
#613 = ORIENTED_EDGE ( 'NONE', *, *, #3064, .T. ) ;
#614 = ORIENTED_EDGE ( 'NONE', *, *, #3909, .F. ) ;
#615 = PERSON_AND_ORGANIZATION_ROLE ( 'classification_officer' ) ;
#616 = FACE_BOUND ( 'NONE', #1379, .T. ) ;
#617 = CARTESIAN_POINT ( 'NONE',  ( 117.9999999999999432, 3.000000000000000000, 42.09008114612898765 ) ) ;
#618 = ADVANCED_FACE ( 'NONE', ( #2692 ), #1359, .F. ) ;
#619 = DIRECTION ( 'NONE',  ( 0.9848077530122093526, -0.000000000000000000, 0.1736481776669234478 ) ) ;
#620 = ORIENTED_EDGE ( 'NONE', *, *, #4618, .F. ) ;
#621 = ORIENTED_EDGE ( 'NONE', *, *, #803, .T. ) ;
#622 = VERTEX_POINT ( 'NONE', #266 ) ;
#623 = CARTESIAN_POINT ( 'NONE',  ( -34.95741419336067679, 3.000000000000000000, 44.24010619321097693 ) ) ;
#624 = DIRECTION ( 'NONE',  ( 0.000000000000000000, -1.000000000000000000, 0.000000000000000000 ) ) ;
#625 = CARTESIAN_POINT ( 'NONE',  ( 83.04663118593872184, 0.000000000000000000, 55.00000000000000000 ) ) ;
#626 = CIRCLE ( 'NONE', #3192, 1.499999999999994449 ) ;
#627 = CARTESIAN_POINT ( 'NONE',  ( 3.046631185938716957, 3.000000000000000000, 54.99999999999999289 ) ) ;
#628 = ADVANCED_FACE ( 'NONE', ( #1600 ), #1960, .F. ) ;
#629 = VECTOR ( 'NONE', #5692, 1000.000000000000000 ) ;
#630 = CARTESIAN_POINT ( 'NONE',  ( -28.70414209279597628, 3.000000000000000000, 34.99999999999999289 ) ) ;
#631 = DIRECTION ( 'NONE',  ( -0.000000000000000000, -1.000000000000000000, -0.000000000000000000 ) ) ;
#632 = ADVANCED_FACE ( 'NONE', ( #3873 ), #3816, .F. ) ;
#633 = CARTESIAN_POINT ( 'NONE',  ( -12.70414209279596740, 0.000000000000000000, 34.99999999999999289 ) ) ;
#634 = EDGE_CURVE ( 'NONE', #2424, #59, #5132, .T. ) ;
#635 = AXIS2_PLACEMENT_3D ( 'NONE', #2093, #5719, #3461 ) ;
#636 = ORIENTED_EDGE ( 'NONE', *, *, #1977, .F. ) ;
#637 = LINE ( 'NONE', #5255, #5233 ) ;
#638 = AXIS2_PLACEMENT_3D ( 'NONE', #1643, #5337, #2149 ) ;
#639 = CARTESIAN_POINT ( 'NONE',  ( 16.22999999999997200, 0.000000000000000000, 80.80000000000003979 ) ) ;
#640 = ORIENTED_EDGE ( 'NONE', *, *, #3590, .F. ) ;
#641 = CARTESIAN_POINT ( 'NONE',  ( 55.76999999999998181, 3.000000000000000000, -80.80000000000005400 ) ) ;
#642 = ORIENTED_EDGE ( 'NONE', *, *, #4705, .T. ) ;
#643 = CARTESIAN_POINT ( 'NONE',  ( 55.76999999999998181, 0.000000000000000000, -82.40000000000006253 ) ) ;
#644 = VERTEX_POINT ( 'NONE', #2877 ) ;
#645 = ORIENTED_EDGE ( 'NONE', *, *, #3870, .F. ) ;
#646 = VECTOR ( 'NONE', #3455, 1000.000000000000000 ) ;
#647 = CALENDAR_DATE ( 2026, 29, 7 ) ;
#648 = FACE_BOUND ( 'NONE', #180, .T. ) ;
#649 = CYLINDRICAL_SURFACE ( 'NONE', #80, 1.600000000000004086 ) ;
#650 = DIRECTION ( 'NONE',  ( -0.000000000000000000, -1.000000000000000000, -0.000000000000000000 ) ) ;
#651 = AXIS2_PLACEMENT_3D ( 'NONE', #1059, #4220, #167 ) ;
#652 = EDGE_CURVE ( 'NONE', #997, #4691, #5714, .T. ) ;
#653 = EDGE_LOOP ( 'NONE', ( #5408, #1625, #222, #1239 ) ) ;
#654 = EDGE_LOOP ( 'NONE', ( #3194, #231, #2785, #160 ) ) ;
#655 = EDGE_LOOP ( 'NONE', ( #4289, #2627 ) ) ;
#656 = CARTESIAN_POINT ( 'NONE',  ( 42.99999999999992184, 0.000000000000000000, 90.00000000000005684 ) ) ;
#657 = EDGE_CURVE ( 'NONE', #4629, #2962, #1143, .T. ) ;
#658 = CYLINDRICAL_SURFACE ( 'NONE', #2443, 1.600000000000004086 ) ;
#659 = AXIS2_PLACEMENT_3D ( 'NONE', #486, #2324, #986 ) ;
#660 = CARTESIAN_POINT ( 'NONE',  ( 89.99999999999997158, 3.000000000000000000, -93.00000000000007105 ) ) ;
#661 = CIRCLE ( 'NONE', #3515, 1.600000000000004086 ) ;
#662 = EDGE_CURVE ( 'NONE', #3452, #687, #2466, .T. ) ;
#663 = AXIS2_PLACEMENT_3D ( 'NONE', #292, #2550, #1295 ) ;
#664 = DIRECTION ( 'NONE',  ( -0.000000000000000000, -1.000000000000000000, -0.000000000000000000 ) ) ;
#665 = PLANE ( 'NONE',  #3387 ) ;
#666 = DIRECTION ( 'NONE',  ( 0.000000000000000000, 0.000000000000000000, -1.000000000000000000 ) ) ;
#667 = DIRECTION ( 'NONE',  ( -0.7071067811865474617, 0.000000000000000000, -0.7071067811865474617 ) ) ;
#668 = EDGE_CURVE ( 'NONE', #3165, #3176, #4759, .T. ) ;
#669 = CIRCLE ( 'NONE', #2758, 1.600000000000004086 ) ;
#670 = ORIENTED_EDGE ( 'NONE', *, *, #2307, .F. ) ;
#671 = DIRECTION ( 'NONE',  ( 0.000000000000000000, 0.000000000000000000, -1.000000000000000000 ) ) ;
#672 = CIRCLE ( 'NONE', #1131, 1.600000000000004086 ) ;
#673 = DIRECTION ( 'NONE',  ( -0.000000000000000000, 1.000000000000000000, -0.000000000000000000 ) ) ;
#674 = VERTEX_POINT ( 'NONE', #4730 ) ;
#675 = DIRECTION ( 'NONE',  ( 1.000000000000000000, 0.000000000000000000, 0.000000000000000000 ) ) ;
#676 = ORIENTED_EDGE ( 'NONE', *, *, #1685, .F. ) ;
#677 = CARTESIAN_POINT ( 'NONE',  ( -34.95741419336068390, 3.000000000000000000, 44.24010619321097693 ) ) ;
#678 = ORIENTED_EDGE ( 'NONE', *, *, #1086, .T. ) ;
#679 = ORIENTED_EDGE ( 'NONE', *, *, #1690, .F. ) ;
#680 = EDGE_CURVE ( 'NONE', #238, #1513, #3456, .T. ) ;
#681 = APPLICATION_PROTOCOL_DEFINITION ( 'international standard', 'config_control_design', 1994, #2803 ) ;
#682 = CARTESIAN_POINT ( 'NONE',  ( 113.7700000000000102, 3.000000000000000000, -80.80000000000006821 ) ) ;
#683 = AXIS2_PLACEMENT_3D ( 'NONE', #5712, #1630, #5264 ) ;
#684 = DIRECTION ( 'NONE',  ( -0.000000000000000000, -1.000000000000000000, -0.000000000000000000 ) ) ;
#685 = DIRECTION ( 'NONE',  ( 0.000000000000000000, 0.000000000000000000, -1.000000000000000000 ) ) ;
#686 = VERTEX_POINT ( 'NONE', #2431 ) ;
#687 = VERTEX_POINT ( 'NONE', #2025 ) ;
#688 = ORIENTED_EDGE ( 'NONE', *, *, #5024, .F. ) ;
#689 = FACE_OUTER_BOUND ( 'NONE', #1727, .T. ) ;
#690 = CARTESIAN_POINT ( 'NONE',  ( -80.71443819850549062, 3.001000000000000334, 62.11903875405601383 ) ) ;
#691 = CARTESIAN_POINT ( 'NONE',  ( -34.95741419336068390, 0.000000000000000000, 90.00000000000000000 ) ) ;
#692 = DIRECTION ( 'NONE',  ( -0.000000000000000000, -1.000000000000000000, -0.000000000000000000 ) ) ;
#693 = CARTESIAN_POINT ( 'NONE',  ( 63.04663118593860105, 0.000000000000000000, -54.99999999999986500 ) ) ;
#694 = LINE ( 'NONE', #220, #2151 ) ;
#695 = LINE ( 'NONE', #5661, #4819 ) ;
#696 = ADVANCED_FACE ( 'NONE', ( #4258 ), #2406, .F. ) ;
#697 = ORIENTED_EDGE ( 'NONE', *, *, #4919, .T. ) ;
#698 = EDGE_CURVE ( 'NONE', #4365, #3626, #4767, .T. ) ;
#699 = FACE_OUTER_BOUND ( 'NONE', #2048, .T. ) ;
#700 = DIRECTION ( 'NONE',  ( -0.000000000000000000, -1.000000000000000000, -0.000000000000000000 ) ) ;
#701 = ORIENTED_EDGE ( 'NONE', *, *, #4122, .F. ) ;
#702 = DIRECTION ( 'NONE',  ( -0.000000000000000000, -1.000000000000000000, -0.000000000000000000 ) ) ;
#703 = ORIENTED_EDGE ( 'NONE', *, *, #2386, .F. ) ;
#704 = CARTESIAN_POINT ( 'NONE',  ( 6.246631185938614550, 3.000000000000000000, -54.99999999999999289 ) ) ;
#705 = ORIENTED_EDGE ( 'NONE', *, *, #4228, .F. ) ;
#706 = EDGE_LOOP ( 'NONE', ( #2269, #4607, #4557, #5262 ) ) ;
#707 = EDGE_CURVE ( 'NONE', #93, #346, #177, .T. ) ;
#708 =( NAMED_UNIT ( * ) SI_UNIT ( $, .STERADIAN. ) SOLID_ANGLE_UNIT ( ) );
#709 = DIRECTION ( 'NONE',  ( -0.000000000000000000, -1.000000000000000000, -0.000000000000000000 ) ) ;
#710 = EDGE_CURVE ( 'NONE', #1355, #5675, #2970, .T. ) ;
#711 = CARTESIAN_POINT ( 'NONE',  ( 94.64663118593871616, 0.000000000000000000, 28.39999999999999503 ) ) ;
#712 = CARTESIAN_POINT ( 'NONE',  ( -145.3644381985056953, -4.235164736271501695E-19, 14.00000000000000178 ) ) ;
#713 = EDGE_CURVE ( 'NONE', #5500, #4334, #1124, .T. ) ;
#714 = ORIENTED_EDGE ( 'NONE', *, *, #5164, .T. ) ;
#715 = VERTEX_POINT ( 'NONE', #5621 ) ;
#716 = ORIENTED_EDGE ( 'NONE', *, *, #4046, .T. ) ;
#717 = CARTESIAN_POINT ( 'NONE',  ( 131.9999999999999432, 0.000000000000000000, -41.90991885387104787 ) ) ;
#718 = DIRECTION ( 'NONE',  ( 0.000000000000000000, 0.000000000000000000, 1.000000000000000000 ) ) ;
#719 = CARTESIAN_POINT ( 'NONE',  ( 74.64663118593861668, 3.001000000000000334, -29.99999999999992895 ) ) ;
#720 = LINE ( 'NONE', #4362, #5765 ) ;
#721 = DIRECTION ( 'NONE',  ( -0.000000000000000000, -1.000000000000000000, -0.000000000000000000 ) ) ;
#722 = CARTESIAN_POINT ( 'NONE',  ( 131.9999999999999432, -0.001000000000000132727, -41.90991885387104787 ) ) ;
#723 = AXIS2_PLACEMENT_3D ( 'NONE', #1170, #721, #3405 ) ;
#724 = VERTEX_POINT ( 'NONE', #712 ) ;
#725 = AXIS2_PLACEMENT_3D ( 'NONE', #5659, #3491, #2099 ) ;
#726 = CARTESIAN_POINT ( 'NONE',  ( 94.64663118593860247, 3.001000000000000334, -55.00000000000000000 ) ) ;
#727 = CARTESIAN_POINT ( 'NONE',  ( -80.71443819850549062, 3.000000000000000000, 65.11903875405599251 ) ) ;
#728 = AXIS2_PLACEMENT_3D ( 'NONE', #4507, #4057, #3613 ) ;
#729 = VERTEX_POINT ( 'NONE', #3392 ) ;
#730 = ADVANCED_FACE ( 'NONE', ( #1996 ), #1542, .T. ) ;
#731 = AXIS2_PLACEMENT_3D ( 'NONE', #1614, #3438, #780 ) ;
#732 = DIRECTION ( 'NONE',  ( -0.000000000000000000, 1.000000000000000000, -0.000000000000000000 ) ) ;
#733 = ORIENTED_EDGE ( 'NONE', *, *, #273, .F. ) ;
#734 = CARTESIAN_POINT ( 'NONE',  ( 28.42844072404624356, 3.000000000000000000, 119.9999999999999716 ) ) ;
#735 = EDGE_CURVE ( 'NONE', #729, #5200, #4322, .T. ) ;
#736 = ORIENTED_EDGE ( 'NONE', *, *, #228, .F. ) ;
#737 = ORIENTED_EDGE ( 'NONE', *, *, #1438, .T. ) ;
#738 = COORDINATED_UNIVERSAL_TIME_OFFSET ( 8, 0, .AHEAD. ) ;
#739 = DIRECTION ( 'NONE',  ( -1.927470528863119542E-16, 0.000000000000000000, -1.000000000000000000 ) ) ;
#740 = CARTESIAN_POINT ( 'NONE',  ( 117.9999999999999432, 3.000000000000000000, -43.50991885387105640 ) ) ;
#741 = DIRECTION ( 'NONE',  ( 0.000000000000000000, 1.000000000000000000, -0.000000000000000000 ) ) ;
#742 = EDGE_LOOP ( 'NONE', ( #547, #321, #2854, #2296, #4694 ) ) ;
#743 = ADVANCED_FACE ( 'NONE', ( #3566 ), #4881, .F. ) ;
#744 = VECTOR ( 'NONE', #4864, 1000.000000000000000 ) ;
#745 = ORIENTED_EDGE ( 'NONE', *, *, #4264, .F. ) ;
#746 = ORIENTED_EDGE ( 'NONE', *, *, #2331, .T. ) ;
#747 = CARTESIAN_POINT ( 'NONE',  ( 113.7700000000000102, 0.000000000000000000, -79.20000000000005969 ) ) ;
#748 = LINE ( 'NONE', #5776, #3597 ) ;
#749 = VECTOR ( 'NONE', #2937, 1000.000000000000000 ) ;
#750 = FACE_OUTER_BOUND ( 'NONE', #8, .T. ) ;
#751 = AXIS2_PLACEMENT_3D ( 'NONE', #4719, #996, #1985 ) ;
#752 = LINE ( 'NONE', #4393, #159 ) ;
#753 = CARTESIAN_POINT ( 'NONE',  ( 64.64663118593871616, 0.000000000000000000, 54.99999999999986500 ) ) ;
#754 = CARTESIAN_POINT ( 'NONE',  ( -125.7144381985055333, 3.000000000000000000, -64.67164498816627827 ) ) ;
#755 = AXIS2_PLACEMENT_3D ( 'NONE', #3092, #4867, #1612 ) ;
#756 = AXIS2_PLACEMENT_3D ( 'NONE', #470, #1902, #1 ) ;
#757 = VERTEX_POINT ( 'NONE', #4407 ) ;
#758 = DIRECTION ( 'NONE',  ( -0.000000000000000000, -1.000000000000000000, -0.000000000000000000 ) ) ;
#759 = LINE ( 'NONE', #2219, #864 ) ;
#760 = AXIS2_PLACEMENT_3D ( 'NONE', #3367, #4771, #1914 ) ;
#761 = AXIS2_PLACEMENT_3D ( 'NONE', #2313, #28, #1839 ) ;
#762 = ORIENTED_EDGE ( 'NONE', *, *, #5343, .F. ) ;
#763 = DIRECTION ( 'NONE',  ( -0.000000000000000000, -1.000000000000000000, -0.000000000000000000 ) ) ;
#764 = AXIS2_PLACEMENT_3D ( 'NONE', #1745, #240, #5881 ) ;
#765 = VERTEX_POINT ( 'NONE', #1748 ) ;
#766 = VECTOR ( 'NONE', #313, 1000.000000000000000 ) ;
#767 = DIRECTION ( 'NONE',  ( -0.000000000000000000, -1.000000000000000000, -0.000000000000000000 ) ) ;
#768 = VERTEX_POINT ( 'NONE', #1248 ) ;
#769 = ORIENTED_EDGE ( 'NONE', *, *, #3974, .T. ) ;
#770 = CARTESIAN_POINT ( 'NONE',  ( -28.70414209279597983, 3.000000000000000000, 34.99999999999999289 ) ) ;
#771 = LINE ( 'NONE', #1779, #2288 ) ;
#772 = ADVANCED_FACE ( 'NONE', ( #4022 ), #5293, .F. ) ;
#773 = LINE ( 'NONE', #860, #849 ) ;
#774 = ORIENTED_EDGE ( 'NONE', *, *, #3725, .T. ) ;
#775 = ORIENTED_EDGE ( 'NONE', *, *, #2236, .T. ) ;
#776 = ADVANCED_FACE ( 'NONE', ( #3059 ), #5802, .F. ) ;
#777 = CARTESIAN_POINT ( 'NONE',  ( -80.71443819850550483, 3.000000000000000000, -62.38096124594397196 ) ) ;
#778 = DIRECTION ( 'NONE',  ( 0.000000000000000000, 0.000000000000000000, 1.000000000000000000 ) ) ;
#779 = DIRECTION ( 'NONE',  ( 0.000000000000000000, 0.000000000000000000, 1.000000000000000000 ) ) ;
#780 = DIRECTION ( 'NONE',  ( 0.000000000000000000, 0.000000000000000000, -1.000000000000000000 ) ) ;
#781 = LINE ( 'NONE', #2596, #5285 ) ;
#782 = PLANE ( 'NONE',  #541 ) ;
#783 = EDGE_CURVE ( 'NONE', #2315, #238, #4001, .T. ) ;
#784 = CARTESIAN_POINT ( 'NONE',  ( 6.246631185938738895, 0.000000000000000000, 29.99999999999998579 ) ) ;
#785 = FACE_OUTER_BOUND ( 'NONE', #994, .T. ) ;
#786 = ORIENTED_EDGE ( 'NONE', *, *, #2145, .T. ) ;
#787 = CYLINDRICAL_SURFACE ( 'NONE', #3316, 1.600000000000018074 ) ;
#788 = EDGE_LOOP ( 'NONE', ( #5805, #4910, #120, #736 ) ) ;
#789 = DIRECTION ( 'NONE',  ( -0.000000000000000000, -1.000000000000000000, -0.000000000000000000 ) ) ;
#790 = ORIENTED_EDGE ( 'NONE', *, *, #119, .T. ) ;
#791 = LINE ( 'NONE', #4492, #2471 ) ;
#792 = ORIENTED_EDGE ( 'NONE', *, *, #2487, .F. ) ;
#793 = CARTESIAN_POINT ( 'NONE',  ( 73.04663118593872184, 3.001000000000000334, 54.99999999999992895 ) ) ;
#794 = DIRECTION ( 'NONE',  ( 1.000000000000000000, 0.000000000000000000, 0.000000000000000000 ) ) ;
#795 = CARTESIAN_POINT ( 'NONE',  ( 4.646631185938734809, 0.000000000000000000, 29.99999999999998579 ) ) ;
#796 = ORIENTED_EDGE ( 'NONE', *, *, #1109, .T. ) ;
#797 = ORIENTED_EDGE ( 'NONE', *, *, #1944, .F. ) ;
#798 = FACE_BOUND ( 'NONE', #3357, .T. ) ;
#799 = ADVANCED_FACE ( 'NONE', ( #1302 ), #3599, .F. ) ;
#800 = DIRECTION ( 'NONE',  ( -0.000000000000000000, 1.000000000000000000, -0.000000000000000000 ) ) ;
#801 = ORIENTED_EDGE ( 'NONE', *, *, #2636, .F. ) ;
#802 = FACE_OUTER_BOUND ( 'NONE', #5796, .T. ) ;
#803 = EDGE_CURVE ( 'NONE', #4548, #5282, #4941, .T. ) ;
#804 = DIRECTION ( 'NONE',  ( 0.000000000000000000, 0.000000000000000000, 1.000000000000000000 ) ) ;
#805 = DIRECTION ( 'NONE',  ( 0.000000000000000000, 0.000000000000000000, -1.000000000000000000 ) ) ;
#806 = CYLINDRICAL_SURFACE ( 'NONE', #2544, 1.600000000000004086 ) ;
#807 = EDGE_CURVE ( 'NONE', #4197, #3537, #859, .T. ) ;
#808 = LINE ( 'NONE', #2186, #5048 ) ;
#809 = EDGE_CURVE ( 'NONE', #4468, #1514, #2851, .T. ) ;
#810 = FACE_OUTER_BOUND ( 'NONE', #850, .T. ) ;
#811 = ORIENTED_EDGE ( 'NONE', *, *, #125, .F. ) ;
#812 = DIRECTION ( 'NONE',  ( 0.000000000000000000, -1.000000000000000000, 0.000000000000000000 ) ) ;
#813 = AXIS2_PLACEMENT_3D ( 'NONE', #5723, #3970, #5749 ) ;
#814 = EDGE_CURVE ( 'NONE', #1080, #2172, #669, .T. ) ;
#815 = VERTEX_POINT ( 'NONE', #3510 ) ;
#816 = DIRECTION ( 'NONE',  ( -2.312964634635744929E-16, -0.000000000000000000, 1.000000000000000000 ) ) ;
#817 = ORIENTED_EDGE ( 'NONE', *, *, #4290, .T. ) ;
#818 = VECTOR ( 'NONE', #604, 1000.000000000000000 ) ;
#819 = DIRECTION ( 'NONE',  ( 0.000000000000000000, -1.000000000000000000, 0.000000000000000000 ) ) ;
#820 = ORIENTED_EDGE ( 'NONE', *, *, #5877, .F. ) ;
#821 = AXIS2_PLACEMENT_3D ( 'NONE', #3730, #5155, #124 ) ;
#822 = FACE_OUTER_BOUND ( 'NONE', #4075, .T. ) ;
#823 = AXIS2_PLACEMENT_3D ( 'NONE', #191, #2010, #3827 ) ;
#824 = DIRECTION ( 'NONE',  ( -0.000000000000000000, -1.000000000000000000, -0.000000000000000000 ) ) ;
#825 = CIRCLE ( 'NONE', #3012, 1.600000000000018074 ) ;
#826 = CARTESIAN_POINT ( 'NONE',  ( 74.22999999999996135, 3.000000000000000000, 80.80000000000006821 ) ) ;
#827 = ORIENTED_EDGE ( 'NONE', *, *, #4708, .T. ) ;
#828 = ORIENTED_EDGE ( 'NONE', *, *, #1038, .T. ) ;
#829 = VECTOR ( 'NONE', #3732, 1000.000000000000000 ) ;
#830 = DIRECTION ( 'NONE',  ( -0.000000000000000000, -1.000000000000000000, -0.000000000000000000 ) ) ;
#831 = DIRECTION ( 'NONE',  ( 0.000000000000000000, 0.000000000000000000, 1.000000000000000000 ) ) ;
#832 = CIRCLE ( 'NONE', #2355, 1.599999999999997202 ) ;
#833 = EDGE_CURVE ( 'NONE', #213, #4945, #351, .T. ) ;
#834 = VERTEX_POINT ( 'NONE', #5854 ) ;
#835 = DIRECTION ( 'NONE',  ( -0.000000000000000000, -1.000000000000000000, -0.000000000000000000 ) ) ;
#836 = CARTESIAN_POINT ( 'NONE',  ( 16.22999999999997200, 0.000000000000000000, 80.80000000000003979 ) ) ;
#837 = CARTESIAN_POINT ( 'NONE',  ( 76.24663118593873889, 0.000000000000000000, 54.99999999999992895 ) ) ;
#838 = AXIS2_PLACEMENT_3D ( 'NONE', #5119, #1036, #1455 ) ;
#839 = LINE ( 'NONE', #3493, #3778 ) ;
#840 = EDGE_CURVE ( 'NONE', #419, #4206, #4293, .T. ) ;
#841 = AXIS2_PLACEMENT_3D ( 'NONE', #3538, #5022, #5464 ) ;
#842 = CARTESIAN_POINT ( 'NONE',  ( -75.12344610756727548, 3.001000000000000334, 12.50000000000000178 ) ) ;
#843 = DIRECTION ( 'NONE',  ( 0.000000000000000000, 0.000000000000000000, 1.000000000000000000 ) ) ;
#844 = CARTESIAN_POINT ( 'NONE',  ( 117.9999999999999432, 0.000000000000000000, 40.49008114612894360 ) ) ;
#845 = EDGE_CURVE ( 'NONE', #5850, #724, #412, .T. ) ;
#846 = ORIENTED_EDGE ( 'NONE', *, *, #2011, .T. ) ;
#847 = CARTESIAN_POINT ( 'NONE',  ( 66.24663118593872468, 3.000000000000000000, 29.99999999999986144 ) ) ;
#848 = AXIS2_PLACEMENT_3D ( 'NONE', #601, #4776, #2478 ) ;
#849 = VECTOR ( 'NONE', #1725, 1000.000000000000000 ) ;
#850 = EDGE_LOOP ( 'NONE', ( #502, #887, #4997, #2020 ) ) ;
#851 = FACE_OUTER_BOUND ( 'NONE', #3451, .T. ) ;
#852 = AXIS2_PLACEMENT_3D ( 'NONE', #1061, #3837, #4287 ) ;
#853 = ORIENTED_EDGE ( 'NONE', *, *, #1762, .F. ) ;
#854 = DIRECTION ( 'NONE',  ( -0.000000000000000000, 1.000000000000000000, -0.000000000000000000 ) ) ;
#855 = AXIS2_PLACEMENT_3D ( 'NONE', #4596, #514, #5520 ) ;
#856 = CARTESIAN_POINT ( 'NONE',  ( -115.7144381985054906, 3.000000000000000000, 65.11903875405600672 ) ) ;
#857 = CIRCLE ( 'NONE', #4189, 1.600000000000004086 ) ;
#858 = AXIS2_PLACEMENT_3D ( 'NONE', #5610, #3350, #4714 ) ;
#859 = LINE ( 'NONE', #5324, #3048 ) ;
#860 = CARTESIAN_POINT ( 'NONE',  ( 66.24663118593872468, 3.001000000000000334, 54.99999999999986500 ) ) ;
#861 = ORIENTED_EDGE ( 'NONE', *, *, #3828, .T. ) ;
#862 = EDGE_CURVE ( 'NONE', #5832, #496, #4045, .T. ) ;
#863 = VERTEX_POINT ( 'NONE', #3084 ) ;
#864 = VECTOR ( 'NONE', #1647, 1000.000000000000000 ) ;
#865 = FACE_BOUND ( 'NONE', #4512, .T. ) ;
#866 = DIRECTION ( 'NONE',  ( 2.312964634635744929E-16, 0.000000000000000000, 1.000000000000000000 ) ) ;
#867 = ORIENTED_EDGE ( 'NONE', *, *, #1401, .F. ) ;
#868 = ORIENTED_EDGE ( 'NONE', *, *, #543, .T. ) ;
#869 = DIRECTION ( 'NONE',  ( 0.000000000000000000, 0.000000000000000000, -1.000000000000000000 ) ) ;
#870 = LINE ( 'NONE', #2682, #4826 ) ;
#871 = CYLINDRICAL_SURFACE ( 'NONE', #728, 1.600000000000004086 ) ;
#872 = CARTESIAN_POINT ( 'NONE',  ( 63.04663118593860105, 3.000000000000000000, -54.99999999999986500 ) ) ;
#873 = CARTESIAN_POINT ( 'NONE',  ( 3.046631185938605935, 3.001000000000000334, -54.99999999999999289 ) ) ;
#874 = FACE_OUTER_BOUND ( 'NONE', #5742, .T. ) ;
#875 = CARTESIAN_POINT ( 'NONE',  ( 94.64663118593860247, 3.001000000000000334, -55.00000000000000000 ) ) ;
#876 = ORIENTED_EDGE ( 'NONE', *, *, #3882, .T. ) ;
#877 = CARTESIAN_POINT ( 'NONE',  ( 39.99999999999997158, 0.000000000000000000, -90.00000000000005684 ) ) ;
#878 = EDGE_CURVE ( 'NONE', #1007, #2869, #771, .T. ) ;
#879 = ORIENTED_EDGE ( 'NONE', *, *, #1686, .T. ) ;
#880 = PLANE ( 'NONE',  #4658 ) ;
#881 = ORIENTED_EDGE ( 'NONE', *, *, #5824, .T. ) ;
#882 = CARTESIAN_POINT ( 'NONE',  ( 14.64663118593860425, 3.001000000000000334, -54.99999999999992184 ) ) ;
#883 = FACE_OUTER_BOUND ( 'NONE', #4723, .T. ) ;
#884 = ORIENTED_EDGE ( 'NONE', *, *, #889, .T. ) ;
#885 = DIRECTION ( 'NONE',  ( 0.000000000000000000, 0.000000000000000000, 1.000000000000000000 ) ) ;
#886 = EDGE_CURVE ( 'NONE', #238, #4375, #4906, .T. ) ;
#887 = ORIENTED_EDGE ( 'NONE', *, *, #5511, .T. ) ;
#888 = ORIENTED_EDGE ( 'NONE', *, *, #2623, .F. ) ;
#889 = EDGE_CURVE ( 'NONE', #290, #1088, #1426, .T. ) ;
#890 = FACE_BOUND ( 'NONE', #5623, .T. ) ;
#891 = CARTESIAN_POINT ( 'NONE',  ( 96.24663118593872468, 3.000000000000000000, 30.00000000000000000 ) ) ;
#892 = EDGE_CURVE ( 'NONE', #999, #5261, #4463, .T. ) ;
#893 = ORIENTED_EDGE ( 'NONE', *, *, #382, .F. ) ;
#894 = ORIENTED_EDGE ( 'NONE', *, *, #4628, .T. ) ;
#895 = CYLINDRICAL_SURFACE ( 'NONE', #4752, 1.600000000000004086 ) ;
#896 = CARTESIAN_POINT ( 'NONE',  ( 83.04663118593860816, 3.001000000000000334, -55.00000000000000000 ) ) ;
#897 = CARTESIAN_POINT ( 'NONE',  ( -33.35741419336066826, 0.000000000000000000, 44.24010619321096982 ) ) ;
#898 = DIRECTION ( 'NONE',  ( 0.000000000000000000, 0.000000000000000000, -1.000000000000000000 ) ) ;
#899 = DIRECTION ( 'NONE',  ( 0.000000000000000000, -1.000000000000000000, 0.000000000000000000 ) ) ;
#900 = DIRECTION ( 'NONE',  ( 0.000000000000000000, 1.000000000000000000, 0.000000000000000000 ) ) ;
#901 = ORIENTED_EDGE ( 'NONE', *, *, #5460, .T. ) ;
#902 = FACE_OUTER_BOUND ( 'NONE', #2160, .T. ) ;
#903 = ORIENTED_EDGE ( 'NONE', *, *, #4815, .F. ) ;
#904 = ORIENTED_EDGE ( 'NONE', *, *, #5362, .T. ) ;
#905 = ADVANCED_FACE ( 'NONE', ( #3798 ), #2890, .F. ) ;
#906 = DIRECTION ( 'NONE',  ( -0.000000000000000000, -1.000000000000000000, -0.000000000000000000 ) ) ;
#907 = FACE_OUTER_BOUND ( 'NONE', #913, .T. ) ;
#908 = EDGE_CURVE ( 'NONE', #3956, #997, #4217, .T. ) ;
#909 = ORIENTED_EDGE ( 'NONE', *, *, #668, .T. ) ;
#910 = AXIS2_PLACEMENT_3D ( 'NONE', #5251, #2508, #2862 ) ;
#911 = LINE ( 'NONE', #5466, #3229 ) ;
#912 = AXIS2_PLACEMENT_3D ( 'NONE', #3759, #574, #5569 ) ;
#913 = EDGE_LOOP ( 'NONE', ( #1560, #5584, #2521, #5760 ) ) ;
#914 = VERTEX_POINT ( 'NONE', #1081 ) ;
#915 = FACE_BOUND ( 'NONE', #655, .T. ) ;
#916 = ADVANCED_FACE ( 'NONE', ( #1174 ), #2513, .F. ) ;
#917 = VECTOR ( 'NONE', #667, 1000.000000000000114 ) ;
#918 = CYLINDRICAL_SURFACE ( 'NONE', #1885, 1.600000000000004086 ) ;
#919 = EDGE_CURVE ( 'NONE', #2985, #2786, #1711, .T. ) ;
#920 = ORIENTED_EDGE ( 'NONE', *, *, #437, .F. ) ;
#921 = ORIENTED_EDGE ( 'NONE', *, *, #1273, .F. ) ;
#922 = CARTESIAN_POINT ( 'NONE',  ( 64.64663118593871616, 0.000000000000000000, 29.99999999999986144 ) ) ;
#923 = VECTOR ( 'NONE', #5655, 1000.000000000000000 ) ;
#924 = CARTESIAN_POINT ( 'NONE',  ( 117.9999999999999432, 3.000000000000000000, 43.69008114612902460 ) ) ;
#925 = DIRECTION ( 'NONE',  ( 1.000000000000000000, 0.000000000000000000, -1.156482317317871725E-16 ) ) ;
#926 = CIRCLE ( 'NONE', #3406, 1.600000000000004086 ) ;
#927 = SECURITY_CLASSIFICATION ( '', '', #3388 ) ;
#928 = CARTESIAN_POINT ( 'NONE',  ( -45.71443819850548351, 0.000000000000000000, 65.11903875405600672 ) ) ;
#929 = AXIS2_PLACEMENT_3D ( 'NONE', #209, #3815, #2901 ) ;
#931 = VERTEX_POINT ( 'NONE', #2484 ) ;
#930 = CARTESIAN_POINT ( 'NONE',  ( 6.246631185938617215, 0.000000000000000000, -55.00000000000000711 ) ) ;
#932 = DIRECTION ( 'NONE',  ( 0.000000000000000000, 0.000000000000000000, 1.000000000000000000 ) ) ;
#933 = ORIENTED_EDGE ( 'NONE', *, *, #3870, .T. ) ;
#934 = DIRECTION ( 'NONE',  ( 0.000000000000000000, 0.000000000000000000, 1.000000000000000000 ) ) ;
#935 = AXIS2_PLACEMENT_3D ( 'NONE', #5524, #81, #1897 ) ;
#936 = VERTEX_POINT ( 'NONE', #3443 ) ;
#937 = ORIENTED_EDGE ( 'NONE', *, *, #5399, .T. ) ;
#938 = LINE ( 'NONE', #1472, #289 ) ;
#939 = AXIS2_PLACEMENT_3D ( 'NONE', #1439, #1375, #1798 ) ;
#940 = LINE ( 'NONE', #1747, #1120 ) ;
#941 = EDGE_CURVE ( 'NONE', #2058, #2081, #637, .T. ) ;
#942 = AXIS2_PLACEMENT_3D ( 'NONE', #3007, #835, #779 ) ;
#943 = ORIENTED_EDGE ( 'NONE', *, *, #1531, .F. ) ;
#944 = VECTOR ( 'NONE', #1953, 1000.000000000000000 ) ;
#945 = DIRECTION ( 'NONE',  ( 0.000000000000000000, -1.000000000000000000, 0.000000000000000000 ) ) ;
#946 = ORIENTED_EDGE ( 'NONE', *, *, #5038, .F. ) ;
#947 = ORIENTED_EDGE ( 'NONE', *, *, #1401, .T. ) ;
#948 = CARTESIAN_POINT ( 'NONE',  ( -115.7144381985055048, 3.000000000000000000, -60.88096124594396485 ) ) ;
#949 = VECTOR ( 'NONE', #2202, 1000.000000000000000 ) ;
#950 = DIRECTION ( 'NONE',  ( -0.000000000000000000, -1.000000000000000000, -0.000000000000000000 ) ) ;
#951 = EDGE_CURVE ( 'NONE', #3638, #999, #4278, .T. ) ;
#952 = VERTEX_POINT ( 'NONE', #2958 ) ;
#953 = VECTOR ( 'NONE', #4010, 1000.000000000000000 ) ;
#954 = ADVANCED_FACE ( 'NONE', ( #2983 ), #1055, .F. ) ;
#955 = AXIS2_PLACEMENT_3D ( 'NONE', #1219, #1691, #794 ) ;
#956 = ORIENTED_EDGE ( 'NONE', *, *, #2591, .T. ) ;
#957 = CARTESIAN_POINT ( 'NONE',  ( 4.646631185938609576, 3.000000000000000000, -54.99999999999999289 ) ) ;
#958 = CARTESIAN_POINT ( 'NONE',  ( -31.75741419336067395, -7.000000000000000000, 44.24010619321096982 ) ) ;
#959 = CARTESIAN_POINT ( 'NONE',  ( -115.7144381985054906, 3.001000000000000334, 62.11903875405600672 ) ) ;
#960 = CARTESIAN_POINT ( 'NONE',  ( 24.64663118593861313, 3.001000000000000334, -56.59999999999985931 ) ) ;
#961 = EDGE_CURVE ( 'NONE', #3727, #4991, #3894, .T. ) ;
#963 = ORIENTED_EDGE ( 'NONE', *, *, #225, .T. ) ;
#962 = DIRECTION ( 'NONE',  ( -0.000000000000000000, -1.000000000000000000, -0.000000000000000000 ) ) ;
#964 = DIRECTION ( 'NONE',  ( -0.000000000000000000, -1.000000000000000000, -0.000000000000000000 ) ) ;
#965 = LINE ( 'NONE', #43, #3238 ) ;
#966 = ADVANCED_FACE ( 'NONE', ( #2393 ), #249, .T. ) ;
#967 = ORIENTED_EDGE ( 'NONE', *, *, #381, .F. ) ;
#968 = EDGE_LOOP ( 'NONE', ( #894, #2452, #4968, #5077 ) ) ;
#969 = DIRECTION ( 'NONE',  ( -0.000000000000000000, -1.000000000000000000, -0.000000000000000000 ) ) ;
#970 = LINE ( 'NONE', #4162, #4555 ) ;
#971 = VERTEX_POINT ( 'NONE', #1110 ) ;
#972 = DIRECTION ( 'NONE',  ( 0.000000000000000000, 0.000000000000000000, 1.000000000000000000 ) ) ;
#973 = ORIENTED_EDGE ( 'NONE', *, *, #1831, .F. ) ;
#974 = ORIENTED_EDGE ( 'NONE', *, *, #1172, .T. ) ;
#975 = DIRECTION ( 'NONE',  ( -0.000000000000000000, -1.000000000000000000, -0.000000000000000000 ) ) ;
#976 = FACE_BOUND ( 'NONE', #3087, .T. ) ;
#977 = DIRECTION ( 'NONE',  ( 0.000000000000000000, 0.000000000000000000, 1.000000000000000000 ) ) ;
#978 = ORIENTED_EDGE ( 'NONE', *, *, #1538, .T. ) ;
#979 = ORIENTED_EDGE ( 'NONE', *, *, #4412, .T. ) ;
#980 = ORIENTED_EDGE ( 'NONE', *, *, #2155, .F. ) ;
#981 = CYLINDRICAL_SURFACE ( 'NONE', #4186, 1.250000000000001110 ) ;
#982 = ADVANCED_FACE ( 'NONE', ( #699 ), #5575, .F. ) ;
#983 = LINE ( 'NONE', #2321, #2814 ) ;
#984 = DIRECTION ( 'NONE',  ( -0.000000000000000000, -0.000000000000000000, -1.000000000000000000 ) ) ;
#985 = EDGE_CURVE ( 'NONE', #1949, #2694, #3763, .T. ) ;
#986 = DIRECTION ( 'NONE',  ( 0.000000000000000000, 0.000000000000000000, 1.000000000000000000 ) ) ;
#988 = ORIENTED_EDGE ( 'NONE', *, *, #4138, .T. ) ;
#987 = DIRECTION ( 'NONE',  ( 0.000000000000000000, 0.000000000000000000, 1.000000000000000000 ) ) ;
#989 = DIRECTION ( 'NONE',  ( -0.000000000000000000, -1.000000000000000000, -0.000000000000000000 ) ) ;
#990 = CARTESIAN_POINT ( 'NONE',  ( 42.99999999999992184, 0.000000000000000000, -90.00000000000005684 ) ) ;
#991 = ADVANCED_FACE ( 'NONE', ( #196 ), #2420, .F. ) ;
#992 = EDGE_CURVE ( 'NONE', #134, #1819, #2574, .T. ) ;
#993 = ORIENTED_EDGE ( 'NONE', *, *, #2413, .T. ) ;
#994 = EDGE_LOOP ( 'NONE', ( #4216, #5507, #1818, #3575 ) ) ;
#995 = LINE ( 'NONE', #2363, #3325 ) ;
#996 = DIRECTION ( 'NONE',  ( 0.000000000000000000, 1.000000000000000000, -0.000000000000000000 ) ) ;
#997 = VERTEX_POINT ( 'NONE', #2014 ) ;
#998 = CARTESIAN_POINT ( 'NONE',  ( 14.64663118593872326, 0.000000000000000000, 29.99999999999991473 ) ) ;
#999 = VERTEX_POINT ( 'NONE', #4750 ) ;
#1000 = ORIENTED_EDGE ( 'NONE', *, *, #549, .F. ) ;
#1001 = CARTESIAN_POINT ( 'NONE',  ( 16.24663118593872113, 3.001000000000000334, 54.99999999999992184 ) ) ;
#1002 = FACE_BOUND ( 'NONE', #4337, .T. ) ;
#1003 = DIRECTION ( 'NONE',  ( 0.000000000000000000, 0.000000000000000000, -1.000000000000000000 ) ) ;
#1004 = CIRCLE ( 'NONE', #265, 1.600000000000004086 ) ;
#1005 = ORIENTED_EDGE ( 'NONE', *, *, #2414, .T. ) ;
#1006 = ORIENTED_EDGE ( 'NONE', *, *, #403, .F. ) ;
#1007 = VERTEX_POINT ( 'NONE', #5634 ) ;
#1008 = DIRECTION ( 'NONE',  ( 1.000000000000000000, 0.000000000000000000, 0.000000000000000000 ) ) ;
#1009 = CIRCLE ( 'NONE', #251, 1.600000000000038947 ) ;
#1010 = CARTESIAN_POINT ( 'NONE',  ( 14.64663118593860425, 0.000000000000000000, -54.99999999999992184 ) ) ;
#1011 = AXIS2_PLACEMENT_3D ( 'NONE', #64, #1462, #3277 ) ;
#1012 = DIRECTION ( 'NONE',  ( 0.000000000000000000, 1.000000000000000000, 0.000000000000000000 ) ) ;
#1013 = CIRCLE ( 'NONE', #823, 1.600000000000018074 ) ;
#1014 = EDGE_CURVE ( 'NONE', #4945, #552, #4190, .T. ) ;
#1015 = CIRCLE ( 'NONE', #3401, 1.600000000000018074 ) ;
#1016 = LINE ( 'NONE', #244, #3990 ) ;
#1017 = CARTESIAN_POINT ( 'NONE',  ( 3.046631185938716957, 3.001000000000000334, 54.99999999999999289 ) ) ;
#1018 = DIRECTION ( 'NONE',  ( -0.000000000000000000, -1.000000000000000000, -0.000000000000000000 ) ) ;
#1019 = LINE ( 'NONE', #1945, #4068 ) ;
#1020 = EDGE_CURVE ( 'NONE', #4677, #5072, #572, .T. ) ;
#1021 = AXIS2_PLACEMENT_3D ( 'NONE', #1050, #2861, #308 ) ;
#1022 = ORIENTED_EDGE ( 'NONE', *, *, #886, .T. ) ;
#1023 = CIRCLE ( 'NONE', #4260, 1.600000000000004086 ) ;
#1024 = EDGE_CURVE ( 'NONE', #5144, #212, #3014, .T. ) ;
#1025 = ORIENTED_EDGE ( 'NONE', *, *, #503, .F. ) ;
#1026 = CARTESIAN_POINT ( 'NONE',  ( 86.24663118593861100, 3.001000000000000334, -55.00000000000000000 ) ) ;
#1027 = AXIS2_PLACEMENT_3D ( 'NONE', #5000, #4027, #5834 ) ;
#1028 = CARTESIAN_POINT ( 'NONE',  ( 28.42844072404627909, 0.000000000000000000, -119.9999999999999716 ) ) ;
#1029 = ORIENTED_EDGE ( 'NONE', *, *, #2847, .T. ) ;
#1030 = CARTESIAN_POINT ( 'NONE',  ( -3.757414193360665067, -7.000000000000000000, -80.24010619321096272 ) ) ;
#1031 = AXIS2_PLACEMENT_3D ( 'NONE', #26, #1386, #383 ) ;
#1032 = VERTEX_POINT ( 'NONE', #4871 ) ;
#1033 = ORIENTED_EDGE ( 'NONE', *, *, #4160, .F. ) ;
#1034 = LINE ( 'NONE', #3746, #5673 ) ;
#1035 = FACE_BOUND ( 'NONE', #4524, .T. ) ;
#1036 = DIRECTION ( 'NONE',  ( 0.000000000000000000, -1.000000000000000000, 0.000000000000000000 ) ) ;
#1037 = AXIS2_PLACEMENT_3D ( 'NONE', #2744, #39, #2799 ) ;
#1038 = EDGE_CURVE ( 'NONE', #4277, #931, #1263, .T. ) ;
#1039 = VERTEX_POINT ( 'NONE', #4809 ) ;
#1040 = ORIENTED_EDGE ( 'NONE', *, *, #1255, .F. ) ;
#1041 = EDGE_LOOP ( 'NONE', ( #1979, #565, #4998, #3639 ) ) ;
#1042 = DIRECTION ( 'NONE',  ( 0.000000000000000000, 1.000000000000000000, 0.000000000000000000 ) ) ;
#1043 = AXIS2_PLACEMENT_3D ( 'NONE', #1522, #5157, #1076 ) ;
#1044 = VECTOR ( 'NONE', #1390, 1000.000000000000000 ) ;
#1045 = DIRECTION ( 'NONE',  ( -0.000000000000000000, -1.000000000000000000, -0.000000000000000000 ) ) ;
#1046 = PLANE ( 'NONE',  #3308 ) ;
#1047 = VECTOR ( 'NONE', #48, 1000.000000000000000 ) ;
#1048 = AXIS2_PLACEMENT_3D ( 'NONE', #4310, #1586, #3411 ) ;
#1049 = CARTESIAN_POINT ( 'NONE',  ( 69.76999999999998181, 3.000000000000000000, -72.80000000000005400 ) ) ;
#1050 = CARTESIAN_POINT ( 'NONE',  ( -33.35741419336067537, 3.000000000000000000, 80.24010619321096272 ) ) ;
#1051 = DIRECTION ( 'NONE',  ( 0.000000000000000000, 0.000000000000000000, -1.000000000000000000 ) ) ;
#1052 = PLANE ( 'NONE',  #158 ) ;
#1053 = ORIENTED_EDGE ( 'NONE', *, *, #5533, .F. ) ;
#1054 = CIRCLE ( 'NONE', #5717, 1.500000000000001332 ) ;
#1055 = PLANE ( 'NONE',  #5042 ) ;
#1056 = ORIENTED_EDGE ( 'NONE', *, *, #3851, .F. ) ;
#1057 = LINE ( 'NONE', #4279, #4571 ) ;
#1058 = EDGE_CURVE ( 'NONE', #4314, #2728, #4482, .T. ) ;
#1059 = CARTESIAN_POINT ( 'NONE',  ( 63.04663118593871474, 3.001000000000000334, 54.99999999999986500 ) ) ;
#1060 = ORIENTED_EDGE ( 'NONE', *, *, #1133, .F. ) ;
#1061 = CARTESIAN_POINT ( 'NONE',  ( 74.22999999999996135, 0.000000000000000000, 80.80000000000006821 ) ) ;
#1062 = VERTEX_POINT ( 'NONE', #3554 ) ;
#1063 = ORIENTED_EDGE ( 'NONE', *, *, #5492, .F. ) ;
#1064 = DIRECTION ( 'NONE',  ( -0.000000000000000000, -1.000000000000000000, -0.000000000000000000 ) ) ;
#1065 = FACE_BOUND ( 'NONE', #1370, .T. ) ;
#1066 = CARTESIAN_POINT ( 'NONE',  ( -5.357414193360679810, -7.000000000000000000, 81.84010619321099966 ) ) ;
#1067 = ADVANCED_FACE ( 'NONE', ( #5398 ), #3470, .F. ) ;
#1068 = DIRECTION ( 'NONE',  ( 0.000000000000000000, -1.000000000000000000, 0.000000000000000000 ) ) ;
#1069 = EDGE_LOOP ( 'NONE', ( #3939, #354, #1651, #2284 ) ) ;
#1070 = ADVANCED_FACE ( 'NONE', ( #4367 ), #2106, .F. ) ;
#1071 = ORIENTED_EDGE ( 'NONE', *, *, #3565, .F. ) ;
#1072 = ORIENTED_EDGE ( 'NONE', *, *, #1857, .T. ) ;
#1073 = CYLINDRICAL_SURFACE ( 'NONE', #5800, 1.600000000000004086 ) ;
#1074 = DIRECTION ( 'NONE',  ( 0.000000000000000000, 0.000000000000000000, 1.000000000000000000 ) ) ;
#1075 = CARTESIAN_POINT ( 'NONE',  ( -88.11443819850511261, 0.000000000000000000, 32.55000000000060822 ) ) ;
#1076 = DIRECTION ( 'NONE',  ( 0.000000000000000000, 0.000000000000000000, 1.000000000000000000 ) ) ;
#1077 = DIRECTION ( 'NONE',  ( 0.000000000000000000, 0.000000000000000000, 1.000000000000000000 ) ) ;
#1078 = DIRECTION ( 'NONE',  ( 0.000000000000000000, 0.000000000000000000, -1.000000000000000000 ) ) ;
#1079 = CARTESIAN_POINT ( 'NONE',  ( 108.4999999999999289, 0.000000000000000000, 111.5000000000000426 ) ) ;
#1080 = VERTEX_POINT ( 'NONE', #1235 ) ;
#1081 = CARTESIAN_POINT ( 'NONE',  ( 55.76999999999998181, 3.000000000000000000, -79.20000000000004547 ) ) ;
#1082 = ORIENTED_EDGE ( 'NONE', *, *, #1172, .F. ) ;
#1083 = CARTESIAN_POINT ( 'NONE',  ( 99.76999999999999602, 0.000000000000000000, -72.80000000000005400 ) ) ;
#1084 = DIRECTION ( 'NONE',  ( 0.000000000000000000, 0.000000000000000000, -1.000000000000000000 ) ) ;
#1085 = ORIENTED_EDGE ( 'NONE', *, *, #5877, .T. ) ;
#1086 = EDGE_CURVE ( 'NONE', #3274, #3775, #3236, .T. ) ;
#1087 = DIRECTION ( 'NONE',  ( -0.000000000000000000, 1.000000000000000000, -0.000000000000000000 ) ) ;
#1088 = VERTEX_POINT ( 'NONE', #4008 ) ;
#1089 = ORIENTED_EDGE ( 'NONE', *, *, #3383, .F. ) ;
#1090 = FACE_BOUND ( 'NONE', #5497, .T. ) ;
#1091 = CARTESIAN_POINT ( 'NONE',  ( 84.64663118593871616, 0.000000000000000000, 30.00000000000000000 ) ) ;
#1092 = ADVANCED_FACE ( 'NONE', ( #5728 ), #5278, .F. ) ;
#1093 = DIRECTION ( 'NONE',  ( 0.000000000000000000, 0.000000000000000000, 1.000000000000000000 ) ) ;
#1094 = ORIENTED_EDGE ( 'NONE', *, *, #3768, .F. ) ;
#1095 = ORIENTED_EDGE ( 'NONE', *, *, #4192, .F. ) ;
#1096 = ORIENTED_EDGE ( 'NONE', *, *, #1245, .F. ) ;
#1097 = CARTESIAN_POINT ( 'NONE',  ( 60.22999999999996135, 3.000000000000000000, 71.20000000000007390 ) ) ;
#1098 = EDGE_CURVE ( 'NONE', #4995, #430, #2543, .T. ) ;
#1099 = CARTESIAN_POINT ( 'NONE',  ( 93.04663118593870763, 0.000000000000000000, 55.00000000000000000 ) ) ;
#1100 = DIRECTION ( 'NONE',  ( 0.000000000000000000, 0.000000000000000000, -1.000000000000000000 ) ) ;
#1101 = AXIS2_PLACEMENT_3D ( 'NONE', #2215, #3070, #5274 ) ;
#1102 = LINE ( 'NONE', #3280, #371 ) ;
#1103 = AXIS2_PLACEMENT_3D ( 'NONE', #1733, #2271, #4532 ) ;
#1104 = LINE ( 'NONE', #1974, #4149 ) ;
#1105 = CARTESIAN_POINT ( 'NONE',  ( 76.24663118593862521, 3.001000000000000334, -29.99999999999992895 ) ) ;
#1106 = DIRECTION ( 'NONE',  ( 0.000000000000000000, 0.000000000000000000, 1.000000000000000000 ) ) ;
#1107 = VECTOR ( 'NONE', #2402, 1000.000000000000000 ) ;
#1108 = ORIENTED_EDGE ( 'NONE', *, *, #2013, .T. ) ;
#1109 = EDGE_CURVE ( 'NONE', #162, #757, #2576, .T. ) ;
#1110 = CARTESIAN_POINT ( 'NONE',  ( -34.95741419336068390, 3.000000000000000000, -44.24010619321097693 ) ) ;
#1111 = AXIS2_PLACEMENT_3D ( 'NONE', #5869, #2684, #1850 ) ;
#1112 = CYLINDRICAL_SURFACE ( 'NONE', #4480, 1.600000000000004086 ) ;
#1113 = ORIENTED_EDGE ( 'NONE', *, *, #862, .F. ) ;
#1114 = CARTESIAN_POINT ( 'NONE',  ( 66.24663118593861100, 3.001000000000000334, -54.99999999999986500 ) ) ;
#1115 = VECTOR ( 'NONE', #3605, 1000.000000000000000 ) ;
#1116 = ORIENTED_EDGE ( 'NONE', *, *, #908, .T. ) ;
#1117 = LINE ( 'NONE', #704, #98 ) ;
#1118 = ORIENTED_EDGE ( 'NONE', *, *, #3547, .T. ) ;
#1119 = ORIENTED_EDGE ( 'NONE', *, *, #2916, .T. ) ;
#1120 = VECTOR ( 'NONE', #1778, 1000.000000000000000 ) ;
#1121 = DIRECTION ( 'NONE',  ( 0.000000000000000000, 0.000000000000000000, -1.000000000000000000 ) ) ;
#1122 = EDGE_CURVE ( 'NONE', #4298, #3963, #808, .T. ) ;
#1123 = PLANE ( 'NONE',  #2449 ) ;
#1124 = LINE ( 'NONE', #4229, #2946 ) ;
#1125 = AXIS2_PLACEMENT_3D ( 'NONE', #4313, #4401, #3953 ) ;
#1126 = ORIENTED_EDGE ( 'NONE', *, *, #2947, .T. ) ;
#1127 = ORIENTED_EDGE ( 'NONE', *, *, #5205, .F. ) ;
#1128 = ORIENTED_EDGE ( 'NONE', *, *, #4338, .T. ) ;
#1129 = CARTESIAN_POINT ( 'NONE',  ( 66.24663118593861100, 3.001000000000000334, -54.99999999999986500 ) ) ;
#1130 = DIRECTION ( 'NONE',  ( -0.000000000000000000, -1.000000000000000000, -0.000000000000000000 ) ) ;
#1131 = AXIS2_PLACEMENT_3D ( 'NONE', #336, #5753, #1673 ) ;
#1132 = VECTOR ( 'NONE', #1660, 1000.000000000000000 ) ;
#1133 = EDGE_CURVE ( 'NONE', #86, #606, #672, .T. ) ;
#1134 = CARTESIAN_POINT ( 'NONE',  ( 30.22999999999997200, 0.000000000000000000, 71.20000000000007390 ) ) ;
#1135 = EDGE_CURVE ( 'NONE', #3591, #5736, #2196, .T. ) ;
#1136 = AXIS2_PLACEMENT_3D ( 'NONE', #2884, #4709, #4269 ) ;
#1137 = AXIS2_PLACEMENT_3D ( 'NONE', #4901, #3079, #1243 ) ;
#1138 = CARTESIAN_POINT ( 'NONE',  ( 131.9999999999999432, -0.001000000000000132727, -40.30991885387105356 ) ) ;
#1139 = DIRECTION ( 'NONE',  ( -0.000000000000000000, -1.000000000000000000, -0.000000000000000000 ) ) ;
#1140 = CARTESIAN_POINT ( 'NONE',  ( 16.22999999999997200, 0.000000000000000000, 80.80000000000003979 ) ) ;
#1141 = DIRECTION ( 'NONE',  ( 0.7071067811865410224, -0.000000000000000000, -0.7071067811865540120 ) ) ;
#1142 = VECTOR ( 'NONE', #5346, 1000.000000000000000 ) ;
#1143 = CIRCLE ( 'NONE', #1242, 1.600000000000004086 ) ;
#1144 = EDGE_CURVE ( 'NONE', #4458, #5267, #2094, .T. ) ;
#1145 = ORIENTED_EDGE ( 'NONE', *, *, #5671, .F. ) ;
#1146 = AXIS2_PLACEMENT_3D ( 'NONE', #3321, #2015, #3379 ) ;
#1147 = CARTESIAN_POINT ( 'NONE',  ( 39.99999999999997158, 0.000000000000000000, -90.00000000000005684 ) ) ;
#1148 = VECTOR ( 'NONE', #692, 1000.000000000000000 ) ;
#1149 = CARTESIAN_POINT ( 'NONE',  ( -3.757414193360684607, 0.000000000000000000, -44.24010619321096982 ) ) ;
#1150 = VERTEX_POINT ( 'NONE', #3584 ) ;
#1151 = EDGE_CURVE ( 'NONE', #413, #3151, #3975, .T. ) ;
#1152 = CYLINDRICAL_SURFACE ( 'NONE', #5217, 1.250000000000001110 ) ;
#1153 = VERTEX_POINT ( 'NONE', #784 ) ;
#1154 = CARTESIAN_POINT ( 'NONE',  ( 26.24663118593872824, 3.001000000000000334, 54.99999999999985789 ) ) ;
#1155 = VERTEX_POINT ( 'NONE', #3074 ) ;
#1156 = ORIENTED_EDGE ( 'NONE', *, *, #3410, .F. ) ;
#1157 = PERSON_AND_ORGANIZATION ( #4591, #3204 ) ;
#1158 = LINE ( 'NONE', #2968, #3371 ) ;
#1159 = CARTESIAN_POINT ( 'NONE',  ( 99.76999999999999602, 3.000000000000000000, -72.80000000000005400 ) ) ;
#1160 = DIRECTION ( 'NONE',  ( 0.000000000000000000, 0.000000000000000000, 1.000000000000000000 ) ) ;
#1161 = EDGE_LOOP ( 'NONE', ( #5403, #4429, #5254, #4829 ) ) ;
#1162 = VERTEX_POINT ( 'NONE', #2599 ) ;
#1163 = EDGE_LOOP ( 'NONE', ( #4662, #460, #893, #4224 ) ) ;
#1164 = CYLINDRICAL_SURFACE ( 'NONE', #2660, 1.600000000000004086 ) ;
#1165 = DIRECTION ( 'NONE',  ( 0.000000000000000000, 0.000000000000000000, -1.000000000000000000 ) ) ;
#1166 = DIRECTION ( 'NONE',  ( 0.000000000000000000, 0.000000000000000000, -1.000000000000000000 ) ) ;
#1167 = ADVANCED_FACE ( 'NONE', ( #4419 ), #4894, .F. ) ;
#1168 = CARTESIAN_POINT ( 'NONE',  ( 3.046631185938736497, 3.000000000000000000, 29.99999999999998579 ) ) ;
#1169 = DIRECTION ( 'NONE',  ( -0.000000000000000000, 1.000000000000000000, -0.000000000000000000 ) ) ;
#1170 = CARTESIAN_POINT ( 'NONE',  ( 94.64663118593871616, 3.001000000000000334, 30.00000000000000000 ) ) ;
#1171 = LINE ( 'NONE', #2980, #3196 ) ;
#1172 = EDGE_CURVE ( 'NONE', #2879, #2962, #3162, .T. ) ;
#1173 = ORIENTED_EDGE ( 'NONE', *, *, #5362, .F. ) ;
#1174 = FACE_OUTER_BOUND ( 'NONE', #5880, .T. ) ;
#1175 = CYLINDRICAL_SURFACE ( 'NONE', #4951, 1.600000000000018074 ) ;
#1176 = ORIENTED_EDGE ( 'NONE', *, *, #2013, .F. ) ;
#1177 = EDGE_CURVE ( 'NONE', #765, #2349, #538, .T. ) ;
#1178 = LINE ( 'NONE', #4786, #1504 ) ;
#1179 = EDGE_CURVE ( 'NONE', #5534, #4048, #3644, .T. ) ;
#1180 = EDGE_LOOP ( 'NONE', ( #1922, #3809, #2401, #1864 ) ) ;
#1181 = LINE ( 'NONE', #2988, #186 ) ;
#1182 = EDGE_CURVE ( 'NONE', #212, #3165, #509, .T. ) ;
#1183 = ORIENTED_EDGE ( 'NONE', *, *, #4587, .F. ) ;
#1184 = ORIENTED_EDGE ( 'NONE', *, *, #2834, .F. ) ;
#1185 = PERSON_AND_ORGANIZATION_ROLE ( 'creator' ) ;
#1186 = DIRECTION ( 'NONE',  ( -0.000000000000000000, -1.000000000000000000, -0.000000000000000000 ) ) ;
#1187 = CARTESIAN_POINT ( 'NONE',  ( 24.64663118593861313, 3.000000000000000000, -54.99999999999985789 ) ) ;
#1188 = CARTESIAN_POINT ( 'NONE',  ( 117.9999999999999432, -0.001000000000000132727, -40.30991885387103935 ) ) ;
#1189 = ORIENTED_EDGE ( 'NONE', *, *, #1058, .T. ) ;
#1190 = EDGE_LOOP ( 'NONE', ( #4889, #4754, #108, #811, #5318 ) ) ;
#1191 = VERTEX_POINT ( 'NONE', #5539 ) ;
#1192 = CARTESIAN_POINT ( 'NONE',  ( 42.99999999999992184, 0.000000000000000000, 90.00000000000005684 ) ) ;
#1193 = FACE_OUTER_BOUND ( 'NONE', #4953, .T. ) ;
#1194 = CARTESIAN_POINT ( 'NONE',  ( -155.7144381985054622, 3.000000000000000000, -64.67164498816627827 ) ) ;
#1195 = CARTESIAN_POINT ( 'NONE',  ( 26.24663118593872824, 3.001000000000000334, 54.99999999999985789 ) ) ;
#1196 = LINE ( 'NONE', #3466, #4913 ) ;
#1197 = DIRECTION ( 'NONE',  ( -0.000000000000000000, 1.000000000000000000, -0.000000000000000000 ) ) ;
#1198 = EDGE_CURVE ( 'NONE', #5257, #2759, #2476, .T. ) ;
#1199 = AXIS2_PLACEMENT_3D ( 'NONE', #5873, #5046, #4102 ) ;
#1200 = EDGE_LOOP ( 'NONE', ( #796, #861, #1964, #1025 ) ) ;
#1201 = AXIS2_PLACEMENT_3D ( 'NONE', #5517, #5129, #1077 ) ;
#1202 = CARTESIAN_POINT ( 'NONE',  ( 30.22999999999997200, 0.000000000000000000, 72.80000000000005400 ) ) ;
#1203 = LINE ( 'NONE', #2131, #3919 ) ;
#1204 = ORIENTED_EDGE ( 'NONE', *, *, #5343, .T. ) ;
#1205 = VECTOR ( 'NONE', #36, 1000.000000000000000 ) ;
#1206 = DIRECTION ( 'NONE',  ( 1.000000000000000000, 0.000000000000000000, 0.000000000000000000 ) ) ;
#1207 = ADVANCED_FACE ( 'NONE', ( #2685 ), #3617, .F. ) ;
#1208 = ORIENTED_EDGE ( 'NONE', *, *, #2440, .F. ) ;
#1209 = AXIS2_PLACEMENT_3D ( 'NONE', #3220, #4121, #37 ) ;
#1210 = CARTESIAN_POINT ( 'NONE',  ( -12.70414209279597806, 0.000000000000000000, 34.99999999999999289 ) ) ;
#1211 = VECTOR ( 'NONE', #4736, 1000.000000000000000 ) ;
#1212 = ORIENTED_EDGE ( 'NONE', *, *, #3790, .T. ) ;
#1213 = ORIENTED_EDGE ( 'NONE', *, *, #668, .F. ) ;
#1214 = PERSON_AND_ORGANIZATION_ROLE ( 'design_owner' ) ;
#1215 = AXIS2_PLACEMENT_3D ( 'NONE', #2532, #3004, #778 ) ;
#1216 = LINE ( 'NONE', #3508, #4081 ) ;
#1217 = ADVANCED_FACE ( 'NONE', ( #4509 ), #3668, .F. ) ;
#1218 = CC_DESIGN_APPROVAL ( #2689, ( #927 ) ) ;
#1219 = CARTESIAN_POINT ( 'NONE',  ( -145.3644381985056953, -0.001000000000000132727, 14.00000000000000178 ) ) ;
#1220 = CARTESIAN_POINT ( 'NONE',  ( -80.71443819850550483, 0.000000000000000000, -62.38096124594397196 ) ) ;
#1221 = VECTOR ( 'NONE', #5204, 1000.000000000000000 ) ;
#1222 = ORIENTED_EDGE ( 'NONE', *, *, #3630, .T. ) ;
#1223 = ORIENTED_EDGE ( 'NONE', *, *, #4573, .F. ) ;
#1224 = LINE ( 'NONE', #1192, #4351 ) ;
#1225 = CARTESIAN_POINT ( 'NONE',  ( 73.04663118593872184, 0.000000000000000000, 29.99999999999992895 ) ) ;
#1226 = CIRCLE ( 'NONE', #5690, 1.600000000000004086 ) ;
#1227 = EDGE_CURVE ( 'NONE', #3963, #3626, #5808, .T. ) ;
#1228 = CARTESIAN_POINT ( 'NONE',  ( 84.64663118593861668, 3.001000000000000334, -55.00000000000000000 ) ) ;
#1229 = VECTOR ( 'NONE', #434, 1000.000000000000000 ) ;
#1230 = DIRECTION ( 'NONE',  ( 0.000000000000000000, 0.000000000000000000, -1.000000000000000000 ) ) ;
#1231 = CARTESIAN_POINT ( 'NONE',  ( -115.7144381985055048, 3.000000000000000000, -62.38096124594394354 ) ) ;
#1232 = DIRECTION ( 'NONE',  ( -0.000000000000000000, 1.000000000000000000, -0.000000000000000000 ) ) ;
#1233 = VECTOR ( 'NONE', #1577, 1000.000000000000000 ) ;
#1234 = AXIS2_PLACEMENT_3D ( 'NONE', #5803, #5351, #2610 ) ;
#1235 = CARTESIAN_POINT ( 'NONE',  ( -31.75741419336068105, 3.000000000000000000, -44.24010619321097693 ) ) ;
#1236 = FACE_OUTER_BOUND ( 'NONE', #3659, .T. ) ;
#1237 = VECTOR ( 'NONE', #3928, 1000.000000000000000 ) ;
#1238 = CIRCLE ( 'NONE', #4565, 1.600000000000004086 ) ;
#1239 = ORIENTED_EDGE ( 'NONE', *, *, #1538, .F. ) ;
#1240 = CARTESIAN_POINT ( 'NONE',  ( 131.9999999999999432, -0.001000000000000132727, -41.90991885387104787 ) ) ;
#1241 = ORIENTED_EDGE ( 'NONE', *, *, #2298, .T. ) ;
#1242 = AXIS2_PLACEMENT_3D ( 'NONE', #5240, #1068, #2499 ) ;
#1243 = DIRECTION ( 'NONE',  ( 0.000000000000000000, 0.000000000000000000, -1.000000000000000000 ) ) ;
#1244 = ORIENTED_EDGE ( 'NONE', *, *, #1893, .F. ) ;
#1245 = EDGE_CURVE ( 'NONE', #914, #3340, #1700, .T. ) ;
#1246 = ORIENTED_EDGE ( 'NONE', *, *, #4775, .F. ) ;
#1247 = CARTESIAN_POINT ( 'NONE',  ( -28.70414209279597628, 0.000000000000000000, -35.00000000000000711 ) ) ;
#1248 = CARTESIAN_POINT ( 'NONE',  ( -80.71443819850550483, 0.000000000000000000, -63.88096124594397196 ) ) ;
#1249 = CARTESIAN_POINT ( 'NONE',  ( 14.64663118593860425, 3.000000000000000000, -54.99999999999992184 ) ) ;
#1250 = ORIENTED_EDGE ( 'NONE', *, *, #3804, .F. ) ;
#1251 = CIRCLE ( 'NONE', #4570, 1.599999999999990319 ) ;
#1252 = EDGE_LOOP ( 'NONE', ( #3022, #1822, #1947, #2260 ) ) ;
#1253 = DIRECTION ( 'NONE',  ( 0.000000000000000000, 0.000000000000000000, 1.000000000000000000 ) ) ;
#1254 = DIRECTION ( 'NONE',  ( -1.000000000000000000, 0.000000000000000000, -0.000000000000000000 ) ) ;
#1255 = EDGE_CURVE ( 'NONE', #5534, #1926, #1884, .T. ) ;
#1256 = EDGE_CURVE ( 'NONE', #1676, #5826, #4275, .T. ) ;
#1257 = ORIENTED_EDGE ( 'NONE', *, *, #5811, .F. ) ;
#1258 = CARTESIAN_POINT ( 'NONE',  ( 159.9999999999999147, 3.000000000000000000, -89.99999999999975842 ) ) ;
#1259 = EDGE_CURVE ( 'NONE', #5710, #199, #5695, .T. ) ;
#1260 = LINE ( 'NONE', #245, #4433 ) ;
#1261 = DIRECTION ( 'NONE',  ( -0.000000000000000000, 1.000000000000000000, -0.000000000000000000 ) ) ;
#1262 = CARTESIAN_POINT ( 'NONE',  ( -6.957414193360655474, 0.000000000000000000, 90.00000000000005684 ) ) ;
#1263 = LINE ( 'NONE', #1708, #5127 ) ;
#1264 = DIRECTION ( 'NONE',  ( 0.000000000000000000, 0.000000000000000000, 1.000000000000000000 ) ) ;
#1265 = ORIENTED_EDGE ( 'NONE', *, *, #4994, .F. ) ;
#1266 = CARTESIAN_POINT ( 'NONE',  ( 4.646631185938609576, 3.000000000000000000, -56.59999999999999432 ) ) ;
#1267 = ORIENTED_EDGE ( 'NONE', *, *, #5220, .F. ) ;
#1268 = PLANE ( 'NONE',  #1706 ) ;
#1269 = VERTEX_POINT ( 'NONE', #4099 ) ;
#1270 = CARTESIAN_POINT ( 'NONE',  ( 63.04663118593871474, 3.001000000000000334, 54.99999999999986500 ) ) ;
#1271 = ORIENTED_EDGE ( 'NONE', *, *, #5562, .T. ) ;
#1272 = CARTESIAN_POINT ( 'NONE',  ( -80.71443819850550483, 3.000000000000000000, -63.88096124594397196 ) ) ;
#1273 = EDGE_CURVE ( 'NONE', #2319, #1432, #456, .T. ) ;
#1274 = CARTESIAN_POINT ( 'NONE',  ( 86.24663118593861100, 0.000000000000000000, -55.00000000000000000 ) ) ;
#1275 = FACE_OUTER_BOUND ( 'NONE', #2041, .T. ) ;
#1276 = ORIENTED_EDGE ( 'NONE', *, *, #310, .T. ) ;
#1277 = VERTEX_POINT ( 'NONE', #2301 ) ;
#1278 = CARTESIAN_POINT ( 'NONE',  ( -80.71443819850550483, 3.000000000000000000, -60.88096124594397907 ) ) ;
#1279 = ADVANCED_FACE ( 'NONE', ( #5870 ), #1917, .F. ) ;
#1280 = DIRECTION ( 'NONE',  ( 0.000000000000000000, 0.000000000000000000, -1.000000000000000000 ) ) ;
#1281 = EDGE_CURVE ( 'NONE', #2728, #1810, #3716, .T. ) ;
#1282 = ORIENTED_EDGE ( 'NONE', *, *, #3546, .T. ) ;
#1283 = DIRECTION ( 'NONE',  ( 0.000000000000000000, 0.000000000000000000, 1.000000000000000000 ) ) ;
#1284 = DIRECTION ( 'NONE',  ( -5.551115123125780730E-16, -0.000000000000000000, -1.000000000000000000 ) ) ;
#1285 = DIRECTION ( 'NONE',  ( 0.000000000000000000, 1.000000000000000000, 0.000000000000000000 ) ) ;
#1286 = FACE_OUTER_BOUND ( 'NONE', #76, .T. ) ;
#1287 = DIRECTION ( 'NONE',  ( 0.000000000000000000, -1.000000000000000000, 0.000000000000000000 ) ) ;
#1288 = DIRECTION ( 'NONE',  ( -0.000000000000000000, -1.000000000000000000, -0.000000000000000000 ) ) ;
#1289 = DIRECTION ( 'NONE',  ( -0.000000000000000000, -1.000000000000000000, -0.000000000000000000 ) ) ;
#1290 = VERTEX_POINT ( 'NONE', #3186 ) ;
#1291 = DIRECTION ( 'NONE',  ( -0.000000000000000000, -1.000000000000000000, -0.000000000000000000 ) ) ;
#1292 = CIRCLE ( 'NONE', #3595, 1.600000000000004086 ) ;
#1293 = EDGE_CURVE ( 'NONE', #496, #4053, #1431, .T. ) ;
#1294 = ORIENTED_EDGE ( 'NONE', *, *, #44, .F. ) ;
#1295 = DIRECTION ( 'NONE',  ( 0.000000000000000000, 0.000000000000000000, 1.000000000000000000 ) ) ;
#1296 = ORIENTED_EDGE ( 'NONE', *, *, #5114, .T. ) ;
#1297 = VECTOR ( 'NONE', #3922, 1000.000000000000000 ) ;
#1298 = DIRECTION ( 'NONE',  ( -0.000000000000000000, -1.000000000000000000, -0.000000000000000000 ) ) ;
#1299 = AXIS2_PLACEMENT_3D ( 'NONE', #958, #3787, #4209 ) ;
#1300 = DIRECTION ( 'NONE',  ( -0.000000000000000000, 1.000000000000000000, -0.000000000000000000 ) ) ;
#1301 = VECTOR ( 'NONE', #2127, 1000.000000000000000 ) ;
#1302 = FACE_OUTER_BOUND ( 'NONE', #1904, .T. ) ;
#1303 = CIRCLE ( 'NONE', #3300, 1.600000000000004086 ) ;
#1304 = DIRECTION ( 'NONE',  ( -0.000000000000000000, -1.000000000000000000, -0.000000000000000000 ) ) ;
#1305 = ORIENTED_EDGE ( 'NONE', *, *, #951, .F. ) ;
#1306 = ORIENTED_EDGE ( 'NONE', *, *, #335, .T. ) ;
#1307 = VECTOR ( 'NONE', #4446, 1000.000000000000000 ) ;
#1308 = FACE_BOUND ( 'NONE', #3608, .T. ) ;
#1309 = AXIS2_PLACEMENT_3D ( 'NONE', #2658, #4483, #3618 ) ;
#1310 = DIRECTION ( 'NONE',  ( -0.000000000000000000, 1.000000000000000000, -0.000000000000000000 ) ) ;
#1311 = EDGE_LOOP ( 'NONE', ( #5485, #881 ) ) ;
#1312 = VERTEX_POINT ( 'NONE', #928 ) ;
#1313 = CARTESIAN_POINT ( 'NONE',  ( 113.7700000000000102, 0.000000000000000000, -82.40000000000007674 ) ) ;
#1314 = EDGE_CURVE ( 'NONE', #1569, #687, #1988, .T. ) ;
#1315 = DIRECTION ( 'NONE',  ( 0.000000000000000000, 1.000000000000000000, -0.000000000000000000 ) ) ;
#1316 = CARTESIAN_POINT ( 'NONE',  ( -115.7144381985055048, 3.000000000000000000, -63.88096124594392933 ) ) ;
#1317 = VECTOR ( 'NONE', #2344, 1000.000000000000000 ) ;
#1318 = DIRECTION ( 'NONE',  ( 0.000000000000000000, 0.000000000000000000, -1.000000000000000000 ) ) ;
#1319 = CIRCLE ( 'NONE', #1984, 1.500000000000001332 ) ;
#1320 = DIRECTION ( 'NONE',  ( 0.000000000000000000, 0.000000000000000000, 1.000000000000000000 ) ) ;
#1321 = CARTESIAN_POINT ( 'NONE',  ( -5.357414193360693133, 3.000000000000000000, -42.64010619321096840 ) ) ;
#1322 = CARTESIAN_POINT ( 'NONE',  ( 94.64663118593871616, 3.000000000000000000, 55.00000000000000000 ) ) ;
#1323 = ORIENTED_EDGE ( 'NONE', *, *, #243, .T. ) ;
#1324 = DIRECTION ( 'NONE',  ( 0.000000000000000000, 1.000000000000000000, -0.000000000000000000 ) ) ;
#1325 = AXIS2_PLACEMENT_3D ( 'NONE', #16, #5011, #3254 ) ;
#1326 = EDGE_CURVE ( 'NONE', #5199, #1088, #1851, .T. ) ;
#1327 = EDGE_CURVE ( 'NONE', #1603, #1569, #4682, .T. ) ;
#1328 = EDGE_LOOP ( 'NONE', ( #5848, #529 ) ) ;
#1329 = DIRECTION ( 'NONE',  ( 0.000000000000000000, 0.000000000000000000, -1.000000000000000000 ) ) ;
#1330 = AXIS2_PLACEMENT_3D ( 'NONE', #149, #2351, #4647 ) ;
#1331 = VECTOR ( 'NONE', #5879, 1000.000000000000000 ) ;
#1332 = EDGE_LOOP ( 'NONE', ( #1502, #4853 ) ) ;
#1333 = LINE ( 'NONE', #3147, #3519 ) ;
#1334 = ADVANCED_FACE ( 'NONE', ( #5629 ), #573, .T. ) ;
#1335 = CARTESIAN_POINT ( 'NONE',  ( -5.357414193360679810, -7.000000000000000000, 80.24010619321097693 ) ) ;
#1336 = AXIS2_PLACEMENT_3D ( 'NONE', #1720, #3536, #5686 ) ;
#1337 = VECTOR ( 'NONE', #619, 999.9999999999998863 ) ;
#1338 = DIRECTION ( 'NONE',  ( 0.000000000000000000, 0.000000000000000000, -1.000000000000000000 ) ) ;
#1339 = DIRECTION ( 'NONE',  ( 0.000000000000000000, 1.000000000000000000, 0.000000000000000000 ) ) ;
#1340 = VERTEX_POINT ( 'NONE', #5095 ) ;
#1341 = ORIENTED_EDGE ( 'NONE', *, *, #5540, .T. ) ;
#1342 = VECTOR ( 'NONE', #1674, 1000.000000000000000 ) ;
#1343 = FACE_BOUND ( 'NONE', #147, .T. ) ;
#1344 = FACE_OUTER_BOUND ( 'NONE', #4139, .T. ) ;
#1345 = ORIENTED_EDGE ( 'NONE', *, *, #634, .T. ) ;
#1346 = ORIENTED_EDGE ( 'NONE', *, *, #4467, .F. ) ;
#1347 = LINE ( 'NONE', #1372, #2750 ) ;
#1348 = CYLINDRICAL_SURFACE ( 'NONE', #534, 29.99999999999997158 ) ;
#1349 = CARTESIAN_POINT ( 'NONE',  ( 74.64663118593861668, 3.001000000000000334, -54.99999999999992895 ) ) ;
#1350 = DIRECTION ( 'NONE',  ( -0.000000000000000000, -1.000000000000000000, -0.000000000000000000 ) ) ;
#1351 = EDGE_CURVE ( 'NONE', #114, #5731, #4374, .T. ) ;
#1352 = DIRECTION ( 'NONE',  ( 0.000000000000000000, 0.000000000000000000, 1.000000000000000000 ) ) ;
#1353 = CARTESIAN_POINT ( 'NONE',  ( 30.22999999999997200, 0.000000000000000000, 74.40000000000004832 ) ) ;
#1354 = CARTESIAN_POINT ( 'NONE',  ( -31.75741419336065974, -7.000000000000000000, 80.24010619321096272 ) ) ;
#1355 = VERTEX_POINT ( 'NONE', #4303 ) ;
#1356 = LINE ( 'NONE', #3673, #1855 ) ;
#1357 = EDGE_CURVE ( 'NONE', #3622, #2091, #1016, .T. ) ;
#1358 = VERTEX_POINT ( 'NONE', #3345 ) ;
#1359 = CYLINDRICAL_SURFACE ( 'NONE', #2843, 1.600000000000004086 ) ;
#1360 = ORIENTED_EDGE ( 'NONE', *, *, #5094, .T. ) ;
#1361 = CARTESIAN_POINT ( 'NONE',  ( 83.04663118593872184, 3.000000000000000000, 55.00000000000000000 ) ) ;
#1362 = EDGE_CURVE ( 'NONE', #5144, #2237, #3886, .T. ) ;
#1363 = CARTESIAN_POINT ( 'NONE',  ( -45.71443819850548351, 3.000000000000000000, 63.61903875405599962 ) ) ;
#1364 = ORIENTED_EDGE ( 'NONE', *, *, #3133, .F. ) ;
#1365 = CARTESIAN_POINT ( 'NONE',  ( -33.35741419336067537, 0.000000000000000000, 80.24010619321096272 ) ) ;
#1366 = ORIENTED_EDGE ( 'NONE', *, *, #4487, .F. ) ;
#1367 = ORIENTED_EDGE ( 'NONE', *, *, #4467, .T. ) ;
#1368 = DIRECTION ( 'NONE',  ( 0.000000000000000000, 0.000000000000000000, 1.000000000000000000 ) ) ;
#1369 = CARTESIAN_POINT ( 'NONE',  ( 93.04663118593860816, 3.001000000000000334, -30.00000000000000000 ) ) ;
#1370 = EDGE_LOOP ( 'NONE', ( #2198, #714, #2460, #1789, #1654 ) ) ;
#1371 = VERTEX_POINT ( 'NONE', #3824 ) ;
#1372 = CARTESIAN_POINT ( 'NONE',  ( 42.99999999999992184, 3.000000000000000000, -90.00000000000005684 ) ) ;
#1373 = CARTESIAN_POINT ( 'NONE',  ( 39.99999999999997158, 0.000000000000000000, 93.00000000000005684 ) ) ;
#1374 = CARTESIAN_POINT ( 'NONE',  ( 24.64663118593873037, 3.001000000000000334, 29.99999999999986144 ) ) ;
#1375 = DIRECTION ( 'NONE',  ( -0.000000000000000000, -1.000000000000000000, -0.000000000000000000 ) ) ;
#1377 = ORIENTED_EDGE ( 'NONE', *, *, #275, .F. ) ;
#1376 = LINE ( 'NONE', #3555, #4924 ) ;
#1378 = CARTESIAN_POINT ( 'NONE',  ( -12.70414209279597806, 3.001000000000000334, 34.99999999999999289 ) ) ;
#1379 = EDGE_LOOP ( 'NONE', ( #1127, #4784 ) ) ;
#1380 = DIRECTION ( 'NONE',  ( -0.000000000000000000, -1.000000000000000000, -0.000000000000000000 ) ) ;
#1381 = ORIENTED_EDGE ( 'NONE', *, *, #2593, .T. ) ;
#1382 = EDGE_LOOP ( 'NONE', ( #2842, #5089, #613, #4797, #472 ) ) ;
#1383 = DIRECTION ( 'NONE',  ( -0.000000000000000000, 1.000000000000000000, -0.000000000000000000 ) ) ;
#1384 = AXIS2_PLACEMENT_3D ( 'NONE', #3980, #5790, #3812 ) ;
#1385 = ADVANCED_FACE ( 'NONE', ( #3758 ), #2415, .F. ) ;
#1386 = DIRECTION ( 'NONE',  ( -0.000000000000000000, -1.000000000000000000, -0.000000000000000000 ) ) ;
#1387 = EDGE_CURVE ( 'NONE', #408, #3806, #2932, .T. ) ;
#1388 = ORIENTED_EDGE ( 'NONE', *, *, #5531, .T. ) ;
#1389 = AXIS2_PLACEMENT_3D ( 'NONE', #4332, #4744, #1051 ) ;
#1390 = DIRECTION ( 'NONE',  ( 5.551115123125780730E-16, 0.000000000000000000, -1.000000000000000000 ) ) ;
#1391 = CIRCLE ( 'NONE', #3583, 1.500000000000001332 ) ;
#1392 = ORIENTED_EDGE ( 'NONE', *, *, #5605, .T. ) ;
#1393 = ORIENTED_EDGE ( 'NONE', *, *, #1753, .T. ) ;
#1394 = LINE ( 'NONE', #4696, #165 ) ;
#1395 = CARTESIAN_POINT ( 'NONE',  ( 39.99999999999997868, 0.000000000000000000, -120.0000000000000284 ) ) ;
#1396 = ORIENTED_EDGE ( 'NONE', *, *, #4692, .F. ) ;
#1397 = CIRCLE ( 'NONE', #5677, 150.0000000000000000 ) ;
#1398 = ORIENTED_EDGE ( 'NONE', *, *, #2047, .F. ) ;
#1399 = CARTESIAN_POINT ( 'NONE',  ( 117.9999999999999432, -0.001000000000000132727, 40.49008114612894360 ) ) ;
#1400 = LINE ( 'NONE', #5092, #4535 ) ;
#1401 = EDGE_CURVE ( 'NONE', #4847, #5832, #1102, .T. ) ;
#1402 = CARTESIAN_POINT ( 'NONE',  ( 63.04663118593860105, 3.001000000000000334, -54.99999999999986500 ) ) ;
#1403 = CIRCLE ( 'NONE', #5400, 1.499999999999994449 ) ;
#1404 = CARTESIAN_POINT ( 'NONE',  ( 117.9999999999999432, -0.001000000000000132727, -41.90991885387104787 ) ) ;
#1405 = VECTOR ( 'NONE', #1310, 1000.000000000000000 ) ;
#1407 = ORIENTED_EDGE ( 'NONE', *, *, #2496, .F. ) ;
#1406 = DIRECTION ( 'NONE',  ( 0.000000000000000000, 0.000000000000000000, -1.000000000000000000 ) ) ;
#1408 = CARTESIAN_POINT ( 'NONE',  ( 23.04663118593872895, 3.001000000000000334, 29.99999999999986144 ) ) ;
#1409 = PLANE ( 'NONE',  #1707 ) ;
#1410 = CIRCLE ( 'NONE', #1797, 1.250000000000007994 ) ;
#1411 = ORIENTED_EDGE ( 'NONE', *, *, #1967, .F. ) ;
#1412 = ORIENTED_EDGE ( 'NONE', *, *, #5864, .T. ) ;
#1413 = DIRECTION ( 'NONE',  ( 1.000000000000000000, 0.000000000000000000, 0.000000000000000000 ) ) ;
#1414 = VECTOR ( 'NONE', #2830, 1000.000000000000000 ) ;
#1415 = DIRECTION ( 'NONE',  ( 0.000000000000000000, -1.000000000000000000, 0.000000000000000000 ) ) ;
#1416 = CIRCLE ( 'NONE', #5510, 1.599999999999990319 ) ;
#1417 = ORIENTED_EDGE ( 'NONE', *, *, #2726, .T. ) ;
#1418 = AXIS2_PLACEMENT_3D ( 'NONE', #406, #5315, #1743 ) ;
#1419 = EDGE_CURVE ( 'NONE', #2164, #2611, #2860, .T. ) ;
#1420 = CARTESIAN_POINT ( 'NONE',  ( -130.9238835285132438, 3.000000000000000000, 94.21587757853255596 ) ) ;
#1421 = ORIENTED_EDGE ( 'NONE', *, *, #3535, .T. ) ;
#1422 = ORIENTED_EDGE ( 'NONE', *, *, #5040, .F. ) ;
#1423 = DIRECTION ( 'NONE',  ( 0.000000000000000000, 0.000000000000000000, 1.000000000000000000 ) ) ;
#1424 = FACE_BOUND ( 'NONE', #3078, .T. ) ;
#1425 = VECTOR ( 'NONE', #1811, 1000.000000000000000 ) ;
#1426 = CIRCLE ( 'NONE', #291, 1.600000000000004086 ) ;
#1427 = DIRECTION ( 'NONE',  ( 0.000000000000000000, 0.000000000000000000, 1.000000000000000000 ) ) ;
#1428 = ADVANCED_FACE ( 'NONE', ( #4211 ), #4653, .T. ) ;
#1429 = ORIENTED_EDGE ( 'NONE', *, *, #5698, .T. ) ;
#1430 = AXIS2_PLACEMENT_3D ( 'NONE', #575, #2801, #4126 ) ;
#1431 = CIRCLE ( 'NONE', #3901, 1.600000000000004086 ) ;
#1432 = VERTEX_POINT ( 'NONE', #2388 ) ;
#1433 = ORIENTED_EDGE ( 'NONE', *, *, #1362, .T. ) ;
#1434 = CARTESIAN_POINT ( 'NONE',  ( 131.9999999999999432, 0.000000000000000000, 43.69008114612898197 ) ) ;
#1435 = CYLINDRICAL_SURFACE ( 'NONE', #5294, 1.499999999999994449 ) ;
#1436 = ADVANCED_FACE ( 'NONE', ( #2506 ), #5599, .F. ) ;
#1437 = CARTESIAN_POINT ( 'NONE',  ( 24.64663118593873037, 3.000000000000000000, 29.99999999999986144 ) ) ;
#1438 = EDGE_CURVE ( 'NONE', #5576, #1432, #4181, .T. ) ;
#1439 = CARTESIAN_POINT ( 'NONE',  ( 84.64663118593871616, 3.001000000000000334, 30.00000000000000000 ) ) ;
#1441 = VERTEX_POINT ( 'NONE', #627 ) ;
#1440 = CARTESIAN_POINT ( 'NONE',  ( 16.22999999999997200, 3.000000000000000000, 80.80000000000003979 ) ) ;
#1442 = CARTESIAN_POINT ( 'NONE',  ( -33.35741419336066826, -7.000000000000000000, 44.24010619321096982 ) ) ;
#1443 = DIRECTION ( 'NONE',  ( 0.000000000000000000, -1.000000000000000000, 0.000000000000000000 ) ) ;
#1444 = VERTEX_POINT ( 'NONE', #5658 ) ;
#1445 = VERTEX_POINT ( 'NONE', #2444 ) ;
#1446 = CARTESIAN_POINT ( 'NONE',  ( -3.757414193360657073, 0.000000000000000000, -80.24010619321094850 ) ) ;
#1447 = DIRECTION ( 'NONE',  ( 0.000000000000000000, -1.000000000000000000, 0.000000000000000000 ) ) ;
#1448 = EDGE_LOOP ( 'NONE', ( #2200, #4125, #1176, #1936 ) ) ;
#1449 = CARTESIAN_POINT ( 'NONE',  ( 3.046631185938619701, 3.001000000000000334, -29.99999999999998579 ) ) ;
#1450 = ORIENTED_EDGE ( 'NONE', *, *, #3887, .F. ) ;
#1451 = EDGE_LOOP ( 'NONE', ( #1005, #4014, #2666, #988 ) ) ;
#1452 = DIRECTION ( 'NONE',  ( 0.000000000000000000, 0.000000000000000000, -1.000000000000000000 ) ) ;
#1453 = FACE_BOUND ( 'NONE', #1382, .T. ) ;
#1454 = EDGE_CURVE ( 'NONE', #2141, #765, #188, .T. ) ;
#1455 = DIRECTION ( 'NONE',  ( 0.000000000000000000, 0.000000000000000000, -1.000000000000000000 ) ) ;
#1456 = VERTEX_POINT ( 'NONE', #5183 ) ;
#1457 = CIRCLE ( 'NONE', #4132, 1.600000000000004086 ) ;
#1458 = ORIENTED_EDGE ( 'NONE', *, *, #1907, .T. ) ;
#1459 = ORIENTED_EDGE ( 'NONE', *, *, #3309, .F. ) ;
#1460 = DIRECTION ( 'NONE',  ( -3.854941057726238097E-16, -0.000000000000000000, -1.000000000000000000 ) ) ;
#1461 = EDGE_CURVE ( 'NONE', #2392, #5286, #4741, .T. ) ;
#1462 = DIRECTION ( 'NONE',  ( 0.000000000000000000, 1.000000000000000000, 0.000000000000000000 ) ) ;
#1463 = CARTESIAN_POINT ( 'NONE',  ( -6.957414193360691002, 3.000000000000000000, 44.24010619321096982 ) ) ;
#1464 = ADVANCED_FACE ( 'NONE', ( #3403 ), #5215, .F. ) ;
#1465 = DIRECTION ( 'NONE',  ( -1.000000000000000000, 0.000000000000000000, 1.156482317317871725E-16 ) ) ;
#1466 = DIRECTION ( 'NONE',  ( 0.000000000000000000, 1.000000000000000000, 0.000000000000000000 ) ) ;
#1467 = PLANE ( 'NONE',  #4764 ) ;
#1468 = VECTOR ( 'NONE', #4610, 1000.000000000000000 ) ;
#1469 = DIRECTION ( 'NONE',  ( 0.000000000000000000, 1.000000000000000000, -0.000000000000000000 ) ) ;
#1470 = ORIENTED_EDGE ( 'NONE', *, *, #4448, .T. ) ;
#1471 = ORIENTED_EDGE ( 'NONE', *, *, #1293, .T. ) ;
#1472 = CARTESIAN_POINT ( 'NONE',  ( -34.95741419336068390, 3.000000000000000000, -44.24010619321097693 ) ) ;
#1473 = ADVANCED_FACE ( 'NONE', ( #3437 ), #5813, .F. ) ;
#1474 = LINE ( 'NONE', #5080, #2177 ) ;
#1475 = ORIENTED_EDGE ( 'NONE', *, *, #1799, .F. ) ;
#1476 = FACE_OUTER_BOUND ( 'NONE', #303, .T. ) ;
#1477 = VERTEX_POINT ( 'NONE', #1168 ) ;
#1478 = VERTEX_POINT ( 'NONE', #1732 ) ;
#1479 = LINE ( 'NONE', #3660, #352 ) ;
#1480 = PLANE ( 'NONE',  #1583 ) ;
#1481 = LINE ( 'NONE', #1566, #5405 ) ;
#1482 = VERTEX_POINT ( 'NONE', #5272 ) ;
#1483 = ORIENTED_EDGE ( 'NONE', *, *, #833, .F. ) ;
#1484 = ORIENTED_EDGE ( 'NONE', *, *, #2816, .F. ) ;
#1485 = FACE_OUTER_BOUND ( 'NONE', #4818, .T. ) ;
#1486 = DIRECTION ( 'NONE',  ( 1.000000000000000000, 0.000000000000000000, 4.839898824559572281E-16 ) ) ;
#1487 = LINE ( 'NONE', #660, #1878 ) ;
#1488 = EDGE_CURVE ( 'NONE', #644, #2315, #1666, .T. ) ;
#1489 = DIRECTION ( 'NONE',  ( 0.000000000000000000, 0.000000000000000000, 1.000000000000000000 ) ) ;
#1490 = DIRECTION ( 'NONE',  ( 0.000000000000000000, 0.000000000000000000, 1.000000000000000000 ) ) ;
#1491 = CARTESIAN_POINT ( 'NONE',  ( 66.24663118593861100, 0.000000000000000000, -54.99999999999986500 ) ) ;
#1492 = DIRECTION ( 'NONE',  ( -2.478176394252581141E-16, 0.000000000000000000, 1.000000000000000000 ) ) ;
#1493 = VERTEX_POINT ( 'NONE', #3043 ) ;
#1494 = CIRCLE ( 'NONE', #3976, 1.250000000000001110 ) ;
#1495 = DIRECTION ( 'NONE',  ( -0.000000000000000000, -1.000000000000000000, -0.000000000000000000 ) ) ;
#1496 = ORIENTED_EDGE ( 'NONE', *, *, #4970, .T. ) ;
#1497 = LINE ( 'NONE', #4663, #3138 ) ;
#1498 = EDGE_CURVE ( 'NONE', #3506, #3349, #2977, .T. ) ;
#1499 = AXIS2_PLACEMENT_3D ( 'NONE', #2430, #3360, #1958 ) ;
#1500 = LINE ( 'NONE', #3803, #1601 ) ;
#1501 = ADVANCED_FACE ( 'NONE', ( #4476 ), #2213, .F. ) ;
#1502 = ORIENTED_EDGE ( 'NONE', *, *, #3152, .F. ) ;
#1503 = DIRECTION ( 'NONE',  ( 0.000000000000000000, 0.000000000000000000, -1.000000000000000000 ) ) ;
#1504 = VECTOR ( 'NONE', #702, 1000.000000000000000 ) ;
#1505 = EDGE_LOOP ( 'NONE', ( #5152, #171 ) ) ;
#1506 = VERTEX_POINT ( 'NONE', #4917 ) ;
#1507 = DIRECTION ( 'NONE',  ( 0.000000000000000000, 0.000000000000000000, 1.000000000000000000 ) ) ;
#1508 = DIRECTION ( 'NONE',  ( 0.000000000000000000, 0.000000000000000000, -1.000000000000000000 ) ) ;
#1509 = CARTESIAN_POINT ( 'NONE',  ( -5.357414193360693133, 3.000000000000000000, 44.24010619321096982 ) ) ;
#1510 = VECTOR ( 'NONE', #5334, 1000.000000000000000 ) ;
#1511 = DIRECTION ( 'NONE',  ( -0.000000000000000000, -1.000000000000000000, -0.000000000000000000 ) ) ;
#1512 = ORIENTED_EDGE ( 'NONE', *, *, #3590, .T. ) ;
#1513 = VERTEX_POINT ( 'NONE', #2617 ) ;
#1514 = VERTEX_POINT ( 'NONE', #4837 ) ;
#1515 = DIRECTION ( 'NONE',  ( 0.000000000000000000, 1.000000000000000000, -0.000000000000000000 ) ) ;
#1516 = CIRCLE ( 'NONE', #760, 1.600000000000004086 ) ;
#1517 = CIRCLE ( 'NONE', #4471, 12.50000000000000178 ) ;
#1518 = DIRECTION ( 'NONE',  ( -1.927470528863119049E-16, 0.000000000000000000, -1.000000000000000000 ) ) ;
#1519 = DIRECTION ( 'NONE',  ( -2.775557561562891844E-16, -0.000000000000000000, 1.000000000000000000 ) ) ;
#1520 = AXIS2_PLACEMENT_3D ( 'NONE', #875, #5402, #314 ) ;
#1521 = VECTOR ( 'NONE', #5150, 1000.000000000000000 ) ;
#1522 = CARTESIAN_POINT ( 'NONE',  ( 99.76999999999999602, 0.000000000000000000, -72.80000000000005400 ) ) ;
#1523 = CARTESIAN_POINT ( 'NONE',  ( 6.246631185938627873, 0.000000000000000000, -29.99999999999998579 ) ) ;
#1524 = DIRECTION ( 'NONE',  ( 0.000000000000000000, 0.000000000000000000, 1.000000000000000000 ) ) ;
#1525 = FACE_OUTER_BOUND ( 'NONE', #580, .T. ) ;
#1526 = EDGE_CURVE ( 'NONE', #4200, #4585, #468, .T. ) ;
#1527 = ORIENTED_EDGE ( 'NONE', *, *, #305, .T. ) ;
#1528 = DIRECTION ( 'NONE',  ( 0.000000000000000000, 0.000000000000000000, -1.000000000000000000 ) ) ;
#1529 = ORIENTED_EDGE ( 'NONE', *, *, #2769, .T. ) ;
#1530 = CARTESIAN_POINT ( 'NONE',  ( 94.64663118593871616, 3.001000000000000334, 30.00000000000000000 ) ) ;
#1531 = EDGE_CURVE ( 'NONE', #5379, #4277, #1898, .T. ) ;
#1532 = DIRECTION ( 'NONE',  ( -0.000000000000000000, -1.000000000000000000, -0.000000000000000000 ) ) ;
#1533 = ADVANCED_FACE ( 'NONE', ( #5359 ), #5748, .F. ) ;
#1534 = ORIENTED_EDGE ( 'NONE', *, *, #2670, .F. ) ;
#1535 = CARTESIAN_POINT ( 'NONE',  ( 26.24663118593862521, 3.000000000000000000, -29.99999999999986144 ) ) ;
#1536 = ORIENTED_EDGE ( 'NONE', *, *, #1144, .T. ) ;
#1537 = ORIENTED_EDGE ( 'NONE', *, *, #3757, .T. ) ;
#1538 = EDGE_CURVE ( 'NONE', #1032, #5057, #4380, .T. ) ;
#1539 = PERSON_AND_ORGANIZATION ( #4591, #3204 ) ;
#1540 = DIRECTION ( 'NONE',  ( 0.000000000000000000, 1.000000000000000000, 0.000000000000000000 ) ) ;
#1541 = DIRECTION ( 'NONE',  ( 0.000000000000000000, 0.000000000000000000, 1.000000000000000000 ) ) ;
#1542 = CYLINDRICAL_SURFACE ( 'NONE', #3814, 30.00000000000000000 ) ;
#1543 = VERTEX_POINT ( 'NONE', #276 ) ;
#1544 = EDGE_LOOP ( 'NONE', ( #1116, #2137, #3688, #1816 ) ) ;
#1545 = EDGE_LOOP ( 'NONE', ( #388, #5328, #2350, #701 ) ) ;
#1546 = CARTESIAN_POINT ( 'NONE',  ( 16.24663118593861100, 3.000000000000000000, -54.99999999999992184 ) ) ;
#1547 = CARTESIAN_POINT ( 'NONE',  ( 64.64663118593871616, 3.001000000000000334, 29.99999999999986144 ) ) ;
#1548 = LINE ( 'NONE', #4235, #5585 ) ;
#1549 = CARTESIAN_POINT ( 'NONE',  ( -115.3644381985056953, -0.001000000000000132727, -14.00000000000000000 ) ) ;
#1550 = LINE ( 'NONE', #630, #2809 ) ;
#1551 = CARTESIAN_POINT ( 'NONE',  ( -115.7144381985054906, 0.000000000000000000, 62.11903875405600672 ) ) ;
#1552 = DIRECTION ( 'NONE',  ( -0.000000000000000000, 1.000000000000000000, -0.000000000000000000 ) ) ;
#1553 = ORIENTED_EDGE ( 'NONE', *, *, #4499, .F. ) ;
#1554 = CARTESIAN_POINT ( 'NONE',  ( 4.646631185938623787, 0.000000000000000000, -29.99999999999998579 ) ) ;
#1555 = DIRECTION ( 'NONE',  ( 0.000000000000000000, 1.000000000000000000, -0.000000000000000000 ) ) ;
#1556 = ORIENTED_EDGE ( 'NONE', *, *, #2802, .T. ) ;
#1557 = DIRECTION ( 'NONE',  ( -0.000000000000000000, -1.000000000000000000, -0.000000000000000000 ) ) ;
#1558 = ORIENTED_EDGE ( 'NONE', *, *, #4127, .F. ) ;
#1559 = CARTESIAN_POINT ( 'NONE',  ( 60.22999999999996135, 0.000000000000000000, 74.40000000000007674 ) ) ;
#1560 = ORIENTED_EDGE ( 'NONE', *, *, #878, .T. ) ;
#1561 = ADVANCED_FACE ( 'NONE', ( #5691 ), #5249, .F. ) ;
#1562 = ORIENTED_EDGE ( 'NONE', *, *, #1636, .T. ) ;
#1563 = CALENDAR_DATE ( 2026, 29, 7 ) ;
#1564 = LINE ( 'NONE', #4763, #1845 ) ;
#1565 = ADVANCED_FACE ( 'NONE', ( #750 ), #4361, .F. ) ;
#1566 = CARTESIAN_POINT ( 'NONE',  ( 15.30514119515825300, 0.000000000000000000, -119.9999999999999716 ) ) ;
#1567 = DIRECTION ( 'NONE',  ( 0.000000000000000000, 0.000000000000000000, 1.000000000000000000 ) ) ;
#1568 = ORIENTED_EDGE ( 'NONE', *, *, #3167, .F. ) ;
#1569 = VERTEX_POINT ( 'NONE', #2124 ) ;
#1570 = ORIENTED_EDGE ( 'NONE', *, *, #2130, .T. ) ;
#1571 = DIRECTION ( 'NONE',  ( 0.000000000000000000, 0.000000000000000000, 1.000000000000000000 ) ) ;
#1572 = LINE ( 'NONE', #4863, #2541 ) ;
#1573 = CARTESIAN_POINT ( 'NONE',  ( -130.9238835285132438, 0.000000000000000000, -94.21587757853252754 ) ) ;
#1574 = ADVANCED_FACE ( 'NONE', ( #802 ), #2568, .F. ) ;
#1575 = AXIS2_PLACEMENT_3D ( 'NONE', #3793, #2917, #4150 ) ;
#1576 = CIRCLE ( 'NONE', #4531, 1.600000000000004086 ) ;
#1577 = DIRECTION ( 'NONE',  ( -0.000000000000000000, -1.000000000000000000, -0.000000000000000000 ) ) ;
#1578 = CIRCLE ( 'NONE', #1103, 1.250000000000007994 ) ;
#1579 = EDGE_CURVE ( 'NONE', #715, #4703, #4392, .T. ) ;
#1580 = DIRECTION ( 'NONE',  ( -0.000000000000000000, -1.000000000000000000, -0.000000000000000000 ) ) ;
#1581 = DIRECTION ( 'NONE',  ( 0.000000000000000000, 1.000000000000000000, 0.000000000000000000 ) ) ;
#1582 = CARTESIAN_POINT ( 'NONE',  ( -3.757414193360672616, 3.000000000000000000, -44.24010619321097693 ) ) ;
#1583 = AXIS2_PLACEMENT_3D ( 'NONE', #175, #5555, #1508 ) ;
#1584 = AXIS2_PLACEMENT_3D ( 'NONE', #416, #3964, #1368 ) ;
#1585 = ORIENTED_EDGE ( 'NONE', *, *, #2405, .F. ) ;
#1586 = DIRECTION ( 'NONE',  ( 1.000000000000000000, 0.000000000000000000, 0.000000000000000000 ) ) ;
#1587 = CIRCLE ( 'NONE', #1680, 1.599999999999990319 ) ;
#1588 = DIRECTION ( 'NONE',  ( 0.000000000000000000, 0.000000000000000000, 1.000000000000000000 ) ) ;
#1589 = ORIENTED_EDGE ( 'NONE', *, *, #3089, .T. ) ;
#1590 = CIRCLE ( 'NONE', #2334, 1.600000000000004086 ) ;
#1591 = FACE_OUTER_BOUND ( 'NONE', #3182, .T. ) ;
#1592 = ORIENTED_EDGE ( 'NONE', *, *, #4971, .F. ) ;
#1593 = DIRECTION ( 'NONE',  ( -0.000000000000000000, -1.000000000000000000, -0.000000000000000000 ) ) ;
#1594 = ORIENTED_EDGE ( 'NONE', *, *, #1941, .T. ) ;
#1595 = ORIENTED_EDGE ( 'NONE', *, *, #2381, .T. ) ;
#1596 = AXIS2_PLACEMENT_3D ( 'NONE', #1787, #32, #1821 ) ;
#1597 = LINE ( 'NONE', #2993, #5455 ) ;
#1598 = DIRECTION ( 'NONE',  ( 0.000000000000000000, 0.000000000000000000, -1.000000000000000000 ) ) ;
#1599 = EDGE_CURVE ( 'NONE', #4468, #5257, #4442, .T. ) ;
#1600 = FACE_OUTER_BOUND ( 'NONE', #2383, .T. ) ;
#1601 = VECTOR ( 'NONE', #3264, 1000.000000000000000 ) ;
#1602 = ORIENTED_EDGE ( 'NONE', *, *, #3410, .T. ) ;
#1603 = VERTEX_POINT ( 'NONE', #3068 ) ;
#1604 = EDGE_LOOP ( 'NONE', ( #4659, #2292, #2283, #4248 ) ) ;
#1605 = CARTESIAN_POINT ( 'NONE',  ( 73.04663118593872184, 0.000000000000000000, 54.99999999999992895 ) ) ;
#1606 = DIRECTION ( 'NONE',  ( 0.000000000000000000, 0.000000000000000000, 1.000000000000000000 ) ) ;
#1607 = VECTOR ( 'NONE', #4398, 1000.000000000000000 ) ;
#1608 = EDGE_CURVE ( 'NONE', #5236, #5064, #360, .T. ) ;
#1609 = CIRCLE ( 'NONE', #3323, 1.600000000000004086 ) ;
#1610 = CARTESIAN_POINT ( 'NONE',  ( 14.64663118593860425, 0.000000000000000000, -54.99999999999992184 ) ) ;
#1611 = AXIS2_PLACEMENT_3D ( 'NONE', #5371, #789, #3109 ) ;
#1612 = DIRECTION ( 'NONE',  ( 0.000000000000000000, 0.000000000000000000, 1.000000000000000000 ) ) ;
#1613 = ADVANCED_FACE ( 'NONE', ( #5034 ), #4054, .F. ) ;
#1614 = CARTESIAN_POINT ( 'NONE',  ( 113.7700000000000102, 3.000000000000000000, -80.80000000000006821 ) ) ;
#1615 = DIRECTION ( 'NONE',  ( -0.000000000000000000, -1.000000000000000000, -0.000000000000000000 ) ) ;
#1616 = EDGE_CURVE ( 'NONE', #1277, #5406, #3251, .T. ) ;
#1617 = CARTESIAN_POINT ( 'NONE',  ( 63.04663118593871474, 3.000000000000000000, 29.99999999999986144 ) ) ;
#1618 = AXIS2_PLACEMENT_3D ( 'NONE', #223, #5817, #1320 ) ;
#1619 = ORIENTED_EDGE ( 'NONE', *, *, #2092, .F. ) ;
#1620 = AXIS2_PLACEMENT_3D ( 'NONE', #5256, #4368, #2485 ) ;
#1621 = CARTESIAN_POINT ( 'NONE',  ( -144.7144381985054906, -5.000000000000000000, 31.30000000000029914 ) ) ;
#1622 = CARTESIAN_POINT ( 'NONE',  ( -115.3644381985056953, 3.000000000000000000, 14.00000000000000178 ) ) ;
#1623 = EDGE_LOOP ( 'NONE', ( #3419, #5208, #4344, #3413 ) ) ;
#1624 = LINE ( 'NONE', #2986, #2526 ) ;
#1625 = ORIENTED_EDGE ( 'NONE', *, *, #1133, .T. ) ;
#1626 = CARTESIAN_POINT ( 'NONE',  ( -45.71443819850549772, 0.000000000000000000, -63.88096124594397196 ) ) ;
#1627 = ORIENTED_EDGE ( 'NONE', *, *, #79, .F. ) ;
#1628 = ORIENTED_EDGE ( 'NONE', *, *, #4699, .F. ) ;
#1629 = DIRECTION ( 'NONE',  ( 1.000000000000000000, 0.000000000000000000, 0.000000000000000000 ) ) ;
#1630 = DIRECTION ( 'NONE',  ( 0.000000000000000000, 1.000000000000000000, 0.000000000000000000 ) ) ;
#1631 = FACE_OUTER_BOUND ( 'NONE', #1684, .T. ) ;
#1632 = CARTESIAN_POINT ( 'NONE',  ( -80.71443819850550483, 3.001000000000000334, -62.38096124594397196 ) ) ;
#1633 = ORIENTED_EDGE ( 'NONE', *, *, #2802, .F. ) ;
#1634 = ORIENTED_EDGE ( 'NONE', *, *, #2834, .T. ) ;
#1635 = ORIENTED_EDGE ( 'NONE', *, *, #2130, .F. ) ;
#1636 = EDGE_CURVE ( 'NONE', #2246, #1810, #448, .T. ) ;
#1637 = CARTESIAN_POINT ( 'NONE',  ( 30.22999999999997200, 3.000000000000000000, 74.40000000000004832 ) ) ;
#1638 = CARTESIAN_POINT ( 'NONE',  ( 64.64663118593871616, 0.000000000000000000, 29.99999999999986144 ) ) ;
#1639 = EDGE_CURVE ( 'NONE', #765, #4458, #4470, .T. ) ;
#1640 = DIRECTION ( 'NONE',  ( -2.775557561562892337E-16, 0.000000000000000000, -1.000000000000000000 ) ) ;
#1641 = CARTESIAN_POINT ( 'NONE',  ( 73.04663118593872184, 3.000000000000000000, 54.99999999999992895 ) ) ;
#1642 = DIRECTION ( 'NONE',  ( -2.775557561562892337E-16, 0.000000000000000000, -1.000000000000000000 ) ) ;
#1643 = CARTESIAN_POINT ( 'NONE',  ( 117.9999999999999432, 0.000000000000000000, -41.90991885387104787 ) ) ;
#1644 = EDGE_CURVE ( 'NONE', #3151, #1751, #4561, .T. ) ;
#1645 = ORIENTED_EDGE ( 'NONE', *, *, #5804, .T. ) ;
#1646 = DIRECTION ( 'NONE',  ( -0.000000000000000000, 1.000000000000000000, -0.000000000000000000 ) ) ;
#1647 = DIRECTION ( 'NONE',  ( 0.000000000000000000, 0.000000000000000000, 1.000000000000000000 ) ) ;
#1648 = ADVANCED_FACE ( 'NONE', ( #5426 ), #4145, .F. ) ;
#1649 = VERTEX_POINT ( 'NONE', #5839 ) ;
#1650 = CARTESIAN_POINT ( 'NONE',  ( 23.04663118593872184, 3.001000000000000334, 54.99999999999985789 ) ) ;
#1651 = ORIENTED_EDGE ( 'NONE', *, *, #5024, .T. ) ;
#1652 = DIRECTION ( 'NONE',  ( -0.000000000000000000, 1.000000000000000000, -0.000000000000000000 ) ) ;
#1653 = EDGE_LOOP ( 'NONE', ( #4282, #325, #2821, #4604 ) ) ;
#1654 = ORIENTED_EDGE ( 'NONE', *, *, #5504, .T. ) ;
#1655 = EDGE_CURVE ( 'NONE', #606, #5200, #1848, .T. ) ;
#1656 = COORDINATED_UNIVERSAL_TIME_OFFSET ( 8, 0, .AHEAD. ) ;
#1657 = DIRECTION ( 'NONE',  ( -0.000000000000000000, 1.000000000000000000, -0.000000000000000000 ) ) ;
#1658 = CARTESIAN_POINT ( 'NONE',  ( -80.71443819850549062, 3.000000000000000000, 62.11903875405601383 ) ) ;
#1659 = CARTESIAN_POINT ( 'NONE',  ( 74.64663118593861668, 0.000000000000000000, -54.99999999999992895 ) ) ;
#1660 = DIRECTION ( 'NONE',  ( -0.000000000000000000, -1.000000000000000000, -0.000000000000000000 ) ) ;
#1661 = ORIENTED_EDGE ( 'NONE', *, *, #3034, .F. ) ;
#1662 = VERTEX_POINT ( 'NONE', #2795 ) ;
#1663 = CARTESIAN_POINT ( 'NONE',  ( 89.99999999999997158, 3.000000000000000000, 93.00000000000008527 ) ) ;
#1664 = DIRECTION ( 'NONE',  ( -0.000000000000000000, 1.000000000000000000, -0.000000000000000000 ) ) ;
#1665 = MANIFOLD_SOLID_BREP ( '\X2\955c5411\X0\1', #1701 ) ;
#1666 = LINE ( 'NONE', #1194, #3038 ) ;
#1667 = AXIS2_PLACEMENT_3D ( 'NONE', #340, #2159, #4897 ) ;
#1668 = CARTESIAN_POINT ( 'NONE',  ( -45.71443819850549772, 3.001000000000000334, -62.38096124594397196 ) ) ;
#1669 = CYLINDRICAL_SURFACE ( 'NONE', #3674, 1.599999999999997202 ) ;
#1670 = CARTESIAN_POINT ( 'NONE',  ( 39.99999999999997158, 0.000000000000000000, 90.00000000000005684 ) ) ;
#1671 = EDGE_CURVE ( 'NONE', #815, #3591, #1758, .T. ) ;
#1672 = CIRCLE ( 'NONE', #1575, 1.500000000000001332 ) ;
#1673 = DIRECTION ( 'NONE',  ( 0.000000000000000000, 0.000000000000000000, 1.000000000000000000 ) ) ;
#1674 = DIRECTION ( 'NONE',  ( 0.000000000000000000, 0.000000000000000000, 1.000000000000000000 ) ) ;
#1675 = CIRCLE ( 'NONE', #5104, 1.600000000000004086 ) ;
#1676 = VERTEX_POINT ( 'NONE', #1434 ) ;
#1677 = VECTOR ( 'NONE', #1284, 1000.000000000000000 ) ;
#1678 = LINE ( 'NONE', #3500, #4179 ) ;
#1679 = ORIENTED_EDGE ( 'NONE', *, *, #4203, .F. ) ;
#1680 = AXIS2_PLACEMENT_3D ( 'NONE', #3525, #3072, #4893 ) ;
#1681 = CARTESIAN_POINT ( 'NONE',  ( 16.24663118593861100, 3.001000000000000334, -54.99999999999992184 ) ) ;
#1682 = AXIS2_PLACEMENT_3D ( 'NONE', #3002, #2531, #1165 ) ;
#1683 = ORIENTED_EDGE ( 'NONE', *, *, #1579, .F. ) ;
#1684 = EDGE_LOOP ( 'NONE', ( #47, #3035, #232, #402 ) ) ;
#1685 = EDGE_CURVE ( 'NONE', #1892, #5310, #505, .T. ) ;
#1686 = EDGE_CURVE ( 'NONE', #2746, #1726, #12, .T. ) ;
#1687 = VECTOR ( 'NONE', #1664, 1000.000000000000000 ) ;
#1688 = DIRECTION ( 'NONE',  ( 0.000000000000000000, 1.000000000000000000, 0.000000000000000000 ) ) ;
#1689 = APPROVAL_PERSON_ORGANIZATION ( #2114, #5853, #1992 ) ;
#1690 = EDGE_CURVE ( 'NONE', #3940, #3696, #1791, .T. ) ;
#1691 = DIRECTION ( 'NONE',  ( -0.000000000000000000, 0.000000000000000000, 1.000000000000000000 ) ) ;
#1692 = DIRECTION ( 'NONE',  ( 0.000000000000000000, -1.000000000000000000, 0.000000000000000000 ) ) ;
#1693 = VECTOR ( 'NONE', #5799, 1000.000000000000000 ) ;
#1694 = ORIENTED_EDGE ( 'NONE', *, *, #1655, .F. ) ;
#1695 = ORIENTED_EDGE ( 'NONE', *, *, #3167, .T. ) ;
#1696 = FACE_BOUND ( 'NONE', #585, .T. ) ;
#1697 = DIRECTION ( 'NONE',  ( 0.000000000000000000, -1.000000000000000000, 0.000000000000000000 ) ) ;
#1698 = AXIS2_PLACEMENT_3D ( 'NONE', #641, #3234, #2810 ) ;
#1699 = CARTESIAN_POINT ( 'NONE',  ( 24.64663118593873037, 3.001000000000000334, 28.39999999999985647 ) ) ;
#1700 = CIRCLE ( 'NONE', #391, 1.600000000000004086 ) ;
#1701 = CLOSED_SHELL ( 'NONE', ( #63, #1933, #4353, #4085, #916, #4420, #4603, #3315, #3865, #1918, #4886, #1718, #92, #4372, #166, #2368, #3212, #2903, #523, #2256, #1464, #2323, #2671, #2629, #2515, #632, #4155, #1217, #3202, #2585, #3098, #4728, #558, #3223, #3624, #2306, #508, #3683, #5565, #4502, #5687, #5430, #1565, #730, #1501, #4899, #1946, #3030, #5276, #4342, #5075, #4268, #5146, #3643, #5287, #4787, #2378, #3124, #1786, #187, #4748, #5434, #4064, #3693, #4911, #1092, #1871, #696, #38, #1436, #5223, #966, #2268, #4381, #1070, #2741, #3502, #2994, #4527, #5133, #1971, #423, #5474, #277, #954, #1279, #4021, #1613, #982, #2618, #4930, #3667, #3285, #2086, #4388, #3699, #1648, #1561, #4496, #1473, #4737, #4323, #2150, #1067, #4923, #5573, #4012, #2482, #2656, #5184, #3468, #2811, #2366, #5647, #4307, #4097, #4520, #5066, #4824, #1167, #4058, #743, #4988, #2534, #3436, #772, #1574, #5496, #602, #991, #482, #2489, #799, #3581, #1207, #618, #5107, #407, #2510, #3850, #3499, #2477, #3883, #2613, #776, #5007, #1385, #905, #1735, #2128, #2911, #3197, #2228, #2565, #2552, #5470, #13, #628, #2924, #235, #4811, #1428, #4100, #1334, #1533, #4888 ) ) ;
#1702 = LINE ( 'NONE', #1641, #3490 ) ;
#1703 = CARTESIAN_POINT ( 'NONE',  ( 24.64663118593861313, 3.000000000000000000, -56.59999999999985931 ) ) ;
#1704 = CARTESIAN_POINT ( 'NONE',  ( 131.9999999999999432, -0.001000000000000132727, 42.09008114612898765 ) ) ;
#1705 = VECTOR ( 'NONE', #1460, 1000.000000000000000 ) ;
#1706 = AXIS2_PLACEMENT_3D ( 'NONE', #1681, #3504, #4848 ) ;
#1707 = AXIS2_PLACEMENT_3D ( 'NONE', #2247, #4185, #461 ) ;
#1708 = CARTESIAN_POINT ( 'NONE',  ( -6.957414193360691002, -7.000000000000000000, 44.24010619321096982 ) ) ;
#1709 = CARTESIAN_POINT ( 'NONE',  ( 23.04663118593861526, 3.000000000000000000, -29.99999999999986144 ) ) ;
#1710 = AXIS2_PLACEMENT_3D ( 'NONE', #4678, #1042, #2436 ) ;
#1711 = CIRCLE ( 'NONE', #5707, 1.600000000000004086 ) ;
#1712 = ORIENTED_EDGE ( 'NONE', *, *, #1327, .T. ) ;
#1713 = EDGE_CURVE ( 'NONE', #5261, #3505, #1347, .T. ) ;
#1714 = LINE ( 'NONE', #5341, #2996 ) ;
#1715 = CIRCLE ( 'NONE', #3526, 1.500000000000001332 ) ;
#1716 = ORIENTED_EDGE ( 'NONE', *, *, #5397, .F. ) ;
#1717 = DIRECTION ( 'NONE',  ( 0.000000000000000000, 0.000000000000000000, 1.000000000000000000 ) ) ;
#1718 = ADVANCED_FACE ( 'NONE', ( #420 ), #895, .F. ) ;
#1719 = EDGE_LOOP ( 'NONE', ( #2680, #3427, #1360, #1407 ) ) ;
#1720 = CARTESIAN_POINT ( 'NONE',  ( -45.71443819850548351, 3.001000000000000334, 63.61903875405599962 ) ) ;
#1721 = ORIENTED_EDGE ( 'NONE', *, *, #5835, .T. ) ;
#1722 = DIRECTION ( 'NONE',  ( 0.000000000000000000, 0.000000000000000000, -1.000000000000000000 ) ) ;
#1723 = EDGE_CURVE ( 'NONE', #5083, #5319, #4530, .T. ) ;
#1724 = DIRECTION ( 'NONE',  ( -0.000000000000000000, -1.000000000000000000, -0.000000000000000000 ) ) ;
#1725 = DIRECTION ( 'NONE',  ( -0.000000000000000000, -1.000000000000000000, -0.000000000000000000 ) ) ;
#1726 = VERTEX_POINT ( 'NONE', #5003 ) ;
#1727 = EDGE_LOOP ( 'NONE', ( #2016, #248, #4950, #3877 ) ) ;
#1728 = DIRECTION ( 'NONE',  ( 0.000000000000000000, -0.000000000000000000, 1.000000000000000000 ) ) ;
#1729 = EDGE_CURVE ( 'NONE', #77, #4666, #661, .T. ) ;
#1730 = FACE_OUTER_BOUND ( 'NONE', #2231, .T. ) ;
#1731 = ORIENTED_EDGE ( 'NONE', *, *, #1419, .T. ) ;
#1732 = CARTESIAN_POINT ( 'NONE',  ( 64.64663118593860247, 3.000000000000000000, -56.59999999999986642 ) ) ;
#1733 = CARTESIAN_POINT ( 'NONE',  ( -144.7144381985054906, 3.000000000000000000, 31.30000000000029914 ) ) ;
#1734 = DIRECTION ( 'NONE',  ( -3.854941057726238097E-16, 0.000000000000000000, 1.000000000000000000 ) ) ;
#1735 = ADVANCED_FACE ( 'NONE', ( #481 ), #981, .F. ) ;
#1736 = CARTESIAN_POINT ( 'NONE',  ( -3.757414193360684607, -7.000000000000000000, 44.24010619321096982 ) ) ;
#1737 = CARTESIAN_POINT ( 'NONE',  ( 74.64663118593873037, 0.000000000000000000, 29.99999999999992895 ) ) ;
#1738 = CARTESIAN_POINT ( 'NONE',  ( 73.04663118593872184, 3.000000000000000000, 54.99999999999992895 ) ) ;
#1739 = CARTESIAN_POINT ( 'NONE',  ( -3.757414193360665067, 3.000000000000000000, 80.24010619321096272 ) ) ;
#1740 = VERTEX_POINT ( 'NONE', #3664 ) ;
#1741 = ORIENTED_EDGE ( 'NONE', *, *, #4418, .F. ) ;
#1742 = CC_DESIGN_DATE_AND_TIME_ASSIGNMENT ( #4377, #2495, ( #143 ) ) ;
#1743 = DIRECTION ( 'NONE',  ( 0.000000000000000000, 0.000000000000000000, -1.000000000000000000 ) ) ;
#1744 = ORIENTED_EDGE ( 'NONE', *, *, #5216, .F. ) ;
#1745 = CARTESIAN_POINT ( 'NONE',  ( 15.30514119515825300, 3.000000000000000000, -119.9999999999999716 ) ) ;
#1746 = EDGE_LOOP ( 'NONE', ( #3695, #2583, #5015, #4497 ) ) ;
#1747 = CARTESIAN_POINT ( 'NONE',  ( -28.70414209279597628, 3.000000000000000000, 34.99999999999999289 ) ) ;
#1748 = CARTESIAN_POINT ( 'NONE',  ( 3.046631185938605935, 3.000000000000000000, -54.99999999999999289 ) ) ;
#1749 = EDGE_CURVE ( 'NONE', #2341, #493, #531, .T. ) ;
#1750 = CARTESIAN_POINT ( 'NONE',  ( 74.64663118593873037, 3.001000000000000334, 29.99999999999992895 ) ) ;
#1751 = VERTEX_POINT ( 'NONE', #1097 ) ;
#1752 = ORIENTED_EDGE ( 'NONE', *, *, #4971, .T. ) ;
#1753 = EDGE_CURVE ( 'NONE', #2172, #971, #4657, .T. ) ;
#1754 = FACE_BOUND ( 'NONE', #2792, .T. ) ;
#1755 = CARTESIAN_POINT ( 'NONE',  ( -34.95741419336069811, -7.000000000000000000, -80.24010619321096272 ) ) ;
#1756 = ORIENTED_EDGE ( 'NONE', *, *, #3318, .T. ) ;
#1757 = ORIENTED_EDGE ( 'NONE', *, *, #487, .T. ) ;
#1758 = LINE ( 'NONE', #3576, #1995 ) ;
#1759 = CARTESIAN_POINT ( 'NONE',  ( -45.71443819850549772, 0.000000000000000000, -62.38096124594397196 ) ) ;
#1760 = CARTESIAN_POINT ( 'NONE',  ( 94.64663118593871616, 3.001000000000000334, 28.39999999999999503 ) ) ;
#1761 = AXIS2_PLACEMENT_3D ( 'NONE', #296, #1291, #4929 ) ;
#1762 = EDGE_CURVE ( 'NONE', #3386, #2119, #214, .T. ) ;
#1763 = FACE_OUTER_BOUND ( 'NONE', #4135, .T. ) ;
#1764 = EDGE_CURVE ( 'NONE', #3742, #2512, #3998, .T. ) ;
#1765 = EDGE_CURVE ( 'NONE', #1506, #1569, #2654, .T. ) ;
#1766 = DIRECTION ( 'NONE',  ( 0.000000000000000000, 0.000000000000000000, -1.000000000000000000 ) ) ;
#1767 = CARTESIAN_POINT ( 'NONE',  ( 23.04663118593872184, 3.000000000000000000, 54.99999999999985789 ) ) ;
#1768 = CARTESIAN_POINT ( 'NONE',  ( 66.24663118593872468, 3.001000000000000334, 54.99999999999986500 ) ) ;
#1769 = EDGE_LOOP ( 'NONE', ( #1113, #2427, #2734, #670, #1869 ) ) ;
#1770 = CYLINDRICAL_SURFACE ( 'NONE', #4606, 12.50000000000000178 ) ;
#1771 = CIRCLE ( 'NONE', #1021, 1.600000000000018074 ) ;
#1772 = ORIENTED_EDGE ( 'NONE', *, *, #3093, .T. ) ;
#1773 = LINE ( 'NONE', #1210, #5036 ) ;
#1774 = EDGE_LOOP ( 'NONE', ( #4634, #2662, #4973, #4812 ) ) ;
#1775 = AXIS2_PLACEMENT_3D ( 'NONE', #753, #2620, #805 ) ;
#1776 = LINE ( 'NONE', #5825, #4660 ) ;
#1777 = VECTOR ( 'NONE', #4094, 1000.000000000000000 ) ;
#1778 = DIRECTION ( 'NONE',  ( 0.000000000000000000, 0.000000000000000000, -1.000000000000000000 ) ) ;
#1779 = CARTESIAN_POINT ( 'NONE',  ( 76.24663118593873889, 3.001000000000000334, 54.99999999999992895 ) ) ;
#1780 = CIRCLE ( 'NONE', #5198, 1.499999999999987566 ) ;
#1781 = CARTESIAN_POINT ( 'NONE',  ( -33.35741419336066826, -7.000000000000000000, -44.24010619321096982 ) ) ;
#1782 = EDGE_LOOP ( 'NONE', ( #2906, #3110, #2559, #3469 ) ) ;
#1783 = ORIENTED_EDGE ( 'NONE', *, *, #2173, .F. ) ;
#1784 = FACE_BOUND ( 'NONE', #1328, .T. ) ;
#1785 = LOCAL_TIME ( 22, 22, 4.000000000000000000, #1656 ) ;
#1786 = ADVANCED_FACE ( 'NONE', ( #4263 ), #2825, .F. ) ;
#1787 = CARTESIAN_POINT ( 'NONE',  ( 55.76999999999998181, 0.000000000000000000, -80.80000000000005400 ) ) ;
#1788 = AXIS2_PLACEMENT_3D ( 'NONE', #5596, #216, #570 ) ;
#1789 = ORIENTED_EDGE ( 'NONE', *, *, #503, .T. ) ;
#1790 = ORIENTED_EDGE ( 'NONE', *, *, #365, .F. ) ;
#1791 = LINE ( 'NONE', #1313, #286 ) ;
#1792 = EDGE_CURVE ( 'NONE', #3896, #4877, #1416, .T. ) ;
#1793 = DIRECTION ( 'NONE',  ( -0.000000000000000000, -1.000000000000000000, -0.000000000000000000 ) ) ;
#1794 = CARTESIAN_POINT ( 'NONE',  ( 131.9999999999999432, -0.001000000000000132727, 40.49008114612898623 ) ) ;
#1795 = VECTOR ( 'NONE', #866, 1000.000000000000000 ) ;
#1796 = CARTESIAN_POINT ( 'NONE',  ( -88.11443819850511261, 3.000000000000000000, 30.05000000000060822 ) ) ;
#1797 = AXIS2_PLACEMENT_3D ( 'NONE', #3682, #5495, #583 ) ;
#1798 = DIRECTION ( 'NONE',  ( 0.000000000000000000, 0.000000000000000000, -1.000000000000000000 ) ) ;
#1799 = EDGE_CURVE ( 'NONE', #4365, #4298, #2938, .T. ) ;
#1800 = CARTESIAN_POINT ( 'NONE',  ( 24.64663118593873037, 0.000000000000000000, 29.99999999999986144 ) ) ;
#1801 = CYLINDRICAL_SURFACE ( 'NONE', #4861, 1.600000000000004086 ) ;
#1802 = EDGE_LOOP ( 'NONE', ( #5122, #5280, #1790, #4400 ) ) ;
#1803 = FACE_OUTER_BOUND ( 'NONE', #5772, .T. ) ;
#1804 = AXIS2_PLACEMENT_3D ( 'NONE', #1737, #1287, #3049 ) ;
#1805 = AXIS2_PLACEMENT_3D ( 'NONE', #5443, #2371, #945 ) ;
#1806 = ORIENTED_EDGE ( 'NONE', *, *, #5311, .F. ) ;
#1807 = CARTESIAN_POINT ( 'NONE',  ( 13.04663118593860105, 3.001000000000000334, -54.99999999999992184 ) ) ;
#1808 = AXIS2_PLACEMENT_3D ( 'NONE', #1228, #3944, #307 ) ;
#1809 = AXIS2_PLACEMENT_3D ( 'NONE', #1632, #650, #5589 ) ;
#1810 = VERTEX_POINT ( 'NONE', #4299 ) ;
#1811 = DIRECTION ( 'NONE',  ( -0.000000000000000000, -1.000000000000000000, -0.000000000000000000 ) ) ;
#1812 = CIRCLE ( 'NONE', #368, 1.600000000000004086 ) ;
#1813 = CARTESIAN_POINT ( 'NONE',  ( 74.64663118593873037, 3.001000000000000334, 54.99999999999992895 ) ) ;
#1814 = AXIS2_PLACEMENT_3D ( 'NONE', #4992, #3740, #4131 ) ;
#1815 = VECTOR ( 'NONE', #1495, 1000.000000000000000 ) ;
#1816 = ORIENTED_EDGE ( 'NONE', *, *, #4061, .F. ) ;
#1817 = CARTESIAN_POINT ( 'NONE',  ( 60.22999999999996135, 0.000000000000000000, 72.80000000000006821 ) ) ;
#1818 = ORIENTED_EDGE ( 'NONE', *, *, #21, .F. ) ;
#1819 = VERTEX_POINT ( 'NONE', #1546 ) ;
#1820 = CARTESIAN_POINT ( 'NONE',  ( 94.64663118593871616, 3.000000000000000000, 30.00000000000000000 ) ) ;
#1821 = DIRECTION ( 'NONE',  ( 0.000000000000000000, 0.000000000000000000, 1.000000000000000000 ) ) ;
#1822 = ORIENTED_EDGE ( 'NONE', *, *, #4692, .T. ) ;
#1823 = EDGE_CURVE ( 'NONE', #2038, #419, #3707, .T. ) ;
#1824 = ORIENTED_EDGE ( 'NONE', *, *, #4675, .F. ) ;
#1825 = CARTESIAN_POINT ( 'NONE',  ( 94.64663118593871616, 3.001000000000000334, 55.00000000000000000 ) ) ;
#1826 = FACE_OUTER_BOUND ( 'NONE', #4218, .T. ) ;
#1827 = DIRECTION ( 'NONE',  ( -0.000000000000000000, -1.000000000000000000, -0.000000000000000000 ) ) ;
#1828 = CARTESIAN_POINT ( 'NONE',  ( 16.24663118593872113, 3.000000000000000000, 54.99999999999992184 ) ) ;
#1829 = DIRECTION ( 'NONE',  ( 0.000000000000000000, 0.000000000000000000, 1.000000000000000000 ) ) ;
#1830 = CYLINDRICAL_SURFACE ( 'NONE', #3582, 1.600000000000038947 ) ;
#1831 = EDGE_CURVE ( 'NONE', #3125, #1456, #1965, .T. ) ;
#1832 = EDGE_LOOP ( 'NONE', ( #1072, #3709, #34, #4340, #11 ) ) ;
#1833 = CARTESIAN_POINT ( 'NONE',  ( -28.70414209279597628, 0.000000000000000000, -35.00000000000000711 ) ) ;
#1834 = EDGE_LOOP ( 'NONE', ( #640, #2766, #2934, #5574 ) ) ;
#1835 = ORIENTED_EDGE ( 'NONE', *, *, #5365, .T. ) ;
#1836 = LINE ( 'NONE', #4219, #2850 ) ;
#1837 = FACE_OUTER_BOUND ( 'NONE', #3503, .T. ) ;
#1838 = ORIENTED_EDGE ( 'NONE', *, *, #1579, .T. ) ;
#1839 = DIRECTION ( 'NONE',  ( -1.927470528863119049E-16, 0.000000000000000000, -1.000000000000000000 ) ) ;
#1840 = ORIENTED_EDGE ( 'NONE', *, *, #3433, .F. ) ;
#1841 = EDGE_CURVE ( 'NONE', #3452, #162, #2384, .T. ) ;
#1842 = EDGE_LOOP ( 'NONE', ( #679, #4088, #3720, #194 ) ) ;
#1843 = DIRECTION ( 'NONE',  ( 0.000000000000000000, 0.000000000000000000, 1.000000000000000000 ) ) ;
#1844 = LINE ( 'NONE', #4978, #2641 ) ;
#1845 = VECTOR ( 'NONE', #5202, 1000.000000000000000 ) ;
#1846 = VERTEX_POINT ( 'NONE', #4704 ) ;
#1847 = ORIENTED_EDGE ( 'NONE', *, *, #58, .F. ) ;
#1848 = LINE ( 'NONE', #3640, #2280 ) ;
#1849 = CARTESIAN_POINT ( 'NONE',  ( -33.35741419336066826, 3.000000000000000000, 44.24010619321096982 ) ) ;
#1850 = DIRECTION ( 'NONE',  ( 0.000000000000000000, 0.000000000000000000, 1.000000000000000000 ) ) ;
#1851 = LINE ( 'NONE', #4619, #1148 ) ;
#1853 = ORIENTED_EDGE ( 'NONE', *, *, #1198, .F. ) ;
#1852 = CARTESIAN_POINT ( 'NONE',  ( 14.64663118593872326, 3.000000000000000000, 29.99999999999991473 ) ) ;
#1854 = CARTESIAN_POINT ( 'NONE',  ( 89.99999999999997158, 3.000000000000000000, -120.0000000000000284 ) ) ;
#1855 = VECTOR ( 'NONE', #5544, 1000.000000000000000 ) ;
#1856 = DIRECTION ( 'NONE',  ( 0.000000000000000000, -1.000000000000000000, 0.000000000000000000 ) ) ;
#1857 = EDGE_CURVE ( 'NONE', #4048, #1949, #1516, .T. ) ;
#1858 = ORIENTED_EDGE ( 'NONE', *, *, #2597, .F. ) ;
#1859 = ORIENTED_EDGE ( 'NONE', *, *, #4590, .F. ) ;
#1860 = CARTESIAN_POINT ( 'NONE',  ( -33.35741419336066826, 3.000000000000000000, -42.64010619321096840 ) ) ;
#1861 = EDGE_CURVE ( 'NONE', #5177, #2336, #566, .T. ) ;
#1862 = AXIS2_PLACEMENT_3D ( 'NONE', #3669, #40, #4101 ) ;
#1863 = CARTESIAN_POINT ( 'NONE',  ( -75.12344610756727548, 3.000000000000000000, 12.50000000000000178 ) ) ;
#1864 = ORIENTED_EDGE ( 'NONE', *, *, #3909, .T. ) ;
#1865 = CIRCLE ( 'NONE', #910, 1.600000000000004086 ) ;
#1866 = CARTESIAN_POINT ( 'NONE',  ( 6.246631185938738895, 3.000000000000000000, 29.99999999999998579 ) ) ;
#1867 = EDGE_CURVE ( 'NONE', #3638, #4308, #5561, .T. ) ;
#1868 = CIRCLE ( 'NONE', #5101, 1.600000000000004086 ) ;
#1869 = ORIENTED_EDGE ( 'NONE', *, *, #1293, .F. ) ;
#1870 = EDGE_LOOP ( 'NONE', ( #2551, #1265, #1900, #1594 ) ) ;
#1871 = ADVANCED_FACE ( 'NONE', ( #1485 ), #1073, .F. ) ;
#1872 = CARTESIAN_POINT ( 'NONE',  ( 94.64663118593871616, 3.000000000000000000, 30.00000000000000000 ) ) ;
#1873 = DIRECTION ( 'NONE',  ( 0.000000000000000000, -0.000000000000000000, 1.000000000000000000 ) ) ;
#1874 = CARTESIAN_POINT ( 'NONE',  ( 131.9999999999999432, 0.000000000000000000, 42.09008114612898765 ) ) ;
#1875 = VECTOR ( 'NONE', #830, 1000.000000000000000 ) ;
#1876 = EDGE_CURVE ( 'NONE', #2467, #3156, #2376, .T. ) ;
#1877 = ORIENTED_EDGE ( 'NONE', *, *, #1753, .F. ) ;
#1878 = VECTOR ( 'NONE', #5656, 1000.000000000000114 ) ;
#1879 = ORIENTED_EDGE ( 'NONE', *, *, #3611, .T. ) ;
#1880 = DIRECTION ( 'NONE',  ( 0.000000000000000000, 0.000000000000000000, 1.000000000000000000 ) ) ;
#1881 = DIRECTION ( 'NONE',  ( -0.000000000000000000, 1.000000000000000000, -0.000000000000000000 ) ) ;
#1882 = DIRECTION ( 'NONE',  ( -0.000000000000000000, -1.000000000000000000, -0.000000000000000000 ) ) ;
#1883 = CIRCLE ( 'NONE', #4732, 1.499999999999994449 ) ;
#1884 = LINE ( 'NONE', #4536, #2458 ) ;
#1885 = AXIS2_PLACEMENT_3D ( 'NONE', #5384, #2765, #393 ) ;
#1887 = ORIENTED_EDGE ( 'NONE', *, *, #4276, .T. ) ;
#1886 = FACE_OUTER_BOUND ( 'NONE', #1782, .T. ) ;
#1888 = LINE ( 'NONE', #5519, #3872 ) ;
#1889 = DIRECTION ( 'NONE',  ( -0.000000000000000000, -1.000000000000000000, -0.000000000000000000 ) ) ;
#1890 = AXIS2_PLACEMENT_3D ( 'NONE', #3930, #4874, #5638 ) ;
#1891 = ORIENTED_EDGE ( 'NONE', *, *, #451, .F. ) ;
#1892 = VERTEX_POINT ( 'NONE', #656 ) ;
#1893 = EDGE_CURVE ( 'NONE', #4317, #2714, #5041, .T. ) ;
#1894 = CARTESIAN_POINT ( 'NONE',  ( 74.22999999999996135, 0.000000000000000000, 82.40000000000007674 ) ) ;
#1895 = VECTOR ( 'NONE', #5308, 1000.000000000000000 ) ;
#1896 = CIRCLE ( 'NONE', #3128, 1.500000000000001332 ) ;
#1897 = DIRECTION ( 'NONE',  ( 0.000000000000000000, 0.000000000000000000, 1.000000000000000000 ) ) ;
#1898 = CIRCLE ( 'NONE', #755, 1.600000000000004086 ) ;
#1899 = EDGE_CURVE ( 'NONE', #3875, #4375, #384, .T. ) ;
#1900 = ORIENTED_EDGE ( 'NONE', *, *, #735, .T. ) ;
#1901 = VECTOR ( 'NONE', #3808, 1000.000000000000000 ) ;
#1902 = DIRECTION ( 'NONE',  ( -0.000000000000000000, -1.000000000000000000, -0.000000000000000000 ) ) ;
#1903 = VERTEX_POINT ( 'NONE', #623 ) ;
#1904 = EDGE_LOOP ( 'NONE', ( #790, #5823, #2815, #2113 ) ) ;
#1905 = CARTESIAN_POINT ( 'NONE',  ( 131.9999999999999432, 0.000000000000000000, 40.49008114612898623 ) ) ;
#1906 = FACE_BOUND ( 'NONE', #706, .T. ) ;
#1907 = EDGE_CURVE ( 'NONE', #2500, #1080, #3847, .T. ) ;
#1908 = VECTOR ( 'NONE', #579, 1000.000000000000114 ) ;
#1909 = FACE_OUTER_BOUND ( 'NONE', #359, .T. ) ;
#1910 = ORIENTED_EDGE ( 'NONE', *, *, #4880, .T. ) ;
#1911 = CIRCLE ( 'NONE', #1620, 1.600000000000004086 ) ;
#1912 = ORIENTED_EDGE ( 'NONE', *, *, #5562, .F. ) ;
#1913 = ORIENTED_EDGE ( 'NONE', *, *, #1861, .F. ) ;
#1914 = DIRECTION ( 'NONE',  ( 0.000000000000000000, 0.000000000000000000, 1.000000000000000000 ) ) ;
#1915 = CARTESIAN_POINT ( 'NONE',  ( 14.64663118593871616, 0.000000000000000000, 54.99999999999992184 ) ) ;
#1916 = CARTESIAN_POINT ( 'NONE',  ( 94.64663118593860247, 3.000000000000000000, -55.00000000000000000 ) ) ;
#1917 = CYLINDRICAL_SURFACE ( 'NONE', #939, 1.600000000000004086 ) ;
#1918 = ADVANCED_FACE ( 'NONE', ( #2059 ), #5797, .F. ) ;
#1919 = LINE ( 'NONE', #4183, #3885 ) ;
#1920 = CARTESIAN_POINT ( 'NONE',  ( 64.64663118593860247, 0.000000000000000000, -56.59999999999986642 ) ) ;
#1921 = PLANE ( 'NONE',  #2939 ) ;
#1922 = ORIENTED_EDGE ( 'NONE', *, *, #1749, .F. ) ;
#1923 = ORIENTED_EDGE ( 'NONE', *, *, #4349, .T. ) ;
#1924 = CARTESIAN_POINT ( 'NONE',  ( 3.046631185938619701, 3.000000000000000000, -29.99999999999998579 ) ) ;
#1925 = DIRECTION ( 'NONE',  ( 0.000000000000000000, -1.000000000000000000, 0.000000000000000000 ) ) ;
#1926 = VERTEX_POINT ( 'NONE', #2606 ) ;
#1927 = CARTESIAN_POINT ( 'NONE',  ( 74.64663118593873037, 3.001000000000000334, 28.39999999999992397 ) ) ;
#1928 = ORIENTED_EDGE ( 'NONE', *, *, #2236, .F. ) ;
#1929 = ORIENTED_EDGE ( 'NONE', *, *, #1362, .F. ) ;
#1930 = CARTESIAN_POINT ( 'NONE',  ( 117.9999999999999432, 0.000000000000000000, 42.09008114612898765 ) ) ;
#1931 = FACE_BOUND ( 'NONE', #2257, .T. ) ;
#1932 = DIRECTION ( 'NONE',  ( -0.9848077530122093526, 0.000000000000000000, 0.1736481776669234478 ) ) ;
#1933 = ADVANCED_FACE ( 'NONE', ( #689 ), #1164, .F. ) ;
#1934 = ORIENTED_EDGE ( 'NONE', *, *, #3654, .T. ) ;
#1935 = ORIENTED_EDGE ( 'NONE', *, *, #1038, .F. ) ;
#1936 = ORIENTED_EDGE ( 'NONE', *, *, #2693, .F. ) ;
#1937 = DIRECTION ( 'NONE',  ( -1.000000000000000000, -0.000000000000000000, -0.000000000000000000 ) ) ;
#1938 = FACE_OUTER_BOUND ( 'NONE', #1774, .T. ) ;
#1939 = CARTESIAN_POINT ( 'NONE',  ( 26.24663118593872824, 0.000000000000000000, 54.99999999999985789 ) ) ;
#1940 = CARTESIAN_POINT ( 'NONE',  ( 15.30514119515825300, 0.000000000000000000, 119.9999999999999716 ) ) ;
#1941 = EDGE_CURVE ( 'NONE', #5200, #2493, #5321, .T. ) ;
#1942 = FACE_OUTER_BOUND ( 'NONE', #1746, .T. ) ;
#1943 = CARTESIAN_POINT ( 'NONE',  ( -80.71443819850549062, 3.001000000000000334, 63.61903875405599962 ) ) ;
#1944 = EDGE_CURVE ( 'NONE', #952, #3395, #791, .T. ) ;
#1945 = CARTESIAN_POINT ( 'NONE',  ( -28.70414209279597628, 3.001000000000000334, -35.00000000000000711 ) ) ;
#1946 = ADVANCED_FACE ( 'NONE', ( #4327 ), #4936, .F. ) ;
#1947 = ORIENTED_EDGE ( 'NONE', *, *, #1729, .T. ) ;
#1948 = CARTESIAN_POINT ( 'NONE',  ( 28.42844072404631461, 3.000000000000000000, -30.00000000000002132 ) ) ;
#1949 = VERTEX_POINT ( 'NONE', #345 ) ;
#1950 = CARTESIAN_POINT ( 'NONE',  ( 131.9999999999999432, 0.000000000000000000, -40.30991885387105356 ) ) ;
#1951 = CARTESIAN_POINT ( 'NONE',  ( -34.95741419336068390, 0.000000000000000000, -44.24010619321097693 ) ) ;
#1952 = VERTEX_POINT ( 'NONE', #4018 ) ;
#1953 = DIRECTION ( 'NONE',  ( 0.000000000000000000, -1.000000000000000000, 0.000000000000000000 ) ) ;
#1954 = ORIENTED_EDGE ( 'NONE', *, *, #2998, .T. ) ;
#1955 = EDGE_LOOP ( 'NONE', ( #4645, #1323, #4288, #1040 ) ) ;
#1956 = LINE ( 'NONE', #589, #4161 ) ;
#1957 = FACE_OUTER_BOUND ( 'NONE', #4475, .T. ) ;
#1958 = DIRECTION ( 'NONE',  ( 2.478176394252581141E-16, 0.000000000000000000, -1.000000000000000000 ) ) ;
#1959 = VECTOR ( 'NONE', #3313, 1000.000000000000000 ) ;
#1960 = PLANE ( 'NONE',  #5419 ) ;
#1961 = AXIS2_PLACEMENT_3D ( 'NONE', #5818, #5484, #5401 ) ;
#1962 = ORIENTED_EDGE ( 'NONE', *, *, #4680, .T. ) ;
#1963 = ORIENTED_EDGE ( 'NONE', *, *, #1671, .F. ) ;
#1964 = ORIENTED_EDGE ( 'NONE', *, *, #3672, .F. ) ;
#1965 = LINE ( 'NONE', #5210, #97 ) ;
#1966 = AXIS2_PLACEMENT_3D ( 'NONE', #5099, #2447, #3407 ) ;
#1967 = EDGE_CURVE ( 'NONE', #5406, #686, #3561, .T. ) ;
#1968 = DIRECTION ( 'NONE',  ( 0.000000000000000000, 0.000000000000000000, 1.000000000000000000 ) ) ;
#1969 = LINE ( 'NONE', #1134, #2631 ) ;
#1970 = VECTOR ( 'NONE', #2322, 1000.000000000000000 ) ;
#1971 = ADVANCED_FACE ( 'NONE', ( #3985 ), #2695, .F. ) ;
#1972 = AXIS2_PLACEMENT_3D ( 'NONE', #2818, #4140, #4582 ) ;
#1973 = CARTESIAN_POINT ( 'NONE',  ( -34.95741419336068390, -7.000000000000000000, -44.24010619321097693 ) ) ;
#1974 = CARTESIAN_POINT ( 'NONE',  ( -3.757414193360665067, -7.000000000000000000, 80.24010619321096272 ) ) ;
#1975 = DIRECTION ( 'NONE',  ( -0.000000000000000000, -1.000000000000000000, -0.000000000000000000 ) ) ;
#1976 = DIRECTION ( 'NONE',  ( 0.1736481776669234200, -0.000000000000000000, 0.9848077530122093526 ) ) ;
#1977 = EDGE_CURVE ( 'NONE', #4375, #3567, #1776, .T. ) ;
#1978 = EDGE_CURVE ( 'NONE', #2467, #2751, #4076, .T. ) ;
#1979 = ORIENTED_EDGE ( 'NONE', *, *, #5605, .F. ) ;
#1980 = CIRCLE ( 'NONE', #4267, 1.600000000000004086 ) ;
#1981 = DIRECTION ( 'NONE',  ( 1.000000000000000000, -0.000000000000000000, 0.000000000000000000 ) ) ;
#1982 = ORIENTED_EDGE ( 'NONE', *, *, #3060, .T. ) ;
#1983 = DIRECTION ( 'NONE',  ( 0.000000000000000000, 0.000000000000000000, -1.000000000000000000 ) ) ;
#1984 = AXIS2_PLACEMENT_3D ( 'NONE', #2840, #1415, #1084 ) ;
#1985 = DIRECTION ( 'NONE',  ( 0.000000000000000000, 0.000000000000000000, -1.000000000000000000 ) ) ;
#1986 = EDGE_LOOP ( 'NONE', ( #2207, #879, #4427, #5207 ) ) ;
#1987 = DIRECTION ( 'NONE',  ( -1.927470528863119542E-16, 0.000000000000000000, 1.000000000000000000 ) ) ;
#1988 = CIRCLE ( 'NONE', #1037, 1.600000000000004086 ) ;
#1989 = AXIS2_PLACEMENT_3D ( 'NONE', #3290, #1925, #2367 ) ;
#1990 = VERTEX_POINT ( 'NONE', #5851 ) ;
#1991 = ORIENTED_EDGE ( 'NONE', *, *, #518, .F. ) ;
#1992 = APPROVAL_ROLE ( '' ) ;
#1993 = FACE_BOUND ( 'NONE', #3784, .T. ) ;
#1994 = CARTESIAN_POINT ( 'NONE',  ( -5.357414193360693133, -7.000000000000000000, -42.64010619321096840 ) ) ;
#1995 = VECTOR ( 'NONE', #5509, 1000.000000000000000 ) ;
#1996 = FACE_OUTER_BOUND ( 'NONE', #3429, .T. ) ;
#1997 = VERTEX_POINT ( 'NONE', #1605 ) ;
#1998 = EDGE_LOOP ( 'NONE', ( #1645, #1085, #2941, #2347 ) ) ;
#1999 = ORIENTED_EDGE ( 'NONE', *, *, #2697, .F. ) ;
#2000 = CARTESIAN_POINT ( 'NONE',  ( -5.357414193360679810, 0.000000000000000000, 80.24010619321097693 ) ) ;
#2001 = CIRCLE ( 'NONE', #5231, 1.600000000000004086 ) ;
#2002 = VECTOR ( 'NONE', #1987, 1000.000000000000000 ) ;
#2003 = CARTESIAN_POINT ( 'NONE',  ( 15.30514119515825300, 3.000000000000000000, 119.9999999999999716 ) ) ;
#2004 = CARTESIAN_POINT ( 'NONE',  ( 93.04663118593860816, 3.000000000000000000, -30.00000000000000000 ) ) ;
#2005 = AXIS2_PLACEMENT_3D ( 'NONE', #2545, #700, #609 ) ;
#2006 = AXIS2_PLACEMENT_3D ( 'NONE', #2609, #4857, #3960 ) ;
#2007 = CARTESIAN_POINT ( 'NONE',  ( 3.046631185938605935, 3.000000000000000000, -54.99999999999999289 ) ) ;
#2008 = CYLINDRICAL_SURFACE ( 'NONE', #5189, 1.600000000000004086 ) ;
#2009 = DIRECTION ( 'NONE',  ( 1.000000000000000000, -0.000000000000000000, 2.775557561562890858E-16 ) ) ;
#2010 = DIRECTION ( 'NONE',  ( -0.000000000000000000, -1.000000000000000000, -0.000000000000000000 ) ) ;
#2011 = EDGE_CURVE ( 'NONE', #4206, #971, #4043, .T. ) ;
#2012 = ORIENTED_EDGE ( 'NONE', *, *, #2331, .F. ) ;
#2013 = EDGE_CURVE ( 'NONE', #2960, #4089, #4799, .T. ) ;
#2014 = CARTESIAN_POINT ( 'NONE',  ( -28.70414209279597628, 0.000000000000000000, 34.99999999999999289 ) ) ;
#2015 = DIRECTION ( 'NONE',  ( -0.000000000000000000, -1.000000000000000000, 0.000000000000000000 ) ) ;
#2016 = ORIENTED_EDGE ( 'NONE', *, *, #4815, .T. ) ;
#2017 = FACE_OUTER_BOUND ( 'NONE', #300, .T. ) ;
#2018 = EDGE_LOOP ( 'NONE', ( #3721, #578, #111, #3799 ) ) ;
#2019 = DIRECTION ( 'NONE',  ( -0.000000000000000000, -1.000000000000000000, -0.000000000000000000 ) ) ;
#2020 = ORIENTED_EDGE ( 'NONE', *, *, #1857, .F. ) ;
#2021 = ORIENTED_EDGE ( 'NONE', *, *, #3364, .F. ) ;
#2022 = EDGE_CURVE ( 'NONE', #2191, #1062, #2102, .T. ) ;
#2023 = CARTESIAN_POINT ( 'NONE',  ( 24.64663118593872326, 3.000000000000000000, 54.99999999999985789 ) ) ;
#2024 = LINE ( 'NONE', #4256, #4931 ) ;
#2025 = CARTESIAN_POINT ( 'NONE',  ( 96.24663118593861100, 0.000000000000000000, -54.99999999999999289 ) ) ;
#2026 = EDGE_CURVE ( 'NONE', #2349, #3856, #5422, .T. ) ;
#2027 = EDGE_LOOP ( 'NONE', ( #4788, #1752, #1246, #3750 ) ) ;
#2028 = EDGE_LOOP ( 'NONE', ( #1934, #3477, #3984, #5019, #489 ) ) ;
#2029 = EDGE_LOOP ( 'NONE', ( #3978, #801 ) ) ;
#2030 = DIRECTION ( 'NONE',  ( -0.000000000000000000, 1.000000000000000000, -0.000000000000000000 ) ) ;
#2031 = LINE ( 'NONE', #4357, #5017 ) ;
#2032 = CARTESIAN_POINT ( 'NONE',  ( 24.64663118593861313, 3.000000000000000000, -54.99999999999985789 ) ) ;
#2033 = DIRECTION ( 'NONE',  ( -0.000000000000000000, 1.000000000000000000, -0.000000000000000000 ) ) ;
#2034 = PLANE ( 'NONE',  #5856 ) ;
#2035 = LINE ( 'NONE', #1491, #1959 ) ;
#2036 = AXIS2_PLACEMENT_3D ( 'NONE', #682, #1324, #4292 ) ;
#2037 = LINE ( 'NONE', #577, #443 ) ;
#2038 = VERTEX_POINT ( 'NONE', #379 ) ;
#2039 = DIRECTION ( 'NONE',  ( -0.000000000000000000, 1.000000000000000000, -0.000000000000000000 ) ) ;
#2040 = LINE ( 'NONE', #1622, #4958 ) ;
#2041 = EDGE_LOOP ( 'NONE', ( #5023, #963, #746, #5340 ) ) ;
#2042 = EDGE_CURVE ( 'NONE', #3727, #4175, #4518, .T. ) ;
#2043 = DIRECTION ( 'NONE',  ( -0.000000000000000000, -1.000000000000000000, -0.000000000000000000 ) ) ;
#2044 = VERTEX_POINT ( 'NONE', #3629 ) ;
#2045 = PRODUCT_DEFINITION_SHAPE ( 'NONE', 'NONE',  #143 ) ;
#2046 = DIRECTION ( 'NONE',  ( -0.000000000000000000, -1.000000000000000000, -0.000000000000000000 ) ) ;
#2047 = EDGE_CURVE ( 'NONE', #5379, #2318, #1333, .T. ) ;
#2048 = EDGE_LOOP ( 'NONE', ( #2589, #5169, #1257, #5831 ) ) ;
#2049 = ORIENTED_EDGE ( 'NONE', *, *, #4457, .T. ) ;
#2050 = VECTOR ( 'NONE', #709, 1000.000000000000000 ) ;
#2051 = LINE ( 'NONE', #3935, #5357 ) ;
#2052 = CARTESIAN_POINT ( 'NONE',  ( 84.64663118593861668, 0.000000000000000000, -56.60000000000000142 ) ) ;
#2053 = EDGE_CURVE ( 'NONE', #952, #4677, #433, .T. ) ;
#2054 = CARTESIAN_POINT ( 'NONE',  ( -34.95741419336068390, -7.000000000000000000, 44.24010619321097693 ) ) ;
#2055 = EDGE_LOOP ( 'NONE', ( #1450, #338, #4820, #1429 ) ) ;
#2056 = EDGE_CURVE ( 'NONE', #326, #5374, #2837, .T. ) ;
#2057 = ORIENTED_EDGE ( 'NONE', *, *, #403, .T. ) ;
#2058 = VERTEX_POINT ( 'NONE', #3713 ) ;
#2059 = FACE_OUTER_BOUND ( 'NONE', #3457, .T. ) ;
#2060 = CARTESIAN_POINT ( 'NONE',  ( 16.24663118593872468, 3.000000000000000000, 29.99999999999991473 ) ) ;
#2061 = DIRECTION ( 'NONE',  ( -0.000000000000000000, -1.000000000000000000, -0.000000000000000000 ) ) ;
#2062 = AXIS2_PLACEMENT_3D ( 'NONE', #2686, #2244, #4926 ) ;
#2063 = VECTOR ( 'NONE', #5750, 1000.000000000000000 ) ;
#2064 = DIRECTION ( 'NONE',  ( 1.000000000000000000, 0.000000000000000000, -1.927470528863119542E-16 ) ) ;
#2065 = CIRCLE ( 'NONE', #5385, 1.600000000000004086 ) ;
#2066 = CARTESIAN_POINT ( 'NONE',  ( 3.046631185938716957, 3.001000000000000334, 54.99999999999999289 ) ) ;
#2067 = FACE_OUTER_BOUND ( 'NONE', #480, .T. ) ;
#2068 = LINE ( 'NONE', #3761, #5566 ) ;
#2069 = VECTOR ( 'NONE', #215, 1000.000000000000000 ) ;
#2070 = EDGE_LOOP ( 'NONE', ( #5188, #2635, #5167, #5449 ) ) ;
#2071 = DIRECTION ( 'NONE',  ( 0.000000000000000000, 0.000000000000000000, -1.000000000000000000 ) ) ;
#2072 = CIRCLE ( 'NONE', #2348, 1.600000000000004086 ) ;
#2073 = FACE_OUTER_BOUND ( 'NONE', #2055, .T. ) ;
#2074 = ORIENTED_EDGE ( 'NONE', *, *, #5726, .T. ) ;
#2075 = CARTESIAN_POINT ( 'NONE',  ( -6.957414193360691002, -7.000000000000000000, -44.24010619321096982 ) ) ;
#2076 = AXIS2_PLACEMENT_3D ( 'NONE', #1610, #5810, #3918 ) ;
#2077 = ORIENTED_EDGE ( 'NONE', *, *, #119, .F. ) ;
#2078 = EDGE_CURVE ( 'NONE', #4334, #2044, #1497, .T. ) ;
#2079 = LINE ( 'NONE', #2963, #1901 ) ;
#2080 = ORIENTED_EDGE ( 'NONE', *, *, #2569, .T. ) ;
#2081 = VERTEX_POINT ( 'NONE', #2285 ) ;
#2082 = VECTOR ( 'NONE', #4729, 1000.000000000000000 ) ;
#2083 = DATE_TIME_ROLE ( 'classification_date' ) ;
#2084 = CARTESIAN_POINT ( 'NONE',  ( 83.04663118593860816, 0.000000000000000000, -55.00000000000000000 ) ) ;
#2085 = CARTESIAN_POINT ( 'NONE',  ( -28.70414209279597628, 0.000000000000000000, 34.99999999999999289 ) ) ;
#2086 = ADVANCED_FACE ( 'NONE', ( #25 ), #2721, .F. ) ;
#2087 = CARTESIAN_POINT ( 'NONE',  ( 39.99999999999997158, 3.000000000000000000, 90.00000000000005684 ) ) ;
#2088 = AXIS2_PLACEMENT_3D ( 'NONE', #1114, #675, #227 ) ;
#2089 = ORIENTED_EDGE ( 'NONE', *, *, #79, .T. ) ;
#2090 = ORIENTED_EDGE ( 'NONE', *, *, #4499, .T. ) ;
#2091 = VERTEX_POINT ( 'NONE', #582 ) ;
#2092 = EDGE_CURVE ( 'NONE', #5737, #290, #1836, .T. ) ;
#2093 = CARTESIAN_POINT ( 'NONE',  ( -5.357414193360693133, 3.000000000000000000, -44.24010619321096982 ) ) ;
#2094 = CIRCLE ( 'NONE', #2364, 1.600000000000004086 ) ;
#2095 = CIRCLE ( 'NONE', #4747, 1.600000000000004086 ) ;
#2096 = CARTESIAN_POINT ( 'NONE',  ( -28.70414209279597628, 3.001000000000000334, -35.00000000000000711 ) ) ;
#2097 = AXIS2_PLACEMENT_3D ( 'NONE', #5124, #4233, #2909 ) ;
#2098 = DIRECTION ( 'NONE',  ( 0.000000000000000000, 0.000000000000000000, -1.000000000000000000 ) ) ;
#2099 = DIRECTION ( 'NONE',  ( 0.000000000000000000, 0.000000000000000000, 1.000000000000000000 ) ) ;
#2100 = CARTESIAN_POINT ( 'NONE',  ( -45.71443819850549772, 3.000000000000000000, -62.38096124594397196 ) ) ;
#2101 = DIRECTION ( 'NONE',  ( 0.000000000000000000, 1.000000000000000000, 0.000000000000000000 ) ) ;
#2102 = CIRCLE ( 'NONE', #4757, 1.600000000000018074 ) ;
#2103 = EDGE_LOOP ( 'NONE', ( #4676, #3912, #1381, #5581 ) ) ;
#2104 = EDGE_CURVE ( 'NONE', #1949, #114, #2755, .T. ) ;
#2105 = AXIS2_PLACEMENT_3D ( 'NONE', #5368, #1289, #4451 ) ;
#2106 = CYLINDRICAL_SURFACE ( 'NONE', #4481, 1.600000000000038947 ) ;
#2107 = CARTESIAN_POINT ( 'NONE',  ( 74.64663118593861668, 3.000000000000000000, -54.99999999999992895 ) ) ;
#2108 = ORIENTED_EDGE ( 'NONE', *, *, #5698, .F. ) ;
#2109 = DIRECTION ( 'NONE',  ( 0.000000000000000000, 0.000000000000000000, 1.000000000000000000 ) ) ;
#2110 = ORIENTED_EDGE ( 'NONE', *, *, #3917, .T. ) ;
#2111 = LINE ( 'NONE', #5283, #5702 ) ;
#2112 = ORIENTED_EDGE ( 'NONE', *, *, #3565, .T. ) ;
#2113 = ORIENTED_EDGE ( 'NONE', *, *, #1454, .F. ) ;
#2114 = PERSON_AND_ORGANIZATION ( #4591, #3204 ) ;
#2115 = LINE ( 'NONE', #3191, #302 ) ;
#2116 = DIRECTION ( 'NONE',  ( 1.000000000000000000, 0.000000000000000000, 0.000000000000000000 ) ) ;
#2117 = DIRECTION ( 'NONE',  ( -0.000000000000000000, -1.000000000000000000, -0.000000000000000000 ) ) ;
#2118 = ORIENTED_EDGE ( 'NONE', *, *, #5531, .F. ) ;
#2119 = VERTEX_POINT ( 'NONE', #5548 ) ;
#2120 = ORIENTED_EDGE ( 'NONE', *, *, #1014, .T. ) ;
#2121 = DIRECTION ( 'NONE',  ( -0.000000000000000000, -1.000000000000000000, -0.000000000000000000 ) ) ;
#2122 = EDGE_CURVE ( 'NONE', #4308, #355, #995, .T. ) ;
#2123 = LINE ( 'NONE', #4359, #1687 ) ;
#2124 = CARTESIAN_POINT ( 'NONE',  ( 94.64663118593860247, 0.000000000000000000, -56.60000000000000142 ) ) ;
#2125 = FACE_OUTER_BOUND ( 'NONE', #3026, .T. ) ;
#2126 = CARTESIAN_POINT ( 'NONE',  ( 64.64663118593871616, 3.001000000000000334, 54.99999999999986500 ) ) ;
#2127 = DIRECTION ( 'NONE',  ( -0.000000000000000000, 1.000000000000000000, -0.000000000000000000 ) ) ;
#2128 = ADVANCED_FACE ( 'NONE', ( #3198 ), #3653, .F. ) ;
#2129 = DIRECTION ( 'NONE',  ( -0.000000000000000000, 1.000000000000000000, -0.000000000000000000 ) ) ;
#2130 = EDGE_CURVE ( 'NONE', #686, #3954, #5135, .T. ) ;
#2131 = CARTESIAN_POINT ( 'NONE',  ( 83.04663118593860816, 3.001000000000000334, -30.00000000000000000 ) ) ;
#2132 = VERTEX_POINT ( 'NONE', #5020 ) ;
#2133 = CYLINDRICAL_SURFACE ( 'NONE', #3414, 1.599999999999997202 ) ;
#2134 = ORIENTED_EDGE ( 'NONE', *, *, #3361, .T. ) ;
#2135 = DIRECTION ( 'NONE',  ( -0.000000000000000000, 0.000000000000000000, 1.000000000000000000 ) ) ;
#2136 = EDGE_LOOP ( 'NONE', ( #4608, #3363, #4933, #5461 ) ) ;
#2137 = ORIENTED_EDGE ( 'NONE', *, *, #652, .T. ) ;
#2138 = CARTESIAN_POINT ( 'NONE',  ( -3.757414193360684607, -7.000000000000000000, -44.24010619321096982 ) ) ;
#2139 = CARTESIAN_POINT ( 'NONE',  ( 3.046631185938605935, 3.001000000000000334, -54.99999999999999289 ) ) ;
#2140 = ORIENTED_EDGE ( 'NONE', *, *, #46, .T. ) ;
#2141 = VERTEX_POINT ( 'NONE', #1924 ) ;
#2142 = ORIENTED_EDGE ( 'NONE', *, *, #5732, .T. ) ;
#2143 = DIRECTION ( 'NONE',  ( -0.000000000000000000, -1.000000000000000000, -0.000000000000000000 ) ) ;
#2144 = DIRECTION ( 'NONE',  ( 0.000000000000000000, 1.000000000000000000, 0.000000000000000000 ) ) ;
#2145 = EDGE_CURVE ( 'NONE', #971, #5388, #938, .T. ) ;
#2146 = DIRECTION ( 'NONE',  ( -0.000000000000000000, -1.000000000000000000, -0.000000000000000000 ) ) ;
#2147 = DIRECTION ( 'NONE',  ( 2.775557561562892337E-16, 0.000000000000000000, -1.000000000000000000 ) ) ;
#2148 = DIRECTION ( 'NONE',  ( 0.000000000000000000, 1.000000000000000000, 0.000000000000000000 ) ) ;
#2149 = DIRECTION ( 'NONE',  ( 0.000000000000000000, 0.000000000000000000, 1.000000000000000000 ) ) ;
#2150 = ADVANCED_FACE ( 'NONE', ( #5105 ), #3288, .F. ) ;
#2151 = VECTOR ( 'NONE', #4711, 1000.000000000000000 ) ;
#2152 = VECTOR ( 'NONE', #1486, 1000.000000000000000 ) ;
#2153 = CARTESIAN_POINT ( 'NONE',  ( 89.99999999999997158, 0.000000000000000000, 120.0000000000000284 ) ) ;
#2154 = CARTESIAN_POINT ( 'NONE',  ( 86.24663118593861100, 3.000000000000000000, -55.00000000000000000 ) ) ;
#2155 = EDGE_CURVE ( 'NONE', #622, #5850, #2310, .T. ) ;
#2156 = VECTOR ( 'NONE', #3924, 1000.000000000000000 ) ;
#2157 = ORIENTED_EDGE ( 'NONE', *, *, #475, .T. ) ;
#2158 = CIRCLE ( 'NONE', #3589, 1.600000000000004086 ) ;
#2159 = DIRECTION ( 'NONE',  ( -0.000000000000000000, -1.000000000000000000, -0.000000000000000000 ) ) ;
#2160 = EDGE_LOOP ( 'NONE', ( #3416, #5682, #3330, #4594 ) ) ;
#2161 = AXIS2_PLACEMENT_3D ( 'NONE', #2354, #4983, #4534 ) ;
#2162 = LINE ( 'NONE', #318, #4382 ) ;
#2163 = PRODUCT_DEFINITION_FORMATION_WITH_SPECIFIED_SOURCE ( 'ä»', '', #5654, .NOT_KNOWN. ) ;
#2164 = VERTEX_POINT ( 'NONE', #1950 ) ;
#2165 = CARTESIAN_POINT ( 'NONE',  ( 93.04663118593870763, 3.001000000000000334, 30.00000000000000000 ) ) ;
#2166 = ORIENTED_EDGE ( 'NONE', *, *, #82, .T. ) ;
#2167 = CIRCLE ( 'NONE', #358, 1.600000000000004086 ) ;
#2168 = DIRECTION ( 'NONE',  ( 0.000000000000000000, 1.000000000000000000, -0.000000000000000000 ) ) ;
#2169 = DIRECTION ( 'NONE',  ( 0.000000000000000000, 0.000000000000000000, 1.000000000000000000 ) ) ;
#2170 = CARTESIAN_POINT ( 'NONE',  ( 66.24663118593861100, 0.000000000000000000, -29.99999999999986144 ) ) ;
#2171 = VECTOR ( 'NONE', #5678, 1000.000000000000000 ) ;
#2172 = VERTEX_POINT ( 'NONE', #1860 ) ;
#2173 = EDGE_CURVE ( 'NONE', #3156, #3521, #3765, .T. ) ;
#2174 = VERTEX_POINT ( 'NONE', #1446 ) ;
#2175 = FACE_BOUND ( 'NONE', #3394, .T. ) ;
#2176 = DIRECTION ( 'NONE',  ( -0.000000000000000000, -1.000000000000000000, -0.000000000000000000 ) ) ;
#2177 = VECTOR ( 'NONE', #1532, 1000.000000000000000 ) ;
#2178 = ORIENTED_EDGE ( 'NONE', *, *, #4412, .F. ) ;
#2179 = CARTESIAN_POINT ( 'NONE',  ( 23.04663118593872184, 0.000000000000000000, 54.99999999999985789 ) ) ;
#2180 = AXIS2_PLACEMENT_3D ( 'NONE', #1549, #5567, #1465 ) ;
#2181 = DIRECTION ( 'NONE',  ( -0.000000000000000000, 0.000000000000000000, -1.000000000000000000 ) ) ;
#2182 = DIRECTION ( 'NONE',  ( 0.000000000000000000, 0.000000000000000000, -1.000000000000000000 ) ) ;
#2183 = DIRECTION ( 'NONE',  ( 0.000000000000000000, 0.000000000000000000, 1.000000000000000000 ) ) ;
#2184 = CC_DESIGN_PERSON_AND_ORGANIZATION_ASSIGNMENT ( #3028, #5237, ( #2163 ) ) ;
#2185 = CIRCLE ( 'NONE', #377, 1.600000000000004086 ) ;
#2186 = CARTESIAN_POINT ( 'NONE',  ( 117.9999999999999432, -0.001000000000000132727, -43.50991885387105640 ) ) ;
#2187 = CARTESIAN_POINT ( 'NONE',  ( 86.24663118593861100, 3.000000000000000000, -55.00000000000000000 ) ) ;
#2188 = CARTESIAN_POINT ( 'NONE',  ( 74.22999999999996135, 0.000000000000000000, 79.20000000000005969 ) ) ;
#2189 = AXIS2_PLACEMENT_3D ( 'NONE', #2807, #969, #2780 ) ;
#2190 = AXIS2_PLACEMENT_3D ( 'NONE', #5266, #3426, #3843 ) ;
#2191 = VERTEX_POINT ( 'NONE', #5493 ) ;
#2192 = EDGE_CURVE ( 'NONE', #1997, #3591, #5578, .T. ) ;
#2193 = AXIS2_PLACEMENT_3D ( 'NONE', #1442, #490, #104 ) ;
#2194 = EDGE_CURVE ( 'NONE', #3181, #952, #5603, .T. ) ;
#2195 = ORIENTED_EDGE ( 'NONE', *, *, #3034, .T. ) ;
#2196 = CIRCLE ( 'NONE', #1804, 1.600000000000004086 ) ;
#2197 = CARTESIAN_POINT ( 'NONE',  ( 26.24663118593872824, 3.000000000000000000, 54.99999999999985789 ) ) ;
#2198 = ORIENTED_EDGE ( 'NONE', *, *, #3447, .T. ) ;
#2199 = DIRECTION ( 'NONE',  ( -0.000000000000000000, -1.000000000000000000, -0.000000000000000000 ) ) ;
#2200 = ORIENTED_EDGE ( 'NONE', *, *, #21, .T. ) ;
#2201 = DIRECTION ( 'NONE',  ( -5.551115123125780730E-16, -0.000000000000000000, -1.000000000000000000 ) ) ;
#2202 = DIRECTION ( 'NONE',  ( 0.000000000000000000, 0.000000000000000000, 1.000000000000000000 ) ) ;
#2203 = CARTESIAN_POINT ( 'NONE',  ( 3.046631185938722286, 0.000000000000000000, 54.99999999999999289 ) ) ;
#2204 = EDGE_CURVE ( 'NONE', #270, #1153, #4193, .T. ) ;
#2205 = ORIENTED_EDGE ( 'NONE', *, *, #1024, .F. ) ;
#2206 = AXIS2_PLACEMENT_3D ( 'NONE', #4623, #4128, #3706 ) ;
#2207 = ORIENTED_EDGE ( 'NONE', *, *, #5545, .F. ) ;
#2208 = FACE_BOUND ( 'NONE', #2775, .T. ) ;
#2209 = DIRECTION ( 'NONE',  ( -0.000000000000000000, -1.000000000000000000, -0.000000000000000000 ) ) ;
#2210 = EDGE_CURVE ( 'NONE', #4585, #4666, #5523, .T. ) ;
#2211 = VERTEX_POINT ( 'NONE', #3859 ) ;
#2212 = VERTEX_POINT ( 'NONE', #285 ) ;
#2213 = PLANE ( 'NONE',  #4091 ) ;
#2214 = DIRECTION ( 'NONE',  ( 0.000000000000000000, 1.000000000000000000, -0.000000000000000000 ) ) ;
#2215 = CARTESIAN_POINT ( 'NONE',  ( -88.11443819850511261, 3.000000000000000000, 31.30000000000060467 ) ) ;
#2216 = FACE_OUTER_BOUND ( 'NONE', #3913, .T. ) ;
#2217 = DIRECTION ( 'NONE',  ( -0.000000000000000000, -1.000000000000000000, -0.000000000000000000 ) ) ;
#2218 = CARTESIAN_POINT ( 'NONE',  ( 93.04663118593860816, 3.001000000000000334, -55.00000000000000000 ) ) ;
#2219 = CARTESIAN_POINT ( 'NONE',  ( -155.7144381985054622, 0.000000000000000000, -64.67164498816627827 ) ) ;
#2220 = ORIENTED_EDGE ( 'NONE', *, *, #3974, .F. ) ;
#2221 = CARTESIAN_POINT ( 'NONE',  ( -5.357414193360679810, 0.000000000000000000, -80.24010619321097693 ) ) ;
#2222 = VERTEX_POINT ( 'NONE', #1149 ) ;
#2223 = CARTESIAN_POINT ( 'NONE',  ( 16.24663118593861100, 0.000000000000000000, -54.99999999999993605 ) ) ;
#2224 = ORIENTED_EDGE ( 'NONE', *, *, #73, .F. ) ;
#2225 = EDGE_CURVE ( 'NONE', #4585, #4489, #2451, .T. ) ;
#2226 = DIRECTION ( 'NONE',  ( 0.000000000000000000, 0.000000000000000000, 1.000000000000000000 ) ) ;
#2227 = FACE_OUTER_BOUND ( 'NONE', #3845, .T. ) ;
#2228 = ADVANCED_FACE ( 'NONE', ( #2073 ), #1175, .F. ) ;
#2229 = DIRECTION ( 'NONE',  ( -1.000000000000000000, 0.000000000000000000, 5.551115123125781716E-16 ) ) ;
#2230 = LINE ( 'NONE', #1030, #4753 ) ;
#2231 = EDGE_LOOP ( 'NONE', ( #5268, #2120, #2077, #2178 ) ) ;
#2232 = ORIENTED_EDGE ( 'NONE', *, *, #2398, .T. ) ;
#2233 = FACE_BOUND ( 'NONE', #524, .T. ) ;
#2234 = DIRECTION ( 'NONE',  ( -2.312964634635744929E-16, 0.000000000000000000, 1.000000000000000000 ) ) ;
#2235 = EDGE_CURVE ( 'NONE', #3899, #5737, #2001, .T. ) ;
#2236 = EDGE_CURVE ( 'NONE', #2330, #4695, #857, .T. ) ;
#2237 = VERTEX_POINT ( 'NONE', #2984 ) ;
#2238 = ORIENTED_EDGE ( 'NONE', *, *, #1599, .F. ) ;
#2239 = DIRECTION ( 'NONE',  ( -0.000000000000000000, -1.000000000000000000, -0.000000000000000000 ) ) ;
#2240 = CARTESIAN_POINT ( 'NONE',  ( -3.757414193360684607, 0.000000000000000000, 44.24010619321096982 ) ) ;
#2241 = DIRECTION ( 'NONE',  ( 0.000000000000000000, 0.000000000000000000, -1.000000000000000000 ) ) ;
#2242 = LINE ( 'NONE', #3253, #4255 ) ;
#2243 = DIRECTION ( 'NONE',  ( 0.000000000000000000, 1.000000000000000000, 0.000000000000000000 ) ) ;
#2244 = DIRECTION ( 'NONE',  ( -0.000000000000000000, -1.000000000000000000, -0.000000000000000000 ) ) ;
#2245 = CARTESIAN_POINT ( 'NONE',  ( -45.71443819850548351, 3.000000000000000000, 63.61903875405599962 ) ) ;
#2246 = VERTEX_POINT ( 'NONE', #2892 ) ;
#2247 = CARTESIAN_POINT ( 'NONE',  ( 83.04663118593860816, 3.001000000000000334, -55.00000000000000000 ) ) ;
#2248 = AXIS2_PLACEMENT_3D ( 'NONE', #5541, #5185, #189 ) ;
#2249 = ORIENTED_EDGE ( 'NONE', *, *, #584, .T. ) ;
#2250 = CARTESIAN_POINT ( 'NONE',  ( -115.7144381985055048, 3.001000000000000334, -63.88096124594392933 ) ) ;
#2251 = ORIENTED_EDGE ( 'NONE', *, *, #4643, .F. ) ;
#2252 = DIRECTION ( 'NONE',  ( 0.000000000000000000, -1.000000000000000000, 0.000000000000000000 ) ) ;
#2253 = VECTOR ( 'NONE', #2708, 1000.000000000000000 ) ;
#2254 = DIRECTION ( 'NONE',  ( 0.000000000000000000, 0.000000000000000000, 1.000000000000000000 ) ) ;
#2255 = CIRCLE ( 'NONE', #1111, 30.00000000000000000 ) ;
#2256 = ADVANCED_FACE ( 'NONE', ( #4311 ), #5730, .F. ) ;
#2257 = EDGE_LOOP ( 'NONE', ( #312, #4498 ) ) ;
#2258 = AXIS2_PLACEMENT_3D ( 'NONE', #2873, #4225, #1507 ) ;
#2259 = CARTESIAN_POINT ( 'NONE',  ( 99.76999999999999602, 0.000000000000000000, -71.20000000000005969 ) ) ;
#2260 = ORIENTED_EDGE ( 'NONE', *, *, #2210, .F. ) ;
#2261 = ORIENTED_EDGE ( 'NONE', *, *, #152, .T. ) ;
#2262 = VECTOR ( 'NONE', #5429, 1000.000000000000000 ) ;
#2263 = FACE_BOUND ( 'NONE', #1505, .T. ) ;
#2264 = EDGE_CURVE ( 'NONE', #1191, #3628, #2959, .T. ) ;
#2265 = DIRECTION ( 'NONE',  ( -0.000000000000000000, -0.000000000000000000, 1.000000000000000000 ) ) ;
#2266 = CIRCLE ( 'NONE', #1215, 1.500000000000001332 ) ;
#2267 = ORIENTED_EDGE ( 'NONE', *, *, #2919, .F. ) ;
#2268 = ADVANCED_FACE ( 'NONE', ( #4810 ), #5700, .T. ) ;
#2269 = ORIENTED_EDGE ( 'NONE', *, *, #2078, .F. ) ;
#2270 = DIRECTION ( 'NONE',  ( -0.000000000000000000, -1.000000000000000000, -0.000000000000000000 ) ) ;
#2271 = DIRECTION ( 'NONE',  ( 0.000000000000000000, 1.000000000000000000, 0.000000000000000000 ) ) ;
#2272 = AXIS2_PLACEMENT_3D ( 'NONE', #1091, #2377, #1003 ) ;
#2273 = LINE ( 'NONE', #15, #5487 ) ;
#2274 = VECTOR ( 'NONE', #2723, 1000.000000000000000 ) ;
#2275 = DIRECTION ( 'NONE',  ( 0.000000000000000000, -1.000000000000000000, 0.000000000000000000 ) ) ;
#2276 = DIRECTION ( 'NONE',  ( -1.000000000000000000, 0.000000000000000000, -3.854941057726238097E-16 ) ) ;
#2277 = DIRECTION ( 'NONE',  ( -1.927470528863119049E-16, 0.000000000000000000, 1.000000000000000000 ) ) ;
#2278 = VERTEX_POINT ( 'NONE', #4716 ) ;
#2279 = DIRECTION ( 'NONE',  ( 2.312964634635744929E-16, 0.000000000000000000, 1.000000000000000000 ) ) ;
#2280 = VECTOR ( 'NONE', #4586, 1000.000000000000000 ) ;
#2281 = AXIS2_PLACEMENT_3D ( 'NONE', #1365, #3174, #4605 ) ;
#2282 = EDGE_CURVE ( 'NONE', #2044, #1649, #2040, .T. ) ;
#2283 = ORIENTED_EDGE ( 'NONE', *, *, #2078, .T. ) ;
#2284 = ORIENTED_EDGE ( 'NONE', *, *, #5516, .F. ) ;
#2285 = CARTESIAN_POINT ( 'NONE',  ( -6.957414193360697219, 3.000000000000000000, 80.24010619321096272 ) ) ;
#2286 = DIRECTION ( 'NONE',  ( -0.000000000000000000, 1.000000000000000000, -0.000000000000000000 ) ) ;
#2287 = VECTOR ( 'NONE', #3895, 1000.000000000000000 ) ;
#2288 = VECTOR ( 'NONE', #3937, 1000.000000000000000 ) ;
#2289 = ORIENTED_EDGE ( 'NONE', *, *, #1255, .T. ) ;
#2290 = DIRECTION ( 'NONE',  ( -0.000000000000000000, -1.000000000000000000, -0.000000000000000000 ) ) ;
#2291 = EDGE_LOOP ( 'NONE', ( #1396, #3836, #2157, #3082 ) ) ;
#2292 = ORIENTED_EDGE ( 'NONE', *, *, #298, .T. ) ;
#2293 = CARTESIAN_POINT ( 'NONE',  ( 26.24663118593873534, 3.001000000000000334, 29.99999999999986144 ) ) ;
#2294 = DIRECTION ( 'NONE',  ( -0.000000000000000000, 1.000000000000000000, -0.000000000000000000 ) ) ;
#2295 = ORIENTED_EDGE ( 'NONE', *, *, #657, .T. ) ;
#2296 = ORIENTED_EDGE ( 'NONE', *, *, #1526, .T. ) ;
#2297 = DIRECTION ( 'NONE',  ( -0.000000000000000000, 1.000000000000000000, -0.000000000000000000 ) ) ;
#2298 = EDGE_CURVE ( 'NONE', #1926, #2643, #3445, .T. ) ;
#2299 = CARTESIAN_POINT ( 'NONE',  ( 84.64663118593861668, 3.000000000000000000, -30.00000000000000000 ) ) ;
#2300 = DIRECTION ( 'NONE',  ( -0.000000000000000000, -1.000000000000000000, -0.000000000000000000 ) ) ;
#2301 = CARTESIAN_POINT ( 'NONE',  ( 93.04663118593870763, 3.000000000000000000, 55.00000000000000000 ) ) ;
#2303 = EDGE_LOOP ( 'NONE', ( #4491, #4261, #283, #1422 ) ) ;
#2302 = CYLINDRICAL_SURFACE ( 'NONE', #2062, 30.00000000000000000 ) ;
#2304 = FACE_OUTER_BOUND ( 'NONE', #1623, .T. ) ;
#2305 = CARTESIAN_POINT ( 'NONE',  ( 64.64663118593871616, 3.001000000000000334, 28.39999999999985647 ) ) ;
#2306 = ADVANCED_FACE ( 'NONE', ( #5191 ), #1112, .F. ) ;
#2307 = EDGE_CURVE ( 'NONE', #4053, #4540, #1057, .T. ) ;
#2308 = ORIENTED_EDGE ( 'NONE', *, *, #3790, .F. ) ;
#2309 = ORIENTED_EDGE ( 'NONE', *, *, #3391, .T. ) ;
#2310 = LINE ( 'NONE', #2395, #1047 ) ;
#2311 = DIRECTION ( 'NONE',  ( 0.000000000000000000, -1.000000000000000000, 0.000000000000000000 ) ) ;
#2312 = ORIENTED_EDGE ( 'NONE', *, *, #543, .F. ) ;
#2313 = CARTESIAN_POINT ( 'NONE',  ( -6.957414193360691002, -7.000000000000000000, -44.24010619321096982 ) ) ;
#2314 = ORIENTED_EDGE ( 'NONE', *, *, #437, .T. ) ;
#2315 = VERTEX_POINT ( 'NONE', #198 ) ;
#2316 = CARTESIAN_POINT ( 'NONE',  ( -130.9238835285132438, 3.000000000000000000, -94.21587757853252754 ) ) ;
#2317 = CARTESIAN_POINT ( 'NONE',  ( 74.22999999999996135, 0.000000000000000000, 80.80000000000006821 ) ) ;
#2318 = VERTEX_POINT ( 'NONE', #5139 ) ;
#2319 = VERTEX_POINT ( 'NONE', #727 ) ;
#2320 = CARTESIAN_POINT ( 'NONE',  ( -88.11443819850511261, -5.000000000000000000, 31.30000000000060467 ) ) ;
#2321 = CARTESIAN_POINT ( 'NONE',  ( 16.22999999999997200, 0.000000000000000000, 82.40000000000004832 ) ) ;
#2322 = DIRECTION ( 'NONE',  ( -0.000000000000000000, 1.000000000000000000, -0.000000000000000000 ) ) ;
#2323 = ADVANCED_FACE ( 'NONE', ( #2867 ), #4689, .F. ) ;
#2324 = DIRECTION ( 'NONE',  ( 0.000000000000000000, -1.000000000000000000, 0.000000000000000000 ) ) ;
#2326 = ORIENTED_EDGE ( 'NONE', *, *, #4276, .F. ) ;
#2325 = DIRECTION ( 'NONE',  ( -1.000000000000000000, 0.000000000000000000, -5.551115123125781716E-16 ) ) ;
#2327 = LINE ( 'NONE', #1408, #4062 ) ;
#2328 = LINE ( 'NONE', #3283, #4766 ) ;
#2329 = EDGE_CURVE ( 'NONE', #1007, #4859, #1911, .T. ) ;
#2330 = VERTEX_POINT ( 'NONE', #224 ) ;
#2331 = EDGE_CURVE ( 'NONE', #5736, #430, #2665, .T. ) ;
#2332 = EDGE_LOOP ( 'NONE', ( #4002, #5235, #2633, #3153 ) ) ;
#2333 = DIRECTION ( 'NONE',  ( 5.551115123125781716E-16, 0.000000000000000000, -1.000000000000000000 ) ) ;
#2334 = AXIS2_PLACEMENT_3D ( 'NONE', #1800, #4961, #1829 ) ;
#2335 = FACE_OUTER_BOUND ( 'NONE', #3844, .T. ) ;
#2336 = VERTEX_POINT ( 'NONE', #3352 ) ;
#2337 = AXIS2_PLACEMENT_3D ( 'NONE', #3374, #2009, #246 ) ;
#2338 = DIRECTION ( 'NONE',  ( 0.000000000000000000, 0.000000000000000000, 1.000000000000000000 ) ) ;
#2339 = CIRCLE ( 'NONE', #5668, 12.50000000000000178 ) ;
#2340 = VERTEX_POINT ( 'NONE', #5165 ) ;
#2341 = VERTEX_POINT ( 'NONE', #844 ) ;
#2342 = CARTESIAN_POINT ( 'NONE',  ( 76.24663118593862521, 0.000000000000000000, -54.99999999999992895 ) ) ;
#2343 = PLANE ( 'NONE',  #3375 ) ;
#2344 = DIRECTION ( 'NONE',  ( -0.000000000000000000, 1.000000000000000000, -0.000000000000000000 ) ) ;
#2345 = AXIS2_PLACEMENT_3D ( 'NONE', #2562, #5299, #4772 ) ;
#2346 = EDGE_CURVE ( 'NONE', #3317, #4024, #5819, .T. ) ;
#2347 = ORIENTED_EDGE ( 'NONE', *, *, #5079, .F. ) ;
#2348 = AXIS2_PLACEMENT_3D ( 'NONE', #280, #2101, #5725 ) ;
#2349 = VERTEX_POINT ( 'NONE', #3137 ) ;
#2350 = ORIENTED_EDGE ( 'NONE', *, *, #5216, .T. ) ;
#2351 = DIRECTION ( 'NONE',  ( -0.000000000000000000, -1.000000000000000000, -0.000000000000000000 ) ) ;
#2352 = CIRCLE ( 'NONE', #5378, 1.599999999999997202 ) ;
#2353 = LINE ( 'NONE', #4146, #347 ) ;
#2354 = CARTESIAN_POINT ( 'NONE',  ( -144.7144381985054906, 0.000000000000000000, 31.30000000000029914 ) ) ;
#2355 = AXIS2_PLACEMENT_3D ( 'NONE', #3849, #126, #4650 ) ;
#2356 = DIRECTION ( 'NONE',  ( -0.000000000000000000, -1.000000000000000000, -0.000000000000000000 ) ) ;
#2357 = DIRECTION ( 'NONE',  ( 0.000000000000000000, 0.000000000000000000, -1.000000000000000000 ) ) ;
#2358 = CYLINDRICAL_SURFACE ( 'NONE', #2193, 1.600000000000004086 ) ;
#2359 = DIRECTION ( 'NONE',  ( 0.000000000000000000, 0.000000000000000000, -1.000000000000000000 ) ) ;
#2360 = CIRCLE ( 'NONE', #5307, 1.600000000000004086 ) ;
#2361 = ORIENTED_EDGE ( 'NONE', *, *, #3383, .T. ) ;
#2362 = ORIENTED_EDGE ( 'NONE', *, *, #5759, .F. ) ;
#2363 = CARTESIAN_POINT ( 'NONE',  ( 28.42844072404627909, 3.000000000000000000, -119.9999999999999716 ) ) ;
#2364 = AXIS2_PLACEMENT_3D ( 'NONE', #3496, #2217, #4925 ) ;
#2365 = VECTOR ( 'NONE', #2290, 1000.000000000000000 ) ;
#2366 = ADVANCED_FACE ( 'NONE', ( #785 ), #2659, .F. ) ;
#2367 = DIRECTION ( 'NONE',  ( 0.000000000000000000, 0.000000000000000000, -1.000000000000000000 ) ) ;
#2368 = ADVANCED_FACE ( 'NONE', ( #1236 ), #5279, .F. ) ;
#2369 = VECTOR ( 'NONE', #2594, 1000.000000000000000 ) ;
#2370 = ORIENTED_EDGE ( 'NONE', *, *, #275, .T. ) ;
#2371 = DIRECTION ( 'NONE',  ( -0.7071067811865540120, -0.000000000000000000, -0.7071067811865410224 ) ) ;
#2372 = VERTEX_POINT ( 'NONE', #1739 ) ;
#2373 = ORIENTED_EDGE ( 'NONE', *, *, #3518, .T. ) ;
#2374 =( LENGTH_UNIT ( ) NAMED_UNIT ( * ) SI_UNIT ( .MILLI., .METRE. ) );
#2375 = FACE_BOUND ( 'NONE', #52, .T. ) ;
#2376 = CIRCLE ( 'NONE', #1710, 1.600000000000004086 ) ;
#2377 = DIRECTION ( 'NONE',  ( 0.000000000000000000, -1.000000000000000000, 0.000000000000000000 ) ) ;
#2378 = ADVANCED_FACE ( 'NONE', ( #3050 ), #2687, .F. ) ;
#2379 = ORIENTED_EDGE ( 'NONE', *, *, #5170, .F. ) ;
#2380 = CIRCLE ( 'NONE', #4103, 30.00000000000000000 ) ;
#2381 = EDGE_CURVE ( 'NONE', #3214, #5374, #401, .T. ) ;
#2382 = ORIENTED_EDGE ( 'NONE', *, *, #2329, .T. ) ;
#2383 = EDGE_LOOP ( 'NONE', ( #2419, #1276, #5472, #5435 ) ) ;
#2384 = LINE ( 'NONE', #182, #4284 ) ;
#2385 = DIRECTION ( 'NONE',  ( 0.000000000000000000, 0.000000000000000000, -1.000000000000000000 ) ) ;
#2386 = EDGE_CURVE ( 'NONE', #1952, #1751, #4843, .T. ) ;
#2387 = LINE ( 'NONE', #1463, #72 ) ;
#2388 = CARTESIAN_POINT ( 'NONE',  ( -80.71443819850549062, 0.000000000000000000, 65.11903875405599251 ) ) ;
#2389 = CARTESIAN_POINT ( 'NONE',  ( 14.64663118593861135, 3.000000000000000000, -29.99999999999991473 ) ) ;
#2390 = DIRECTION ( 'NONE',  ( -0.000000000000000000, -1.000000000000000000, -0.000000000000000000 ) ) ;
#2391 = CARTESIAN_POINT ( 'NONE',  ( -115.7144381985055048, 3.001000000000000334, -62.38096124594394354 ) ) ;
#2392 = VERTEX_POINT ( 'NONE', #1709 ) ;
#2393 = FACE_OUTER_BOUND ( 'NONE', #464, .T. ) ;
#2394 = EDGE_LOOP ( 'NONE', ( #3091, #3663, #2908, #5138 ) ) ;
#2395 = CARTESIAN_POINT ( 'NONE',  ( -115.3644381985056953, 0.000000000000000000, 14.00000000000000178 ) ) ;
#2396 = CARTESIAN_POINT ( 'NONE',  ( 64.64663118593860247, 0.000000000000000000, -54.99999999999986500 ) ) ;
#2397 = ORIENTED_EDGE ( 'NONE', *, *, #814, .F. ) ;
#2398 = EDGE_CURVE ( 'NONE', #596, #3875, #759, .T. ) ;
#2399 = DIRECTION ( 'NONE',  ( 0.000000000000000000, -1.000000000000000000, 0.000000000000000000 ) ) ;
#2400 = EDGE_LOOP ( 'NONE', ( #2112, #1388 ) ) ;
#2401 = ORIENTED_EDGE ( 'NONE', *, *, #1723, .T. ) ;
#2402 = DIRECTION ( 'NONE',  ( -0.000000000000000000, -1.000000000000000000, -0.000000000000000000 ) ) ;
#2403 = CARTESIAN_POINT ( 'NONE',  ( 76.24663118593873889, 3.001000000000000334, 54.99999999999992895 ) ) ;
#2404 = DIRECTION ( 'NONE',  ( 0.000000000000000000, 0.000000000000000000, 1.000000000000000000 ) ) ;
#2405 = EDGE_CURVE ( 'NONE', #4521, #5314, #3586, .T. ) ;
#2406 = CYLINDRICAL_SURFACE ( 'NONE', #2190, 1.600000000000004086 ) ;
#2407 = ORIENTED_EDGE ( 'NONE', *, *, #4016, .T. ) ;
#2408 = ORIENTED_EDGE ( 'NONE', *, *, #5291, .T. ) ;
#2409 = ORIENTED_EDGE ( 'NONE', *, *, #2192, .T. ) ;
#2410 = DIRECTION ( 'NONE',  ( -0.000000000000000000, -1.000000000000000000, -0.000000000000000000 ) ) ;
#2411 = CARTESIAN_POINT ( 'NONE',  ( 93.04663118593870763, 3.000000000000000000, 30.00000000000000000 ) ) ;
#2412 = DIRECTION ( 'NONE',  ( -5.551115123125781716E-16, 0.000000000000000000, 1.000000000000000000 ) ) ;
#2413 = EDGE_CURVE ( 'NONE', #4991, #1277, #576, .T. ) ;
#2414 = EDGE_CURVE ( 'NONE', #4703, #5675, #2380, .T. ) ;
#2415 = PLANE ( 'NONE',  #2180 ) ;
#2416 = PLANE ( 'NONE',  #4164 ) ;
#2417 = CARTESIAN_POINT ( 'NONE',  ( 113.7700000000000102, 3.000000000000000000, -79.20000000000005969 ) ) ;
#2418 = CARTESIAN_POINT ( 'NONE',  ( -12.70414209279597806, 3.000000000000000000, 34.99999999999999289 ) ) ;
#2419 = ORIENTED_EDGE ( 'NONE', *, *, #4127, .T. ) ;
#2420 = CYLINDRICAL_SURFACE ( 'NONE', #5137, 1.600000000000004086 ) ;
#2421 = EDGE_LOOP ( 'NONE', ( #2817, #774, #5858, #3449 ) ) ;
#2422 = DIRECTION ( 'NONE',  ( -0.000000000000000000, 1.000000000000000000, -0.000000000000000000 ) ) ;
#2423 = DIRECTION ( 'NONE',  ( -0.9848077530122092416, 0.000000000000000000, -0.1736481776669233923 ) ) ;
#2424 = VERTEX_POINT ( 'NONE', #4511 ) ;
#2425 = CARTESIAN_POINT ( 'NONE',  ( -145.3644381985056953, -0.001000000000000132727, 14.00000000000000178 ) ) ;
#2426 = VERTEX_POINT ( 'NONE', #427 ) ;
#2427 = ORIENTED_EDGE ( 'NONE', *, *, #4865, .F. ) ;
#2428 = APPROVAL_STATUS ( 'not_yet_approved' ) ;
#2429 = FACE_BOUND ( 'NONE', #3062, .T. ) ;
#2430 = CARTESIAN_POINT ( 'NONE',  ( -12.70414209279597806, 3.001000000000000334, 34.99999999999999289 ) ) ;
#2431 = CARTESIAN_POINT ( 'NONE',  ( 93.04663118593870763, 0.000000000000000000, 30.00000000000000000 ) ) ;
#2432 = CIRCLE ( 'NONE', #2624, 1.600000000000004086 ) ;
#2433 = EDGE_LOOP ( 'NONE', ( #1661, #1847, #5642, #1628 ) ) ;
#2434 = ORIENTED_EDGE ( 'NONE', *, *, #2951, .T. ) ;
#2435 = ORIENTED_EDGE ( 'NONE', *, *, #2022, .T. ) ;
#2436 = DIRECTION ( 'NONE',  ( 0.000000000000000000, 0.000000000000000000, 1.000000000000000000 ) ) ;
#2437 = CIRCLE ( 'NONE', #5767, 1.499999999999987566 ) ;
#2438 = DIRECTION ( 'NONE',  ( 0.000000000000000000, 0.000000000000000000, 1.000000000000000000 ) ) ;
#2439 = CIRCLE ( 'NONE', #2905, 1.600000000000004086 ) ;
#2440 = EDGE_CURVE ( 'NONE', #1740, #3125, #1715, .T. ) ;
#2441 = CARTESIAN_POINT ( 'NONE',  ( 96.24663118593861100, 3.000000000000000000, -55.00000000000000000 ) ) ;
#2442 = EDGE_CURVE ( 'NONE', #1290, #4053, #1203, .T. ) ;
#2443 = AXIS2_PLACEMENT_3D ( 'NONE', #1547, #2121, #5745 ) ;
#2444 = CARTESIAN_POINT ( 'NONE',  ( 159.9999999999999147, 3.000000000000000000, -89.99999999999975842 ) ) ;
#2445 = DIRECTION ( 'NONE',  ( -1.000000000000000000, 0.000000000000000000, 0.000000000000000000 ) ) ;
#2446 = CARTESIAN_POINT ( 'NONE',  ( -75.12344610756727548, 0.000000000000000000, 12.50000000000000178 ) ) ;
#2447 = DIRECTION ( 'NONE',  ( 0.000000000000000000, 1.000000000000000000, -0.000000000000000000 ) ) ;
#2448 = VERTEX_POINT ( 'NONE', #3556 ) ;
#2449 = AXIS2_PLACEMENT_3D ( 'NONE', #4765, #2116, #1598 ) ;
#2450 = CARTESIAN_POINT ( 'NONE',  ( -28.70414209279597628, 3.001000000000000334, 34.99999999999999289 ) ) ;
#2451 = LINE ( 'NONE', #3831, #1237 ) ;
#2452 = ORIENTED_EDGE ( 'NONE', *, *, #3718, .T. ) ;
#2453 = AXIS2_PLACEMENT_3D ( 'NONE', #4283, #1447, #5549 ) ;
#2454 = EDGE_CURVE ( 'NONE', #4847, #5178, #5754, .T. ) ;
#2455 = DIRECTION ( 'NONE',  ( -0.000000000000000000, -1.000000000000000000, -0.000000000000000000 ) ) ;
#2456 = ORIENTED_EDGE ( 'NONE', *, *, #3353, .F. ) ;
#2457 = FACE_OUTER_BOUND ( 'NONE', #4827, .T. ) ;
#2458 = VECTOR ( 'NONE', #3702, 1000.000000000000000 ) ;
#2459 = VERTEX_POINT ( 'NONE', #3497 ) ;
#2460 = ORIENTED_EDGE ( 'NONE', *, *, #1841, .T. ) ;
#2461 = DATE_AND_TIME ( #647, #5777 ) ;
#2462 = LINE ( 'NONE', #3454, #3459 ) ;
#2463 = CARTESIAN_POINT ( 'NONE',  ( -144.7144381985054906, 0.000000000000000000, 30.05000000000028848 ) ) ;
#2464 = AXIS2_PLACEMENT_3D ( 'NONE', #5065, #2768, #4090 ) ;
#2465 = AXIS2_PLACEMENT_3D ( 'NONE', #2667, #5849, #1329 ) ;
#2466 = LINE ( 'NONE', #3337, #4104 ) ;
#2467 = VERTEX_POINT ( 'NONE', #2188 ) ;
#2468 = ORIENTED_EDGE ( 'NONE', *, *, #3064, .F. ) ;
#2469 = ORIENTED_EDGE ( 'NONE', *, *, #5729, .F. ) ;
#2470 = DIRECTION ( 'NONE',  ( 0.000000000000000000, 1.000000000000000000, 0.000000000000000000 ) ) ;
#2471 = VECTOR ( 'NONE', #2503, 1000.000000000000000 ) ;
#2472 = VECTOR ( 'NONE', #4350, 1000.000000000000000 ) ;
#2473 = CARTESIAN_POINT ( 'NONE',  ( -80.71443819850549062, 0.000000000000000000, 62.11903875405601383 ) ) ;
#2474 = DIRECTION ( 'NONE',  ( -0.000000000000000000, 1.000000000000000000, -0.000000000000000000 ) ) ;
#2475 = CIRCLE ( 'NONE', #3235, 30.00000000000000000 ) ;
#2476 = CIRCLE ( 'NONE', #659, 1.600000000000004086 ) ;
#2477 = ADVANCED_FACE ( 'NONE', ( #3529 ), #337, .F. ) ;
#2478 = DIRECTION ( 'NONE',  ( 0.000000000000000000, 0.000000000000000000, 1.000000000000000000 ) ) ;
#2479 = DIRECTION ( 'NONE',  ( -0.000000000000000000, -1.000000000000000000, -0.000000000000000000 ) ) ;
#2480 = FACE_OUTER_BOUND ( 'NONE', #3728, .T. ) ;
#2481 = FACE_OUTER_BOUND ( 'NONE', #2761, .T. ) ;
#2482 = ADVANCED_FACE ( 'NONE', ( #810 ), #3103, .F. ) ;
#2483 = EDGE_LOOP ( 'NONE', ( #3687, #5179, #1716, #41 ) ) ;
#2484 = CARTESIAN_POINT ( 'NONE',  ( -6.957414193360675014, 3.000000000000000000, 44.24010619321096982 ) ) ;
#2485 = DIRECTION ( 'NONE',  ( 0.000000000000000000, 0.000000000000000000, 1.000000000000000000 ) ) ;
#2486 = ORIENTED_EDGE ( 'NONE', *, *, #2798, .F. ) ;
#2487 = EDGE_CURVE ( 'NONE', #2494, #3320, #540, .T. ) ;
#2488 = CARTESIAN_POINT ( 'NONE',  ( 73.04663118593860816, 3.001000000000000334, -29.99999999999992895 ) ) ;
#2489 = ADVANCED_FACE ( 'NONE', ( #3705 ), #1801, .F. ) ;
#2490 = EDGE_LOOP ( 'NONE', ( #2668, #3498, #3, #5865, #5450 ) ) ;
#2491 = LINE ( 'NONE', #734, #944 ) ;
#2492 = EDGE_CURVE ( 'NONE', #1444, #3056, #5433, .T. ) ;
#2493 = VERTEX_POINT ( 'NONE', #1920 ) ;
#2494 = VERTEX_POINT ( 'NONE', #4595 ) ;
#2495 = DATE_TIME_ROLE ( 'creation_date' ) ;
#2496 = EDGE_CURVE ( 'NONE', #3506, #3386, #2776, .T. ) ;
#2497 = DIRECTION ( 'NONE',  ( -0.000000000000000000, -1.000000000000000000, -0.000000000000000000 ) ) ;
#2498 = DIRECTION ( 'NONE',  ( 0.000000000000000000, -1.000000000000000000, 0.000000000000000000 ) ) ;
#2499 = DIRECTION ( 'NONE',  ( 0.000000000000000000, 0.000000000000000000, -1.000000000000000000 ) ) ;
#2500 = VERTEX_POINT ( 'NONE', #3164 ) ;
#2501 = ORIENTED_EDGE ( 'NONE', *, *, #3326, .F. ) ;
#2502 = ORIENTED_EDGE ( 'NONE', *, *, #4133, .T. ) ;
#2503 = DIRECTION ( 'NONE',  ( -0.000000000000000000, -1.000000000000000000, -0.000000000000000000 ) ) ;
#2504 = LINE ( 'NONE', #327, #3969 ) ;
#2505 = CARTESIAN_POINT ( 'NONE',  ( -31.75741419336065974, 3.000000000000000000, 80.24010619321096272 ) ) ;
#2506 = FACE_OUTER_BOUND ( 'NONE', #5352, .T. ) ;
#2507 = DIRECTION ( 'NONE',  ( 0.000000000000000000, 1.000000000000000000, 0.000000000000000000 ) ) ;
#2508 = DIRECTION ( 'NONE',  ( -0.000000000000000000, -1.000000000000000000, -0.000000000000000000 ) ) ;
#2509 = DIRECTION ( 'NONE',  ( -0.000000000000000000, 1.000000000000000000, -0.000000000000000000 ) ) ;
#2510 = ADVANCED_FACE ( 'NONE', ( #4622 ), #4986, .F. ) ;
#2511 = VECTOR ( 'NONE', #5676, 1000.000000000000000 ) ;
#2512 = VERTEX_POINT ( 'NONE', #5073 ) ;
#2513 = CYLINDRICAL_SURFACE ( 'NONE', #4952, 1.250000000000007994 ) ;
#2514 = DIRECTION ( 'NONE',  ( -0.000000000000000000, -0.000000000000000000, -1.000000000000000000 ) ) ;
#2515 = ADVANCED_FACE ( 'NONE', ( #2304 ), #3671, .F. ) ;
#2516 = ORIENTED_EDGE ( 'NONE', *, *, #3217, .T. ) ;
#2517 = CARTESIAN_POINT ( 'NONE',  ( -80.71443819850550483, 3.001000000000000334, -60.88096124594397907 ) ) ;
#2518 = EDGE_CURVE ( 'NONE', #2237, #715, #2475, .T. ) ;
#2519 = ORIENTED_EDGE ( 'NONE', *, *, #3463, .T. ) ;
#2520 = FACE_OUTER_BOUND ( 'NONE', #121, .T. ) ;
#2521 = ORIENTED_EDGE ( 'NONE', *, *, #3958, .F. ) ;
#2522 = VERTEX_POINT ( 'NONE', #4655 ) ;
#2523 = CALENDAR_DATE ( 2026, 29, 7 ) ;
#2524 = DIRECTION ( 'NONE',  ( 0.000000000000000000, 0.000000000000000000, 1.000000000000000000 ) ) ;
#2525 = CARTESIAN_POINT ( 'NONE',  ( 24.64663118593862023, 0.000000000000000000, -29.99999999999986144 ) ) ;
#2526 = VECTOR ( 'NONE', #732, 1000.000000000000000 ) ;
#2527 = DIRECTION ( 'NONE',  ( 0.000000000000000000, 0.000000000000000000, -1.000000000000000000 ) ) ;
#2528 = ORIENTED_EDGE ( 'NONE', *, *, #5326, .T. ) ;
#2529 = ORIENTED_EDGE ( 'NONE', *, *, #3441, .F. ) ;
#2530 = EDGE_LOOP ( 'NONE', ( #3957, #5592, #4798, #946 ) ) ;
#2531 = DIRECTION ( 'NONE',  ( -0.000000000000000000, -1.000000000000000000, -0.000000000000000000 ) ) ;
#2532 = CARTESIAN_POINT ( 'NONE',  ( -115.7144381985054906, 3.000000000000000000, 63.61903875405599962 ) ) ;
#2533 = AXIS2_PLACEMENT_3D ( 'NONE', #2570, #5335, #4304 ) ;
#2534 = ADVANCED_FACE ( 'NONE', ( #4538 ), #3189, .F. ) ;
#2535 = CIRCLE ( 'NONE', #62, 150.0000000000000000 ) ;
#2536 = DIRECTION ( 'NONE',  ( 0.000000000000000000, 0.000000000000000000, -1.000000000000000000 ) ) ;
#2537 = FACE_OUTER_BOUND ( 'NONE', #5386, .T. ) ;
#2538 = CARTESIAN_POINT ( 'NONE',  ( 89.99999999999997158, 3.000000000000000000, -93.00000000000007105 ) ) ;
#2539 = CARTESIAN_POINT ( 'NONE',  ( 60.22999999999996135, 3.000000000000000000, 74.40000000000007674 ) ) ;
#2540 = CIRCLE ( 'NONE', #5364, 1.600000000000018074 ) ;
#2541 = VECTOR ( 'NONE', #2590, 1000.000000000000000 ) ;
#2542 = ORIENTED_EDGE ( 'NONE', *, *, #3353, .T. ) ;
#2543 = LINE ( 'NONE', #4035, #4651 ) ;
#2544 = AXIS2_PLACEMENT_3D ( 'NONE', #2622, #1827, #1318 ) ;
#2545 = CARTESIAN_POINT ( 'NONE',  ( -115.7144381985054906, 3.001000000000000334, 63.61903875405599962 ) ) ;
#2546 = CC_DESIGN_SECURITY_CLASSIFICATION ( #927, ( #2163 ) ) ;
#2547 = ORIENTED_EDGE ( 'NONE', *, *, #1608, .F. ) ;
#2548 = LINE ( 'NONE', #4370, #4813 ) ;
#2549 = ORIENTED_EDGE ( 'NONE', *, *, #1357, .T. ) ;
#2550 = DIRECTION ( 'NONE',  ( -0.000000000000000000, -1.000000000000000000, -0.000000000000000000 ) ) ;
#2551 = ORIENTED_EDGE ( 'NONE', *, *, #4016, .F. ) ;
#2552 = ADVANCED_FACE ( 'NONE', ( #459 ), #2358, .F. ) ;
#2553 = VERTEX_POINT ( 'NONE', #5542 ) ;
#2554 = VECTOR ( 'NONE', #4583, 1000.000000000000000 ) ;
#2555 = CALENDAR_DATE ( 2026, 29, 7 ) ;
#2556 = CARTESIAN_POINT ( 'NONE',  ( 23.04663118593860816, 0.000000000000000000, -54.99999999999985789 ) ) ;
#2557 = CARTESIAN_POINT ( 'NONE',  ( -34.95741419336068390, 0.000000000000000000, 80.24010619321096272 ) ) ;
#2558 = DIRECTION ( 'NONE',  ( 0.000000000000000000, 0.000000000000000000, -1.000000000000000000 ) ) ;
#2559 = ORIENTED_EDGE ( 'NONE', *, *, #713, .T. ) ;
#2560 = EDGE_LOOP ( 'NONE', ( #1250, #5153, #636, #2724, #4205, #5636, #3119, #1296, #2805, #4514, #148, #4975, #1126, #4909, #4168, #5001, #1683, #3025, #1929, #4105, #2195, #1412, #3751, #4860 ) ) ;
#2561 = ORIENTED_EDGE ( 'NONE', *, *, #5311, .T. ) ;
#2562 = CARTESIAN_POINT ( 'NONE',  ( 4.646631185938734809, 3.000000000000000000, 29.99999999999998579 ) ) ;
#2563 = AXIS2_PLACEMENT_3D ( 'NONE', #2952, #4330, #2098 ) ;
#2564 = DIRECTION ( 'NONE',  ( -0.000000000000000000, -1.000000000000000000, -0.000000000000000000 ) ) ;
#2565 = ADVANCED_FACE ( 'NONE', ( #4184 ), #1467, .F. ) ;
#2566 = EDGE_CURVE ( 'NONE', #1340, #5064, #2327, .T. ) ;
#2567 = VECTOR ( 'NONE', #5615, 1000.000000000000000 ) ;
#2568 = PLANE ( 'NONE',  #3228 ) ;
#2569 = EDGE_CURVE ( 'NONE', #3626, #3963, #4625, .T. ) ;
#2570 = CARTESIAN_POINT ( 'NONE',  ( -115.7144381985055048, 0.000000000000000000, -62.38096124594394354 ) ) ;
#2571 = FACE_OUTER_BOUND ( 'NONE', #1448, .T. ) ;
#2572 = CARTESIAN_POINT ( 'NONE',  ( -145.3644381985056953, 0.000000000000000000, -13.99999999999999645 ) ) ;
#2573 = AXIS2_PLACEMENT_3D ( 'NONE', #3112, #819, #4459 ) ;
#2574 = CIRCLE ( 'NONE', #858, 1.600000000000004086 ) ;
#2575 = EDGE_LOOP ( 'NONE', ( #317, #853, #5090, #1553, #447 ) ) ;
#2576 = LINE ( 'NONE', #5338, #1607 ) ;
#2577 = DIRECTION ( 'NONE',  ( 0.000000000000000000, 0.000000000000000000, 1.000000000000000000 ) ) ;
#2578 = ORIENTED_EDGE ( 'NONE', *, *, #3625, .T. ) ;
#2579 = FACE_OUTER_BOUND ( 'NONE', #1252, .T. ) ;
#2580 = ORIENTED_EDGE ( 'NONE', *, *, #3731, .F. ) ;
#2581 = CARTESIAN_POINT ( 'NONE',  ( 39.99999999999997158, 3.000000000000000000, -90.00000000000005684 ) ) ;
#2582 = ORIENTED_EDGE ( 'NONE', *, *, #3060, .F. ) ;
#2583 = ORIENTED_EDGE ( 'NONE', *, *, #886, .F. ) ;
#2584 = LINE ( 'NONE', #793, #1693 ) ;
#2585 = ADVANCED_FACE ( 'NONE', ( #18 ), #1830, .F. ) ;
#2586 = CARTESIAN_POINT ( 'NONE',  ( -125.7144381985055333, 3.000000000000000000, 64.67164498816627827 ) ) ;
#2587 = CARTESIAN_POINT ( 'NONE',  ( -28.70414209279597628, 3.000000000000000000, -35.00000000000000711 ) ) ;
#2588 = EDGE_LOOP ( 'NONE', ( #2812, #1119, #4713, #2580 ) ) ;
#2589 = ORIENTED_EDGE ( 'NONE', *, *, #2042, .T. ) ;
#2590 = DIRECTION ( 'NONE',  ( 5.551115123125781716E-16, 0.000000000000000000, -1.000000000000000000 ) ) ;
#2591 = EDGE_CURVE ( 'NONE', #5591, #2735, #626, .T. ) ;
#2592 = CARTESIAN_POINT ( 'NONE',  ( -5.357414193360693133, 3.000000000000000000, -44.24010619321096982 ) ) ;
#2593 = EDGE_CURVE ( 'NONE', #1477, #4072, #1888, .T. ) ;
#2594 = DIRECTION ( 'NONE',  ( -1.541976423090498838E-16, -0.000000000000000000, -1.000000000000000000 ) ) ;
#2595 = DIRECTION ( 'NONE',  ( -0.000000000000000000, -1.000000000000000000, -0.000000000000000000 ) ) ;
#2596 = CARTESIAN_POINT ( 'NONE',  ( -31.75741419336072724, 0.000000000000000000, 89.99999999999997158 ) ) ;
#2597 = EDGE_CURVE ( 'NONE', #3819, #3797, #4437, .T. ) ;
#2598 = DIRECTION ( 'NONE',  ( -4.336808689942017736E-16, 0.000000000000000000, -1.000000000000000000 ) ) ;
#2599 = CARTESIAN_POINT ( 'NONE',  ( -6.957414193360691002, 0.000000000000000000, -44.24010619321096982 ) ) ;
#2600 = CARTESIAN_POINT ( 'NONE',  ( 15.30514119515825300, 3.000000000000000000, -119.9999999999999716 ) ) ;
#2601 = ORIENTED_EDGE ( 'NONE', *, *, #348, .T. ) ;
#2602 = CARTESIAN_POINT ( 'NONE',  ( 64.64663118593871616, 3.001000000000000334, 29.99999999999986144 ) ) ;
#2603 = ORIENTED_EDGE ( 'NONE', *, *, #5606, .T. ) ;
#2604 = CARTESIAN_POINT ( 'NONE',  ( 3.046631185938619701, 0.000000000000000000, -29.99999999999998579 ) ) ;
#2605 = ORIENTED_EDGE ( 'NONE', *, *, #4240, .F. ) ;
#2606 = CARTESIAN_POINT ( 'NONE',  ( 16.24663118593872468, 0.000000000000000000, 29.99999999999991473 ) ) ;
#2607 = EDGE_LOOP ( 'NONE', ( #1417, #1471, #293, #2880 ) ) ;
#2608 = CARTESIAN_POINT ( 'NONE',  ( 84.64663118593861668, 3.000000000000000000, -55.00000000000000000 ) ) ;
#2609 = CARTESIAN_POINT ( 'NONE',  ( 24.64663118593873037, 3.000000000000000000, 29.99999999999986144 ) ) ;
#2610 = DIRECTION ( 'NONE',  ( 0.000000000000000000, 0.000000000000000000, 1.000000000000000000 ) ) ;
#2611 = VERTEX_POINT ( 'NONE', #5219 ) ;
#2612 = ORIENTED_EDGE ( 'NONE', *, *, #1179, .F. ) ;
#2613 = ADVANCED_FACE ( 'NONE', ( #4214 ), #3347, .F. ) ;
#2614 = FACE_BOUND ( 'NONE', #1311, .T. ) ;
#2615 = CARTESIAN_POINT ( 'NONE',  ( -45.71443819850549772, 0.000000000000000000, -60.88096124594397907 ) ) ;
#2616 = ORIENTED_EDGE ( 'NONE', *, *, #4309, .F. ) ;
#2617 = CARTESIAN_POINT ( 'NONE',  ( 2.381214074007806492, 3.000000000000000000, 117.7211629518313600 ) ) ;
#2618 = ADVANCED_FACE ( 'NONE', ( #4272 ), #156, .F. ) ;
#2619 = CARTESIAN_POINT ( 'NONE',  ( -45.71443819850549772, 3.001000000000000334, -63.88096124594397196 ) ) ;
#2620 = DIRECTION ( 'NONE',  ( 0.000000000000000000, -1.000000000000000000, 0.000000000000000000 ) ) ;
#2621 = CIRCLE ( 'NONE', #813, 150.0000000000000000 ) ;
#2622 = CARTESIAN_POINT ( 'NONE',  ( 84.64663118593861668, 3.001000000000000334, -55.00000000000000000 ) ) ;
#2623 = EDGE_CURVE ( 'NONE', #2426, #1543, #1576, .T. ) ;
#2624 = AXIS2_PLACEMENT_3D ( 'NONE', #836, #2214, #4982 ) ;
#2625 = CARTESIAN_POINT ( 'NONE',  ( 60.22999999999996135, 0.000000000000000000, 74.40000000000007674 ) ) ;
#2626 = DIRECTION ( 'NONE',  ( 0.000000000000000000, 0.000000000000000000, 1.000000000000000000 ) ) ;
#2627 = ORIENTED_EDGE ( 'NONE', *, *, #2591, .F. ) ;
#2628 = CIRCLE ( 'NONE', #4631, 1.600000000000004086 ) ;
#2629 = ADVANCED_FACE ( 'NONE', ( #5159 ), #190, .F. ) ;
#2630 = ORIENTED_EDGE ( 'NONE', *, *, #840, .T. ) ;
#2631 = VECTOR ( 'NONE', #2474, 1000.000000000000000 ) ;
#2632 = FACE_OUTER_BOUND ( 'NONE', #5583, .T. ) ;
#2633 = ORIENTED_EDGE ( 'NONE', *, *, #1831, .T. ) ;
#2634 = CARTESIAN_POINT ( 'NONE',  ( -5.357414193360693133, -7.000000000000000000, -44.24010619321096982 ) ) ;
#2635 = ORIENTED_EDGE ( 'NONE', *, *, #3364, .T. ) ;
#2636 = EDGE_CURVE ( 'NONE', #2341, #5083, #1009, .T. ) ;
#2637 = AXIS2_PLACEMENT_3D ( 'NONE', #3822, #5628, #1100 ) ;
#2638 = DIRECTION ( 'NONE',  ( -0.000000000000000000, -1.000000000000000000, -0.000000000000000000 ) ) ;
#2639 = DIRECTION ( 'NONE',  ( 0.000000000000000000, 0.000000000000000000, 1.000000000000000000 ) ) ;
#2640 = ORIENTED_EDGE ( 'NONE', *, *, #662, .F. ) ;
#2641 = VECTOR ( 'NONE', #2678, 1000.000000000000000 ) ;
#2642 = ORIENTED_EDGE ( 'NONE', *, *, #5489, .T. ) ;
#2643 = VERTEX_POINT ( 'NONE', #2887 ) ;
#2644 = DIRECTION ( 'NONE',  ( 0.000000000000000000, 1.000000000000000000, 0.000000000000000000 ) ) ;
#2645 = CYLINDRICAL_SURFACE ( 'NONE', #1027, 1.600000000000004086 ) ;
#2646 = CIRCLE ( 'NONE', #1698, 1.600000000000004086 ) ;
#2647 = EDGE_LOOP ( 'NONE', ( #4028, #3862 ) ) ;
#2648 = DIRECTION ( 'NONE',  ( -0.000000000000000000, 1.000000000000000000, -0.000000000000000000 ) ) ;
#2649 = AXIS2_PLACEMENT_3D ( 'NONE', #1202, #1646, #4842 ) ;
#2650 = AXIS2_PLACEMENT_3D ( 'NONE', #1750, #1304, #4907 ) ;
#2651 = DIRECTION ( 'NONE',  ( 0.000000000000000000, -1.000000000000000000, 0.000000000000000000 ) ) ;
#2652 = DIRECTION ( 'NONE',  ( 0.000000000000000000, 0.000000000000000000, 1.000000000000000000 ) ) ;
#2653 = CARTESIAN_POINT ( 'NONE',  ( 129.9999999999997158, 3.000000000000000000, 120.0000000000000284 ) ) ;
#2654 = CIRCLE ( 'NONE', #567, 1.600000000000004086 ) ;
#2655 = AXIS2_PLACEMENT_3D ( 'NONE', #4250, #3417, #4721 ) ;
#2656 = ADVANCED_FACE ( 'NONE', ( #2480 ), #5631, .F. ) ;
#2657 = DIRECTION ( 'NONE',  ( -0.000000000000000000, -1.000000000000000000, -0.000000000000000000 ) ) ;
#2658 = CARTESIAN_POINT ( 'NONE',  ( -5.357414193360679810, 3.000000000000000000, 80.24010619321097693 ) ) ;
#2659 = PLANE ( 'NONE',  #3143 ) ;
#2660 = AXIS2_PLACEMENT_3D ( 'NONE', #2634, #3171, #2226 ) ;
#2661 = VECTOR ( 'NONE', #5226, 1000.000000000000000 ) ;
#2662 = ORIENTED_EDGE ( 'NONE', *, *, #2122, .T. ) ;
#2663 = FACE_OUTER_BOUND ( 'NONE', #4069, .T. ) ;
#2664 = EDGE_CURVE ( 'NONE', #3587, #834, #4805, .T. ) ;
#2665 = CIRCLE ( 'NONE', #105, 1.600000000000004086 ) ;
#2666 = ORIENTED_EDGE ( 'NONE', *, *, #3260, .F. ) ;
#2667 = CARTESIAN_POINT ( 'NONE',  ( -75.12344610756727548, 0.000000000000000000, 0.000000000000000000 ) ) ;
#2668 = ORIENTED_EDGE ( 'NONE', *, *, #100, .T. ) ;
#2669 = CARTESIAN_POINT ( 'NONE',  ( 74.22999999999996135, 0.000000000000000000, 79.20000000000005969 ) ) ;
#2670 = EDGE_CURVE ( 'NONE', #270, #3272, #694, .T. ) ;
#2671 = ADVANCED_FACE ( 'NONE', ( #2067 ), #4305, .F. ) ;
#2672 = CYLINDRICAL_SURFACE ( 'NONE', #1031, 1.499999999999987566 ) ;
#2673 = CARTESIAN_POINT ( 'NONE',  ( 6.246631185938627873, 3.001000000000000334, -29.99999999999998579 ) ) ;
#2674 = FACE_OUTER_BOUND ( 'NONE', #146, .T. ) ;
#2675 = ORIENTED_EDGE ( 'NONE', *, *, #3518, .F. ) ;
#2676 = ORIENTED_EDGE ( 'NONE', *, *, #5205, .T. ) ;
#2677 = LINE ( 'NONE', #5447, #1875 ) ;
#2678 = DIRECTION ( 'NONE',  ( 0.000000000000000000, 0.000000000000000000, -1.000000000000000000 ) ) ;
#2679 = EDGE_LOOP ( 'NONE', ( #3173, #498, #2134, #5369, #94 ) ) ;
#2680 = ORIENTED_EDGE ( 'NONE', *, *, #200, .F. ) ;
#2681 = CARTESIAN_POINT ( 'NONE',  ( 4.646631185938734809, 3.001000000000000334, 28.39999999999998082 ) ) ;
#2682 = CARTESIAN_POINT ( 'NONE',  ( 16.24663118593861100, 0.000000000000000000, -54.99999999999992184 ) ) ;
#2683 = FACE_OUTER_BOUND ( 'NONE', #3291, .T. ) ;
#2684 = DIRECTION ( 'NONE',  ( 0.000000000000000000, 1.000000000000000000, 0.000000000000000000 ) ) ;
#2685 = FACE_OUTER_BOUND ( 'NONE', #50, .T. ) ;
#2686 = CARTESIAN_POINT ( 'NONE',  ( 129.9999999999999147, 3.000000000000000000, -89.99999999999997158 ) ) ;
#2687 = PLANE ( 'NONE',  #5608 ) ;
#2688 = ORIENTED_EDGE ( 'NONE', *, *, #5657, .T. ) ;
#2689 = APPROVAL ( #2428, 'æœª' ) ;
#2690 = DIRECTION ( 'NONE',  ( 1.000000000000000000, 0.000000000000000000, -2.775557561562891351E-16 ) ) ;
#2691 = VERTEX_POINT ( 'NONE', #3794 ) ;
#2692 = FACE_OUTER_BOUND ( 'NONE', #428, .T. ) ;
#2693 = EDGE_CURVE ( 'NONE', #4489, #2960, #1865, .T. ) ;
#2694 = VERTEX_POINT ( 'NONE', #3760 ) ;
#2695 = CYLINDRICAL_SURFACE ( 'NONE', #1336, 1.499999999999994449 ) ;
#2696 = LINE ( 'NONE', #3172, #1229 ) ;
#2697 = EDGE_CURVE ( 'NONE', #2336, #86, #2035, .T. ) ;
#2698 = ORIENTED_EDGE ( 'NONE', *, *, #2726, .F. ) ;
#2699 = FACE_OUTER_BOUND ( 'NONE', #5269, .T. ) ;
#2700 = CIRCLE ( 'NONE', #2036, 1.600000000000004086 ) ;
#2701 = ORIENTED_EDGE ( 'NONE', *, *, #5545, .T. ) ;
#2702 = EDGE_LOOP ( 'NONE', ( #3051, #5559 ) ) ;
#2703 = CARTESIAN_POINT ( 'NONE',  ( 96.24663118593872468, 0.000000000000000000, 55.00000000000000000 ) ) ;
#2704 = CARTESIAN_POINT ( 'NONE',  ( -31.75741419336067395, -7.000000000000000000, 44.24010619321096982 ) ) ;
#2705 = ORIENTED_EDGE ( 'NONE', *, *, #5789, .T. ) ;
#2706 = ORIENTED_EDGE ( 'NONE', *, *, #2194, .T. ) ;
#2707 = CARTESIAN_POINT ( 'NONE',  ( 4.646631185938734809, 3.001000000000000334, 29.99999999999998579 ) ) ;
#2708 = DIRECTION ( 'NONE',  ( -0.000000000000000000, -1.000000000000000000, -0.000000000000000000 ) ) ;
#2709 = EDGE_CURVE ( 'NONE', #5027, #4916, #5130, .T. ) ;
#2710 = DIRECTION ( 'NONE',  ( -0.000000000000000000, -1.000000000000000000, -0.000000000000000000 ) ) ;
#2711 = CARTESIAN_POINT ( 'NONE',  ( 131.9999999999999432, 0.000000000000000000, 42.09008114612898765 ) ) ;
#2712 = CARTESIAN_POINT ( 'NONE',  ( 24.64663118593861313, 3.001000000000000334, -54.99999999999985789 ) ) ;
#2713 = DIRECTION ( 'NONE',  ( 0.000000000000000000, 0.000000000000000000, 1.000000000000000000 ) ) ;
#2714 = VERTEX_POINT ( 'NONE', #3889 ) ;
#2715 = CARTESIAN_POINT ( 'NONE',  ( 99.76999999999999602, 0.000000000000000000, -74.40000000000006253 ) ) ;
#2716 = AXIS2_PLACEMENT_3D ( 'NONE', #1349, #5428, #2241 ) ;
#2717 = AXIS2_PLACEMENT_3D ( 'NONE', #603, #129, #4710 ) ;
#2718 = EDGE_LOOP ( 'NONE', ( #5771, #5806, #545, #4668 ) ) ;
#2719 = VERTEX_POINT ( 'NONE', #2417 ) ;
#2720 = AXIS2_PLACEMENT_3D ( 'NONE', #3314, #5221, #4241 ) ;
#2721 = CYLINDRICAL_SURFACE ( 'NONE', #1814, 1.600000000000004086 ) ;
#2722 = AXIS2_PLACEMENT_3D ( 'NONE', #4868, #2507, #3921 ) ;
#2723 = DIRECTION ( 'NONE',  ( -0.000000000000000000, 1.000000000000000000, -0.000000000000000000 ) ) ;
#2724 = ORIENTED_EDGE ( 'NONE', *, *, #1899, .F. ) ;
#2725 = APPROVAL_PERSON_ORGANIZATION ( #1157, #5245, #5738 ) ;
#2726 = EDGE_CURVE ( 'NONE', #5178, #496, #4239, .T. ) ;
#2727 = CARTESIAN_POINT ( 'NONE',  ( -6.957414193360691002, 3.000000000000000000, -44.24010619321096982 ) ) ;
#2728 = VERTEX_POINT ( 'NONE', #2446 ) ;
#2729 = VERTEX_POINT ( 'NONE', #3854 ) ;
#2730 = AXIS2_PLACEMENT_3D ( 'NONE', #1874, #950, #476 ) ;
#2731 = FACE_BOUND ( 'NONE', #4768, .T. ) ;
#2732 = LINE ( 'NONE', #444, #5214 ) ;
#2733 = VECTOR ( 'NONE', #90, 1000.000000000000000 ) ;
#2734 = ORIENTED_EDGE ( 'NONE', *, *, #2951, .F. ) ;
#2735 = VERTEX_POINT ( 'NONE', #1551 ) ;
#2736 = DIRECTION ( 'NONE',  ( 0.000000000000000000, -1.000000000000000000, 0.000000000000000000 ) ) ;
#2737 = LINE ( 'NONE', #2619, #5010 ) ;
#2738 = EDGE_CURVE ( 'NONE', #1371, #2985, #5186, .T. ) ;
#2739 = AXIS2_PLACEMENT_3D ( 'NONE', #1813, #4078, #3114 ) ;
#2740 = CARTESIAN_POINT ( 'NONE',  ( 66.24663118593872468, 0.000000000000000000, 54.99999999999986500 ) ) ;
#2741 = ADVANCED_FACE ( 'NONE', ( #3946 ), #1669, .F. ) ;
#2742 = VECTOR ( 'NONE', #3135, 1000.000000000000000 ) ;
#2743 = EDGE_CURVE ( 'NONE', #1846, #3954, #3045, .T. ) ;
#2744 = CARTESIAN_POINT ( 'NONE',  ( 94.64663118593860247, 0.000000000000000000, -55.00000000000000000 ) ) ;
#2746 = VERTEX_POINT ( 'NONE', #3551 ) ;
#2745 = CARTESIAN_POINT ( 'NONE',  ( -31.75741419336067395, -7.000000000000000000, -44.24010619321096982 ) ) ;
#2747 = CARTESIAN_POINT ( 'NONE',  ( -115.7144381985054906, 0.000000000000000000, 63.61903875405599962 ) ) ;
#2748 = VERTEX_POINT ( 'NONE', #1316 ) ;
#2749 = CARTESIAN_POINT ( 'NONE',  ( -5.357414193360693133, 0.000000000000000000, -44.24010619321096982 ) ) ;
#2750 = VECTOR ( 'NONE', #3216, 1000.000000000000000 ) ;
#2751 = VERTEX_POINT ( 'NONE', #309 ) ;
#2752 = AXIS2_PLACEMENT_3D ( 'NONE', #2000, #2856, #597 ) ;
#2753 = CIRCLE ( 'NONE', #2655, 1.600000000000004086 ) ;
#2754 = VERTEX_POINT ( 'NONE', #4445 ) ;
#2755 = LINE ( 'NONE', #3263, #3805 ) ;
#2756 = FACE_OUTER_BOUND ( 'NONE', #3866, .T. ) ;
#2757 = AXIS2_PLACEMENT_3D ( 'NONE', #1322, #4962, #2577 ) ;
#2758 = AXIS2_PLACEMENT_3D ( 'NONE', #323, #4431, #299 ) ;
#2759 = VERTEX_POINT ( 'NONE', #3492 ) ;
#2760 = LINE ( 'NONE', #4136, #1044 ) ;
#2761 = EDGE_LOOP ( 'NONE', ( #4230, #5446, #5370, #5123 ) ) ;
#2762 = ORIENTED_EDGE ( 'NONE', *, *, #4192, .T. ) ;
#2763 = DIRECTION ( 'NONE',  ( -1.000000000000000000, -0.000000000000000000, -2.775557561562891844E-16 ) ) ;
#2764 = EDGE_CURVE ( 'NONE', #5857, #4371, #5841, .T. ) ;
#2765 = DIRECTION ( 'NONE',  ( -0.000000000000000000, -1.000000000000000000, -0.000000000000000000 ) ) ;
#2766 = ORIENTED_EDGE ( 'NONE', *, *, #1020, .F. ) ;
#2767 = ORIENTED_EDGE ( 'NONE', *, *, #2981, .F. ) ;
#2768 = DIRECTION ( 'NONE',  ( -1.000000000000000000, 0.000000000000000000, 0.000000000000000000 ) ) ;
#2769 = EDGE_CURVE ( 'NONE', #2748, #5857, #4154, .T. ) ;
#2770 = DIRECTION ( 'NONE',  ( 0.000000000000000000, 0.000000000000000000, -1.000000000000000000 ) ) ;
#2771 = CARTESIAN_POINT ( 'NONE',  ( 26.24663118593861810, 0.000000000000000000, -54.99999999999985789 ) ) ;
#2772 = EDGE_CURVE ( 'NONE', #3230, #4089, #344, .T. ) ;
#2773 = DIRECTION ( 'NONE',  ( -0.000000000000000000, -1.000000000000000000, -0.000000000000000000 ) ) ;
#2775 = EDGE_LOOP ( 'NONE', ( #2547, #2897, #1840, #1853, #4884 ) ) ;
#2774 = PLANE ( 'NONE',  #1961 ) ;
#2776 = LINE ( 'NONE', #1354, #3813 ) ;
#2777 = CARTESIAN_POINT ( 'NONE',  ( -80.71443819850550483, 0.000000000000000000, -62.38096124594397196 ) ) ;
#2778 = ORIENTED_EDGE ( 'NONE', *, *, #1639, .F. ) ;
#2779 = ORIENTED_EDGE ( 'NONE', *, *, #3858, .F. ) ;
#2780 = DIRECTION ( 'NONE',  ( 0.000000000000000000, 0.000000000000000000, 1.000000000000000000 ) ) ;
#2781 = EDGE_CURVE ( 'NONE', #5535, #3940, #3097, .T. ) ;
#2782 = CARTESIAN_POINT ( 'NONE',  ( 87.00000000000001421, 0.000000000000000000, -90.00000000000007105 ) ) ;
#2783 = ORIENTED_EDGE ( 'NONE', *, *, #3574, .T. ) ;
#2784 = CARTESIAN_POINT ( 'NONE',  ( 4.646631185938734809, 0.000000000000000000, 29.99999999999998579 ) ) ;
#2785 = ORIENTED_EDGE ( 'NONE', *, *, #3754, .F. ) ;
#2786 = VERTEX_POINT ( 'NONE', #397 ) ;
#2787 = VECTOR ( 'NONE', #739, 1000.000000000000000 ) ;
#2788 = DIRECTION ( 'NONE',  ( 0.000000000000000000, 0.000000000000000000, 1.000000000000000000 ) ) ;
#2789 = LINE ( 'NONE', #3777, #1468 ) ;
#2790 = DIRECTION ( 'NONE',  ( -0.000000000000000000, -0.000000000000000000, 1.000000000000000000 ) ) ;
#2791 = ORIENTED_EDGE ( 'NONE', *, *, #1876, .F. ) ;
#2792 = EDGE_LOOP ( 'NONE', ( #5163, #3892 ) ) ;
#2793 = CC_DESIGN_PERSON_AND_ORGANIZATION_ASSIGNMENT ( #3840, #1214, ( #5654 ) ) ;
#2794 = ORIENTED_EDGE ( 'NONE', *, *, #4628, .F. ) ;
#2795 = CARTESIAN_POINT ( 'NONE',  ( 39.99999999999997158, 3.000000000000000000, -92.99999999999994316 ) ) ;
#2796 = LINE ( 'NONE', #2003, #2152 ) ;
#2797 = CYLINDRICAL_SURFACE ( 'NONE', #3201, 1.600000000000004086 ) ;
#2798 = EDGE_CURVE ( 'NONE', #3775, #3274, #5004, .T. ) ;
#2799 = DIRECTION ( 'NONE',  ( 0.000000000000000000, 0.000000000000000000, 1.000000000000000000 ) ) ;
#2800 = CARTESIAN_POINT ( 'NONE',  ( 23.04663118593872895, 0.000000000000000000, 29.99999999999986144 ) ) ;
#2801 = DIRECTION ( 'NONE',  ( -0.000000000000000000, -1.000000000000000000, -0.000000000000000000 ) ) ;
#2802 = EDGE_CURVE ( 'NONE', #1062, #2038, #781, .T. ) ;
#2803 = APPLICATION_CONTEXT ( 'configuration controlled 3d designs of mechanical parts and assemblies' ) ;
#2804 = LINE ( 'NONE', #5436, #4774 ) ;
#2805 = ORIENTED_EDGE ( 'NONE', *, *, #1867, .F. ) ;
#2806 = ORIENTED_EDGE ( 'NONE', *, *, #1281, .T. ) ;
#2807 = CARTESIAN_POINT ( 'NONE',  ( 84.64663118593871616, 3.000000000000000000, 55.00000000000000000 ) ) ;
#2808 = EDGE_CURVE ( 'NONE', #4720, #2494, #5361, .T. ) ;
#2809 = VECTOR ( 'NONE', #2445, 1000.000000000000000 ) ;
#2810 = DIRECTION ( 'NONE',  ( 0.000000000000000000, 0.000000000000000000, 1.000000000000000000 ) ) ;
#2811 = ADVANCED_FACE ( 'NONE', ( #2571 ), #4416, .F. ) ;
#2812 = ORIENTED_EDGE ( 'NONE', *, *, #1256, .T. ) ;
#2813 = DIRECTION ( 'NONE',  ( 0.000000000000000000, -1.000000000000000000, 0.000000000000000000 ) ) ;
#2814 = VECTOR ( 'NONE', #1881, 1000.000000000000000 ) ;
#2815 = ORIENTED_EDGE ( 'NONE', *, *, #1177, .F. ) ;
#2816 = EDGE_CURVE ( 'NONE', #2392, #137, #5724, .T. ) ;
#2817 = ORIENTED_EDGE ( 'NONE', *, *, #1098, .T. ) ;
#2818 = CARTESIAN_POINT ( 'NONE',  ( 113.7700000000000102, 0.000000000000000000, -80.80000000000006821 ) ) ;
#2819 = FACE_BOUND ( 'NONE', #3168, .T. ) ;
#2820 = CARTESIAN_POINT ( 'NONE',  ( 4.646631185938609576, 0.000000000000000000, -56.59999999999999432 ) ) ;
#2821 = ORIENTED_EDGE ( 'NONE', *, *, #5114, .F. ) ;
#2822 = AXIS2_PLACEMENT_3D ( 'NONE', #5751, #4395, #4870 ) ;
#2823 = VERTEX_POINT ( 'NONE', #5815 ) ;
#2824 = ORIENTED_EDGE ( 'NONE', *, *, #4970, .F. ) ;
#2825 = PLANE ( 'NONE',  #3907 ) ;
#2826 = CIRCLE ( 'NONE', #5663, 1.600000000000004086 ) ;
#2827 = DIRECTION ( 'NONE',  ( 0.000000000000000000, 0.000000000000000000, -1.000000000000000000 ) ) ;
#2828 = FACE_OUTER_BOUND ( 'NONE', #115, .T. ) ;
#2829 = AXIS2_PLACEMENT_3D ( 'NONE', #3307, #1012, #5126 ) ;
#2830 = DIRECTION ( 'NONE',  ( 1.000000000000000000, 0.000000000000000000, 4.839898824559572281E-16 ) ) ;
#2831 = CARTESIAN_POINT ( 'NONE',  ( 74.64663118593873037, 3.001000000000000334, 29.99999999999992895 ) ) ;
#2832 = DIRECTION ( 'NONE',  ( 0.000000000000000000, 0.000000000000000000, -1.000000000000000000 ) ) ;
#2833 = CARTESIAN_POINT ( 'NONE',  ( -144.7144381985054906, 3.000000000000000000, 32.55000000000030980 ) ) ;
#2834 = EDGE_CURVE ( 'NONE', #132, #3806, #333, .T. ) ;
#2835 = ORIENTED_EDGE ( 'NONE', *, *, #3210, .F. ) ;
#2836 = ORIENTED_EDGE ( 'NONE', *, *, #152, .F. ) ;
#2837 = LINE ( 'NONE', #548, #4855 ) ;
#2838 = EDGE_CURVE ( 'NONE', #355, #4521, #2535, .T. ) ;
#2839 = CIRCLE ( 'NONE', #3610, 1.600000000000004086 ) ;
#2840 = CARTESIAN_POINT ( 'NONE',  ( -45.71443819850549772, 0.000000000000000000, -62.38096124594397196 ) ) ;
#2841 = VECTOR ( 'NONE', #61, 1000.000000000000000 ) ;
#2842 = ORIENTED_EDGE ( 'NONE', *, *, #2235, .T. ) ;
#2843 = AXIS2_PLACEMENT_3D ( 'NONE', #2904, #4700, #685 ) ;
#2844 = DIRECTION ( 'NONE',  ( -0.000000000000000000, 1.000000000000000000, -0.000000000000000000 ) ) ;
#2845 = ORIENTED_EDGE ( 'NONE', *, *, #3925, .F. ) ;
#2846 = EDGE_LOOP ( 'NONE', ( #3301, #3712, #2516, #5762 ) ) ;
#2847 = EDGE_CURVE ( 'NONE', #4197, #4174, #436, .T. ) ;
#2848 = DIRECTION ( 'NONE',  ( -0.000000000000000000, -1.000000000000000000, -0.000000000000000000 ) ) ;
#2849 = FACE_BOUND ( 'NONE', #4404, .T. ) ;
#2850 = VECTOR ( 'NONE', #906, 1000.000000000000000 ) ;
#2851 = CIRCLE ( 'NONE', #2006, 1.600000000000004086 ) ;
#2852 = DIRECTION ( 'NONE',  ( 0.000000000000000000, 1.000000000000000000, -0.000000000000000000 ) ) ;
#2853 = ORIENTED_EDGE ( 'NONE', *, *, #4755, .T. ) ;
#2854 = ORIENTED_EDGE ( 'NONE', *, *, #3398, .T. ) ;
#2855 = EDGE_LOOP ( 'NONE', ( #1458, #4355, #1393, #786, #1982 ) ) ;
#2856 = DIRECTION ( 'NONE',  ( 0.000000000000000000, 1.000000000000000000, 0.000000000000000000 ) ) ;
#2857 = DIRECTION ( 'NONE',  ( 0.000000000000000000, 0.000000000000000000, -1.000000000000000000 ) ) ;
#2858 = CARTESIAN_POINT ( 'NONE',  ( 13.04663118593871118, 3.001000000000000334, 54.99999999999992184 ) ) ;
#2859 = VECTOR ( 'NONE', #4822, 1000.000000000000000 ) ;
#2860 = LINE ( 'NONE', #1138, #3701 ) ;
#2861 = DIRECTION ( 'NONE',  ( 0.000000000000000000, 1.000000000000000000, 0.000000000000000000 ) ) ;
#2862 = DIRECTION ( 'NONE',  ( 0.000000000000000000, 0.000000000000000000, 1.000000000000000000 ) ) ;
#2863 = CARTESIAN_POINT ( 'NONE',  ( 15.30514119515825300, 3.000000000000000000, -119.9999999999999716 ) ) ;
#2864 = VERTEX_POINT ( 'NONE', #5780 ) ;
#2865 = CARTESIAN_POINT ( 'NONE',  ( 14.64663118593861135, 3.001000000000000334, -29.99999999999991473 ) ) ;
#2866 = ORIENTED_EDGE ( 'NONE', *, *, #3731, .T. ) ;
#2867 = FACE_OUTER_BOUND ( 'NONE', #5651, .T. ) ;
#2868 = CARTESIAN_POINT ( 'NONE',  ( 96.24663118593872468, 0.000000000000000000, 30.00000000000000000 ) ) ;
#2869 = VERTEX_POINT ( 'NONE', #837 ) ;
#2870 = LINE ( 'NONE', #3450, #3328 ) ;
#2871 = ORIENTED_EDGE ( 'NONE', *, *, #2808, .T. ) ;
#2872 = ORIENTED_EDGE ( 'NONE', *, *, #3248, .T. ) ;
#2873 = CARTESIAN_POINT ( 'NONE',  ( 24.64663118593872326, 0.000000000000000000, 54.99999999999985789 ) ) ;
#2874 = FACE_BOUND ( 'NONE', #3846, .T. ) ;
#2875 = EDGE_CURVE ( 'NONE', #1649, #5500, #1196, .T. ) ;
#2876 = DIRECTION ( 'NONE',  ( -0.000000000000000000, 1.000000000000000000, -0.000000000000000000 ) ) ;
#2877 = CARTESIAN_POINT ( 'NONE',  ( -155.7144381985054622, 3.000000000000000000, -64.67164498816627827 ) ) ;
#2878 = ORIENTED_EDGE ( 'NONE', *, *, #1655, .T. ) ;
#2879 = VERTEX_POINT ( 'NONE', #1703 ) ;
#2880 = ORIENTED_EDGE ( 'NONE', *, *, #5291, .F. ) ;
#2881 = DIRECTION ( 'NONE',  ( 0.000000000000000000, -1.000000000000000000, 0.000000000000000000 ) ) ;
#2882 = FACE_OUTER_BOUND ( 'NONE', #1041, .T. ) ;
#2883 = DIRECTION ( 'NONE',  ( -1.927470528863119542E-16, 0.000000000000000000, 1.000000000000000000 ) ) ;
#2884 = CARTESIAN_POINT ( 'NONE',  ( -80.71443819850549062, 0.000000000000000000, 63.61903875405599962 ) ) ;
#2885 = EDGE_CURVE ( 'NONE', #2553, #5500, #3524, .T. ) ;
#2886 = CARTESIAN_POINT ( 'NONE',  ( 83.04663118593872184, 0.000000000000000000, 55.00000000000000000 ) ) ;
#2887 = CARTESIAN_POINT ( 'NONE',  ( 16.24663118593872113, 0.000000000000000000, 54.99999999999992184 ) ) ;
#2888 = CARTESIAN_POINT ( 'NONE',  ( 63.04663118593871474, 3.000000000000000000, 54.99999999999986500 ) ) ;
#2889 = ORIENTED_EDGE ( 'NONE', *, *, #1488, .T. ) ;
#2890 = PLANE ( 'NONE',  #1048 ) ;
#2891 = VERTEX_POINT ( 'NONE', #4892 ) ;
#2892 = CARTESIAN_POINT ( 'NONE',  ( -75.12344610756727548, 3.000000000000000000, -12.50000000000000178 ) ) ;
#2893 = ORIENTED_EDGE ( 'NONE', *, *, #5609, .F. ) ;
#2894 = DIRECTION ( 'NONE',  ( 0.1736481776669234200, 0.000000000000000000, -0.9848077530122093526 ) ) ;
#2895 = ORIENTED_EDGE ( 'NONE', *, *, #4318, .T. ) ;
#2896 = LINE ( 'NONE', #2425, #2567 ) ;
#2897 = ORIENTED_EDGE ( 'NONE', *, *, #5791, .F. ) ;
#2898 = EDGE_LOOP ( 'NONE', ( #70, #2407, #2762, #1913 ) ) ;
#2899 = COORDINATED_UNIVERSAL_TIME_OFFSET ( 8, 0, .AHEAD. ) ;
#2900 = FACE_BOUND ( 'NONE', #432, .T. ) ;
#2901 = DIRECTION ( 'NONE',  ( 0.000000000000000000, 0.000000000000000000, 1.000000000000000000 ) ) ;
#2902 = AXIS2_PLACEMENT_3D ( 'NONE', #5660, #1581, #1524 ) ;
#2903 = ADVANCED_FACE ( 'NONE', ( #2683 ), #422, .F. ) ;
#2904 = CARTESIAN_POINT ( 'NONE',  ( 24.64663118593872326, 3.001000000000000334, 54.99999999999985789 ) ) ;
#2905 = AXIS2_PLACEMENT_3D ( 'NONE', #1849, #14, #4444 ) ;
#2906 = ORIENTED_EDGE ( 'NONE', *, *, #3133, .T. ) ;
#2907 = ORIENTED_EDGE ( 'NONE', *, *, #3306, .F. ) ;
#2908 = ORIENTED_EDGE ( 'NONE', *, *, #1461, .F. ) ;
#2909 = DIRECTION ( 'NONE',  ( 0.000000000000000000, 0.000000000000000000, 1.000000000000000000 ) ) ;
#2910 = CARTESIAN_POINT ( 'NONE',  ( -6.957414193360697219, 0.000000000000000000, -80.24010619321096272 ) ) ;
#2911 = ADVANCED_FACE ( 'NONE', ( #3160 ), #871, .F. ) ;
#2912 = AXIS2_PLACEMENT_3D ( 'NONE', #3604, #4977, #1728 ) ;
#2913 = CARTESIAN_POINT ( 'NONE',  ( 13.04663118593861526, 0.000000000000000000, -29.99999999999991473 ) ) ;
#2914 = VECTOR ( 'NONE', #4707, 1000.000000000000000 ) ;
#2915 = DIRECTION ( 'NONE',  ( -1.927470528863119542E-16, 0.000000000000000000, -1.000000000000000000 ) ) ;
#2916 = EDGE_CURVE ( 'NONE', #5826, #95, #5868, .T. ) ;
#2917 = DIRECTION ( 'NONE',  ( -0.000000000000000000, -1.000000000000000000, -0.000000000000000000 ) ) ;
#2918 = DIRECTION ( 'NONE',  ( -0.000000000000000000, -1.000000000000000000, -0.000000000000000000 ) ) ;
#2919 = EDGE_CURVE ( 'NONE', #3505, #3926, #695, .T. ) ;
#2920 = CIRCLE ( 'NONE', #2829, 1.600000000000038947 ) ;
#2921 = CARTESIAN_POINT ( 'NONE',  ( 24.64663118593861313, 0.000000000000000000, -56.59999999999985931 ) ) ;
#2922 = ORIENTED_EDGE ( 'NONE', *, *, #3073, .F. ) ;
#2923 = AXIS2_PLACEMENT_3D ( 'NONE', #1187, #2995, #3936 ) ;
#2924 = ADVANCED_FACE ( 'NONE', ( #1525 ), #247, .F. ) ;
#2925 = CARTESIAN_POINT ( 'NONE',  ( 13.04663118593871118, 3.001000000000000334, 54.99999999999992184 ) ) ;
#2926 = CARTESIAN_POINT ( 'NONE',  ( 16.24663118593872113, 0.000000000000000000, 54.99999999999992184 ) ) ;
#2927 = ORIENTED_EDGE ( 'NONE', *, *, #4780, .T. ) ;
#2928 = AXIS2_PLACEMENT_3D ( 'NONE', #1335, #1300, #3631 ) ;
#2929 = CARTESIAN_POINT ( 'NONE',  ( -145.3644381985056953, 3.000000000000000000, 14.00000000000000178 ) ) ;
#2930 = ORIENTED_EDGE ( 'NONE', *, *, #4919, .F. ) ;
#2931 = DIRECTION ( 'NONE',  ( 0.000000000000000000, 0.000000000000000000, -1.000000000000000000 ) ) ;
#2932 = CIRCLE ( 'NONE', #561, 1.600000000000004086 ) ;
#2933 = ORIENTED_EDGE ( 'NONE', *, *, #1314, .F. ) ;
#2934 = ORIENTED_EDGE ( 'NONE', *, *, #4775, .T. ) ;
#2935 = APPLICATION_PROTOCOL_DEFINITION ( 'international standard', 'config_control_design', 1994, #4836 ) ;
#2936 = LINE ( 'NONE', #3422, #2511 ) ;
#2937 = DIRECTION ( 'NONE',  ( -0.000000000000000000, 1.000000000000000000, -0.000000000000000000 ) ) ;
#2938 = CIRCLE ( 'NONE', #1330, 1.600000000000011191 ) ;
#2939 = AXIS2_PLACEMENT_3D ( 'NONE', #990, #5016, #3737 ) ;
#2940 = CARTESIAN_POINT ( 'NONE',  ( 129.9999999999999432, 3.000000000000000000, 90.00000000000002842 ) ) ;
#2941 = ORIENTED_EDGE ( 'NONE', *, *, #4440, .F. ) ;
#2942 = ORIENTED_EDGE ( 'NONE', *, *, #1765, .F. ) ;
#2943 = EDGE_LOOP ( 'NONE', ( #5076, #1346, #1679, #3782 ) ) ;
#2944 = CARTESIAN_POINT ( 'NONE',  ( 55.76999999999998181, 0.000000000000000000, -80.80000000000005400 ) ) ;
#2945 = VECTOR ( 'NONE', #4159, 1000.000000000000000 ) ;
#2946 = VECTOR ( 'NONE', #1567, 1000.000000000000000 ) ;
#2947 = EDGE_CURVE ( 'NONE', #4253, #4720, #2068, .T. ) ;
#2948 = LINE ( 'NONE', #4800, #5862 ) ;
#2949 = CARTESIAN_POINT ( 'NONE',  ( 23.04663118593860816, 3.001000000000000334, -54.99999999999985789 ) ) ;
#2950 = VECTOR ( 'NONE', #4182, 1000.000000000000000 ) ;
#2951 = EDGE_CURVE ( 'NONE', #4540, #4024, #1675, .T. ) ;
#2952 = CARTESIAN_POINT ( 'NONE',  ( 84.64663118593871616, 3.001000000000000334, 30.00000000000000000 ) ) ;
#2953 = DIRECTION ( 'NONE',  ( 0.000000000000000000, 0.000000000000000000, -1.000000000000000000 ) ) ;
#2954 = DIRECTION ( 'NONE',  ( 0.000000000000000000, 1.000000000000000000, -0.000000000000000000 ) ) ;
#2955 = CARTESIAN_POINT ( 'NONE',  ( 4.646631185938734809, 3.000000000000000000, 29.99999999999998579 ) ) ;
#2956 = EDGE_CURVE ( 'NONE', #5177, #1032, #5694, .T. ) ;
#2957 = EDGE_LOOP ( 'NONE', ( #4410, #2778, #5756, #4296 ) ) ;
#2958 = CARTESIAN_POINT ( 'NONE',  ( 83.04663118593872184, 3.000000000000000000, 55.00000000000000000 ) ) ;
#2959 = LINE ( 'NONE', #3800, #2287 ) ;
#2960 = VERTEX_POINT ( 'NONE', #2888 ) ;
#2961 = CARTESIAN_POINT ( 'NONE',  ( -88.11443819850511261, -5.000000000000000000, 31.30000000000060467 ) ) ;
#2962 = VERTEX_POINT ( 'NONE', #2921 ) ;
#2963 = CARTESIAN_POINT ( 'NONE',  ( 39.99999999999997158, 0.000000000000000000, -90.00000000000005684 ) ) ;
#2964 = ORIENTED_EDGE ( 'NONE', *, *, #4338, .F. ) ;
#2965 = EDGE_LOOP ( 'NONE', ( #5121, #3067, #5546, #2012, #5525 ) ) ;
#2966 = EDGE_CURVE ( 'NONE', #203, #3274, #2037, .T. ) ;
#2967 = APPROVAL_STATUS ( 'not_yet_approved' ) ;
#2968 = CARTESIAN_POINT ( 'NONE',  ( -115.3644381985056953, -0.001000000000000132727, -14.00000000000000000 ) ) ;
#2969 = LINE ( 'NONE', #2138, #749 ) ;
#2970 = LINE ( 'NONE', #3910, #197 ) ;
#2971 = VERTEX_POINT ( 'NONE', #1582 ) ;
#2972 = EDGE_LOOP ( 'NONE', ( #5327, #4758, #315, #3247 ) ) ;
#2973 = VERTEX_POINT ( 'NONE', #1617 ) ;
#2974 = DIRECTION ( 'NONE',  ( 0.000000000000000000, 0.000000000000000000, -1.000000000000000000 ) ) ;
#2975 = CARTESIAN_POINT ( 'NONE',  ( 14.64663118593860425, 3.001000000000000334, -56.59999999999993037 ) ) ;
#2976 = CARTESIAN_POINT ( 'NONE',  ( -80.71443819850550483, 3.000000000000000000, -62.38096124594397196 ) ) ;
#2977 = LINE ( 'NONE', #3464, #5597 ) ;
#2978 = DIRECTION ( 'NONE',  ( 0.000000000000000000, 0.000000000000000000, 1.000000000000000000 ) ) ;
#2979 = CARTESIAN_POINT ( 'NONE',  ( -45.71443819850548351, 3.001000000000000334, 63.61903875405599962 ) ) ;
#2980 = CARTESIAN_POINT ( 'NONE',  ( 2.381214074007774961, 3.000000000000000000, -117.7211629518313600 ) ) ;
#2981 = EDGE_CURVE ( 'NONE', #2132, #5885, #5387, .T. ) ;
#2982 = ORIENTED_EDGE ( 'NONE', *, *, #2956, .T. ) ;
#2983 = FACE_OUTER_BOUND ( 'NONE', #5697, .T. ) ;
#2984 = CARTESIAN_POINT ( 'NONE',  ( 129.9999999999997158, 0.000000000000000000, 120.0000000000000284 ) ) ;
#2985 = VERTEX_POINT ( 'NONE', #4685 ) ;
#2986 = CARTESIAN_POINT ( 'NONE',  ( 16.22999999999997200, 0.000000000000000000, 79.20000000000003126 ) ) ;
#2987 = ORIENTED_EDGE ( 'NONE', *, *, #1967, .T. ) ;
#2988 = CARTESIAN_POINT ( 'NONE',  ( 23.04663118593860816, 0.000000000000000000, -54.99999999999985789 ) ) ;
#2989 = ORIENTED_EDGE ( 'NONE', *, *, #803, .F. ) ;
#2990 = ORIENTED_EDGE ( 'NONE', *, *, #2264, .T. ) ;
#2991 = EDGE_CURVE ( 'NONE', #1477, #2746, #256, .T. ) ;
#2992 = PERSON_AND_ORGANIZATION_ROLE ( 'creator' ) ;
#2993 = CARTESIAN_POINT ( 'NONE',  ( 16.24663118593861100, 3.000000000000000000, -54.99999999999992184 ) ) ;
#2994 = ADVANCED_FACE ( 'NONE', ( #2481 ), #4712, .F. ) ;
#2995 = DIRECTION ( 'NONE',  ( -0.000000000000000000, -1.000000000000000000, -0.000000000000000000 ) ) ;
#2996 = VECTOR ( 'NONE', #812, 1000.000000000000000 ) ;
#2997 = CARTESIAN_POINT ( 'NONE',  ( 4.646631185938721487, 0.000000000000000000, 54.99999999999999289 ) ) ;
#2998 = EDGE_CURVE ( 'NONE', #4485, #4691, #1019, .T. ) ;
#2999 = ORIENTED_EDGE ( 'NONE', *, *, #1454, .T. ) ;
#3000 = ORIENTED_EDGE ( 'NONE', *, *, #1823, .T. ) ;
#3001 = VERTEX_POINT ( 'NONE', #2833 ) ;
#3002 = CARTESIAN_POINT ( 'NONE',  ( 94.64663118593860247, 3.001000000000000334, -30.00000000000000000 ) ) ;
#3003 = VECTOR ( 'NONE', #1285, 1000.000000000000000 ) ;
#3004 = DIRECTION ( 'NONE',  ( -0.000000000000000000, -1.000000000000000000, -0.000000000000000000 ) ) ;
#3005 = AXIS2_PLACEMENT_3D ( 'NONE', #2389, #4213, #1490 ) ;
#3006 = AXIS2_PLACEMENT_3D ( 'NONE', #2955, #4215, #3795 ) ;
#3007 = CARTESIAN_POINT ( 'NONE',  ( 64.64663118593871616, 3.000000000000000000, 29.99999999999986144 ) ) ;
#3008 = VECTOR ( 'NONE', #1518, 1000.000000000000000 ) ;
#3009 = DIRECTION ( 'NONE',  ( 4.839898824559572281E-16, 0.000000000000000000, -1.000000000000000000 ) ) ;
#3010 = DIRECTION ( 'NONE',  ( -1.000000000000000000, 0.000000000000000000, 1.156482317317871478E-16 ) ) ;
#3011 = FACE_OUTER_BOUND ( 'NONE', #5439, .T. ) ;
#3012 = AXIS2_PLACEMENT_3D ( 'NONE', #4670, #4115, #2788 ) ;
#3013 = ORIENTED_EDGE ( 'NONE', *, *, #5860, .T. ) ;
#3014 = LINE ( 'NONE', #2153, #766 ) ;
#3015 = VECTOR ( 'NONE', #1519, 1000.000000000000000 ) ;
#3016 = CARTESIAN_POINT ( 'NONE',  ( 26.24663118593861810, 0.000000000000000000, -54.99999999999985789 ) ) ;
#3017 = LOCAL_TIME ( 22, 22, 4.000000000000000000, #4725 ) ;
#3018 = ORIENTED_EDGE ( 'NONE', *, *, #5317, .F. ) ;
#3019 = EDGE_CURVE ( 'NONE', #4548, #1444, #4656, .T. ) ;
#3020 = DIRECTION ( 'NONE',  ( -0.000000000000000000, -1.000000000000000000, -0.000000000000000000 ) ) ;
#3021 = AXIS2_PLACEMENT_3D ( 'NONE', #4801, #3966, #718 ) ;
#3022 = ORIENTED_EDGE ( 'NONE', *, *, #1526, .F. ) ;
#3023 = DIRECTION ( 'NONE',  ( -2.478176394252581141E-16, -0.000000000000000000, 1.000000000000000000 ) ) ;
#3024 = EDGE_CURVE ( 'NONE', #3428, #596, #3771, .T. ) ;
#3025 = ORIENTED_EDGE ( 'NONE', *, *, #2518, .F. ) ;
#3026 = EDGE_LOOP ( 'NONE', ( #414, #2205, #1433, #5088 ) ) ;
#3027 = VECTOR ( 'NONE', #3959, 1000.000000000000000 ) ;
#3028 = PERSON_AND_ORGANIZATION ( #4591, #3204 ) ;
#3029 = LINE ( 'NONE', #1247, #4739 ) ;
#3030 = ADVANCED_FACE ( 'NONE', ( #5131 ), #1052, .F. ) ;
#3031 = DIRECTION ( 'NONE',  ( -0.000000000000000000, -1.000000000000000000, -0.000000000000000000 ) ) ;
#3032 = VECTOR ( 'NONE', #2201, 1000.000000000000000 ) ;
#3033 = DIRECTION ( 'NONE',  ( 0.000000000000000000, -1.000000000000000000, 0.000000000000000000 ) ) ;
#3034 = EDGE_CURVE ( 'NONE', #2448, #863, #5160, .T. ) ;
#3035 = ORIENTED_EDGE ( 'NONE', *, *, #4556, .T. ) ;
#3036 = ORIENTED_EDGE ( 'NONE', *, *, #2966, .T. ) ;
#3037 = CARTESIAN_POINT ( 'NONE',  ( 13.04663118593860105, 0.000000000000000000, -54.99999999999992184 ) ) ;
#3038 = VECTOR ( 'NONE', #395, 1000.000000000000000 ) ;
#3039 = VECTOR ( 'NONE', #5112, 1000.000000000000000 ) ;
#3040 = DIRECTION ( 'NONE',  ( 0.000000000000000000, 0.000000000000000000, -1.000000000000000000 ) ) ;
#3041 = VECTOR ( 'NONE', #4630, 1000.000000000000000 ) ;
#3042 = CIRCLE ( 'NONE', #2465, 12.50000000000000178 ) ;
#3043 = CARTESIAN_POINT ( 'NONE',  ( 23.04663118593872184, 3.000000000000000000, 54.99999999999985789 ) ) ;
#3044 = CYLINDRICAL_SURFACE ( 'NONE', #3294, 1.600000000000000755 ) ;
#3045 = LINE ( 'NONE', #1760, #2063 ) ;
#3046 = LINE ( 'NONE', #1262, #2156 ) ;
#3047 = AXIS2_PLACEMENT_3D ( 'NONE', #3282, #5457, #3258 ) ;
#3048 = VECTOR ( 'NONE', #3031, 1000.000000000000000 ) ;
#3049 = DIRECTION ( 'NONE',  ( 0.000000000000000000, 0.000000000000000000, -1.000000000000000000 ) ) ;
#3050 = FACE_OUTER_BOUND ( 'NONE', #4151, .T. ) ;
#3051 = ORIENTED_EDGE ( 'NONE', *, *, #3571, .T. ) ;
#3052 = DIRECTION ( 'NONE',  ( -0.000000000000000000, 1.000000000000000000, -0.000000000000000000 ) ) ;
#3053 = CIRCLE ( 'NONE', #683, 1.600000000000004086 ) ;
#3054 = ORIENTED_EDGE ( 'NONE', *, *, #707, .F. ) ;
#3055 = DIRECTION ( 'NONE',  ( 0.000000000000000000, 0.000000000000000000, 1.000000000000000000 ) ) ;
#3056 = VERTEX_POINT ( 'NONE', #633 ) ;
#3057 = VERTEX_POINT ( 'NONE', #4273 ) ;
#3058 = DIRECTION ( 'NONE',  ( 1.000000000000000000, 0.000000000000000000, 0.000000000000000000 ) ) ;
#3059 = FACE_OUTER_BOUND ( 'NONE', #1604, .T. ) ;
#3060 = EDGE_CURVE ( 'NONE', #5388, #2500, #1013, .T. ) ;
#3061 = CARTESIAN_POINT ( 'NONE',  ( 13.04663118593873072, 3.000000000000000000, 29.99999999999991473 ) ) ;
#3062 = EDGE_LOOP ( 'NONE', ( #620, #1744 ) ) ;
#3063 = ORIENTED_EDGE ( 'NONE', *, *, #4092, .T. ) ;
#3064 = EDGE_CURVE ( 'NONE', #5199, #1371, #5632, .T. ) ;
#3065 = FACE_BOUND ( 'NONE', #2028, .T. ) ;
#3066 = CARTESIAN_POINT ( 'NONE',  ( 74.22999999999996135, 3.000000000000000000, 82.40000000000007674 ) ) ;
#3067 = ORIENTED_EDGE ( 'NONE', *, *, #4740, .F. ) ;
#3068 = CARTESIAN_POINT ( 'NONE',  ( 94.64663118593860247, 3.000000000000000000, -56.60000000000000142 ) ) ;
#3069 = DIRECTION ( 'NONE',  ( -0.000000000000000000, -1.000000000000000000, -0.000000000000000000 ) ) ;
#3070 = DIRECTION ( 'NONE',  ( 0.000000000000000000, 1.000000000000000000, 0.000000000000000000 ) ) ;
#3071 = EDGE_CURVE ( 'NONE', #4049, #2319, #2437, .T. ) ;
#3072 = DIRECTION ( 'NONE',  ( 0.000000000000000000, 1.000000000000000000, -0.000000000000000000 ) ) ;
#3073 = EDGE_CURVE ( 'NONE', #5314, #644, #3104, .T. ) ;
#3074 = CARTESIAN_POINT ( 'NONE',  ( 39.99999999999997868, 3.000000000000000000, -120.0000000000000284 ) ) ;
#3075 = DIRECTION ( 'NONE',  ( 1.000000000000000000, -0.000000000000000000, 0.000000000000000000 ) ) ;
#3076 = EDGE_LOOP ( 'NONE', ( #252, #1345, #269, #5242 ) ) ;
#3077 = CARTESIAN_POINT ( 'NONE',  ( 24.64663118593873037, 3.000000000000000000, 28.39999999999985647 ) ) ;
#3078 = EDGE_LOOP ( 'NONE', ( #2502, #1029 ) ) ;
#3079 = DIRECTION ( 'NONE',  ( -0.000000000000000000, -1.000000000000000000, -0.000000000000000000 ) ) ;
#3080 = ORIENTED_EDGE ( 'NONE', *, *, #5671, .T. ) ;
#3081 = DIRECTION ( 'NONE',  ( 0.9848077530122093526, -0.000000000000000000, 0.1736481776669234478 ) ) ;
#3082 = ORIENTED_EDGE ( 'NONE', *, *, #3539, .T. ) ;
#3083 = CARTESIAN_POINT ( 'NONE',  ( 74.64663118593873037, 3.000000000000000000, 29.99999999999992895 ) ) ;
#3084 = CARTESIAN_POINT ( 'NONE',  ( 86.99999999999995737, 0.000000000000000000, 90.00000000000007105 ) ) ;
#3085 = CARTESIAN_POINT ( 'NONE',  ( -5.357414193360679810, 3.000000000000000000, -80.24010619321097693 ) ) ;
#3086 = ORIENTED_EDGE ( 'NONE', *, *, #513, .F. ) ;
#3087 = EDGE_LOOP ( 'NONE', ( #2486, #4627 ) ) ;
#3088 = DIRECTION ( 'NONE',  ( -0.000000000000000000, -1.000000000000000000, -0.000000000000000000 ) ) ;
#3089 = EDGE_CURVE ( 'NONE', #4521, #1990, #1171, .T. ) ;
#3090 = CARTESIAN_POINT ( 'NONE',  ( 13.04663118593861171, 3.000000000000000000, -29.99999999999991473 ) ) ;
#3091 = ORIENTED_EDGE ( 'NONE', *, *, #2056, .T. ) ;
#3092 = CARTESIAN_POINT ( 'NONE',  ( -5.357414193360693133, 0.000000000000000000, 44.24010619321096982 ) ) ;
#3093 = EDGE_CURVE ( 'NONE', #2522, #408, #5363, .T. ) ;
#3094 = DIRECTION ( 'NONE',  ( 1.000000000000000000, 0.000000000000000000, -0.000000000000000000 ) ) ;
#3095 = DIRECTION ( 'NONE',  ( -0.000000000000000000, -1.000000000000000000, -0.000000000000000000 ) ) ;
#3096 = DIRECTION ( 'NONE',  ( 2.775557561562891351E-16, 0.000000000000000000, -1.000000000000000000 ) ) ;
#3097 = CIRCLE ( 'NONE', #4348, 1.600000000000004086 ) ;
#3098 = ADVANCED_FACE ( 'NONE', ( #3011 ), #4922, .F. ) ;
#3099 = VECTOR ( 'NONE', #1580, 1000.000000000000000 ) ;
#3100 = CARTESIAN_POINT ( 'NONE',  ( -88.11443819850511261, 3.000000000000000000, 31.30000000000060467 ) ) ;
#3101 = EDGE_CURVE ( 'NONE', #1162, #5532, #3046, .T. ) ;
#3102 = FACE_OUTER_BOUND ( 'NONE', #4976, .T. ) ;
#3103 = CYLINDRICAL_SURFACE ( 'NONE', #2105, 1.600000000000004086 ) ;
#3104 = CIRCLE ( 'NONE', #536, 29.99999999999997158 ) ;
#3105 = ORIENTED_EDGE ( 'NONE', *, *, #4664, .F. ) ;
#3106 = CARTESIAN_POINT ( 'NONE',  ( 96.24663118593861100, 0.000000000000000000, -55.00000000000000000 ) ) ;
#3107 = AXIS2_PLACEMENT_3D ( 'NONE', #1930, #1064, #1843 ) ;
#3108 = ORIENTED_EDGE ( 'NONE', *, *, #2047, .T. ) ;
#3109 = DIRECTION ( 'NONE',  ( 0.000000000000000000, 0.000000000000000000, 1.000000000000000000 ) ) ;
#3110 = ORIENTED_EDGE ( 'NONE', *, *, #2885, .T. ) ;
#3111 = AXIS2_PLACEMENT_3D ( 'NONE', #1440, #3256, #5071 ) ;
#3112 = CARTESIAN_POINT ( 'NONE',  ( 4.646631185938609576, 0.000000000000000000, -54.99999999999999289 ) ) ;
#3113 = VECTOR ( 'NONE', #4391, 1000.000000000000114 ) ;
#3114 = DIRECTION ( 'NONE',  ( 0.000000000000000000, 0.000000000000000000, -1.000000000000000000 ) ) ;
#3115 = DIRECTION ( 'NONE',  ( 5.551115123125781716E-16, 0.000000000000000000, 1.000000000000000000 ) ) ;
#3116 = DIRECTION ( 'NONE',  ( -0.000000000000000000, -1.000000000000000000, -0.000000000000000000 ) ) ;
#3117 = CIRCLE ( 'NONE', #929, 1.599999999999997202 ) ;
#3118 = EDGE_LOOP ( 'NONE', ( #4883, #4369, #4144, #4612 ) ) ;
#3119 = ORIENTED_EDGE ( 'NONE', *, *, #3835, .F. ) ;
#3120 = FACE_BOUND ( 'NONE', #3938, .T. ) ;
#3121 = CARTESIAN_POINT ( 'NONE',  ( 131.9999999999999432, -0.001000000000000132727, 43.69008114612898197 ) ) ;
#3122 = VECTOR ( 'NONE', #3020, 1000.000000000000000 ) ;
#3123 = EDGE_LOOP ( 'NONE', ( #3018, #1189, #2806, #5820 ) ) ;
#3124 = ADVANCED_FACE ( 'NONE', ( #1286 ), #4840, .F. ) ;
#3125 = VERTEX_POINT ( 'NONE', #4006 ) ;
#3126 = CARTESIAN_POINT ( 'NONE',  ( 93.04663118593870763, 3.000000000000000000, 55.00000000000000000 ) ) ;
#3127 = VECTOR ( 'NONE', #2773, 1000.000000000000000 ) ;
#3128 = AXIS2_PLACEMENT_3D ( 'NONE', #1220, #3033, #4858 ) ;
#3129 = DIRECTION ( 'NONE',  ( 0.000000000000000000, 0.000000000000000000, -1.000000000000000000 ) ) ;
#3130 = DIRECTION ( 'NONE',  ( -0.000000000000000000, 1.000000000000000000, -0.000000000000000000 ) ) ;
#3131 = CARTESIAN_POINT ( 'NONE',  ( -3.757414193360665067, 3.000000000000000000, -80.24010619321096272 ) ) ;
#3132 = VECTOR ( 'NONE', #2270, 1000.000000000000000 ) ;
#3133 = EDGE_CURVE ( 'NONE', #724, #2553, #334, .T. ) ;
#3134 = AXIS2_PLACEMENT_3D ( 'NONE', #4373, #3983, #1717 ) ;
#3135 = DIRECTION ( 'NONE',  ( -0.000000000000000000, -1.000000000000000000, -0.000000000000000000 ) ) ;
#3136 = DIRECTION ( 'NONE',  ( 0.000000000000000000, 0.000000000000000000, 1.000000000000000000 ) ) ;
#3137 = CARTESIAN_POINT ( 'NONE',  ( 3.046631185938605935, 0.000000000000000000, -54.99999999999999289 ) ) ;
#3138 = VECTOR ( 'NONE', #465, 1000.000000000000000 ) ;
#3139 = EDGE_CURVE ( 'NONE', #4011, #2459, #839, .T. ) ;
#3140 = AXIS2_PLACEMENT_3D ( 'NONE', #1948, #161, #5136 ) ;
#3141 = ORIENTED_EDGE ( 'NONE', *, *, #1608, .T. ) ;
#3142 = CARTESIAN_POINT ( 'NONE',  ( 2.381214074007773629, 3.000000000000000000, -117.7211629518313600 ) ) ;
#3143 = AXIS2_PLACEMENT_3D ( 'NONE', #1768, #3075, #5786 ) ;
#3144 = ORIENTED_EDGE ( 'NONE', *, *, #3019, .F. ) ;
#3145 = CYLINDRICAL_SURFACE ( 'NONE', #3134, 1.600000000000004086 ) ;
#3146 = ORIENTED_EDGE ( 'NONE', *, *, #3611, .F. ) ;
#3147 = CARTESIAN_POINT ( 'NONE',  ( -3.757414193360684607, -7.000000000000000000, 44.24010619321096982 ) ) ;
#3148 = CYLINDRICAL_SURFACE ( 'NONE', #2739, 1.600000000000004086 ) ;
#3149 = ORIENTED_EDGE ( 'NONE', *, *, #5835, .F. ) ;
#3150 = DIRECTION ( 'NONE',  ( 0.000000000000000000, 0.000000000000000000, 1.000000000000000000 ) ) ;
#3151 = VERTEX_POINT ( 'NONE', #2539 ) ;
#3152 = EDGE_CURVE ( 'NONE', #3521, #2751, #3684, .T. ) ;
#3153 = ORIENTED_EDGE ( 'NONE', *, *, #4212, .T. ) ;
#3154 = FACE_BOUND ( 'NONE', #3327, .T. ) ;
#3155 = LINE ( 'NONE', #4116, #1795 ) ;
#3156 = VERTEX_POINT ( 'NONE', #3947 ) ;
#3157 = ORIENTED_EDGE ( 'NONE', *, *, #3260, .T. ) ;
#3158 = DIRECTION ( 'NONE',  ( 0.000000000000000000, 0.000000000000000000, 1.000000000000000000 ) ) ;
#3159 = LINE ( 'NONE', #896, #2253 ) ;
#3160 = FACE_OUTER_BOUND ( 'NONE', #5744, .T. ) ;
#3161 = DIRECTION ( 'NONE',  ( 0.000000000000000000, 0.000000000000000000, 1.000000000000000000 ) ) ;
#3162 = LINE ( 'NONE', #960, #2742 ) ;
#3163 = DIRECTION ( 'NONE',  ( -3.854941057726238097E-16, 0.000000000000000000, 1.000000000000000000 ) ) ;
#3164 = CARTESIAN_POINT ( 'NONE',  ( -31.75741419336065974, 3.000000000000000000, -80.24010619321096272 ) ) ;
#3165 = VERTEX_POINT ( 'NONE', #2653 ) ;
#3166 = CYLINDRICAL_SURFACE ( 'NONE', #3579, 1.600000000000018074 ) ;
#3167 = EDGE_CURVE ( 'NONE', #2823, #3317, #5395, .T. ) ;
#3168 = EDGE_LOOP ( 'NONE', ( #3838, #3543, #3607, #3810, #463 ) ) ;
#3169 = CARTESIAN_POINT ( 'NONE',  ( -155.7144381985054622, 0.000000000000000000, -64.67164498816627827 ) ) ;
#3170 = ORIENTED_EDGE ( 'NONE', *, *, #485, .T. ) ;
#3171 = DIRECTION ( 'NONE',  ( -0.000000000000000000, 1.000000000000000000, -0.000000000000000000 ) ) ;
#3172 = CARTESIAN_POINT ( 'NONE',  ( 159.9999999999999147, 3.000000000000000000, -89.99999999999975842 ) ) ;
#3173 = ORIENTED_EDGE ( 'NONE', *, *, #1498, .T. ) ;
#3174 = DIRECTION ( 'NONE',  ( 0.000000000000000000, 1.000000000000000000, 0.000000000000000000 ) ) ;
#3175 = EDGE_CURVE ( 'NONE', #1751, #3151, #2072, .T. ) ;
#3176 = VERTEX_POINT ( 'NONE', #311 ) ;
#3177 = ORIENTED_EDGE ( 'NONE', *, *, #3338, .F. ) ;
#3178 = EDGE_CURVE ( 'NONE', #4298, #4365, #263, .T. ) ;
#3179 = CARTESIAN_POINT ( 'NONE',  ( 129.9999999999996874, 0.000000000000000000, -119.9999999999999716 ) ) ;
#3180 = PLANE ( 'NONE',  #168 ) ;
#3181 = VERTEX_POINT ( 'NONE', #3467 ) ;
#3182 = EDGE_LOOP ( 'NONE', ( #2118, #3036, #678, #1377 ) ) ;
#3183 = CARTESIAN_POINT ( 'NONE',  ( 117.9999999999999432, -0.001000000000000132727, 43.69008114612902460 ) ) ;
#3184 = PLANE ( 'NONE',  #5572 ) ;
#3185 = DIRECTION ( 'NONE',  ( 0.000000000000000000, 0.000000000000000000, -1.000000000000000000 ) ) ;
#3186 = CARTESIAN_POINT ( 'NONE',  ( 83.04663118593860816, 3.000000000000000000, -30.00000000000000000 ) ) ;
#3188 = ORIENTED_EDGE ( 'NONE', *, *, #3651, .F. ) ;
#3187 = CARTESIAN_POINT ( 'NONE',  ( 84.64663118593861668, 0.000000000000000000, -55.00000000000000000 ) ) ;
#3189 = CYLINDRICAL_SURFACE ( 'NONE', #1430, 1.600000000000004086 ) ;
#3190 = ORIENTED_EDGE ( 'NONE', *, *, #228, .T. ) ;
#3191 = CARTESIAN_POINT ( 'NONE',  ( -45.71443819850548351, 3.001000000000000334, 65.11903875405600672 ) ) ;
#3192 = AXIS2_PLACEMENT_3D ( 'NONE', #2747, #4569, #71 ) ;
#3193 = AXIS2_PLACEMENT_3D ( 'NONE', #4056, #1793, #3612 ) ;
#3194 = ORIENTED_EDGE ( 'NONE', *, *, #3979, .T. ) ;
#3195 = ORIENTED_EDGE ( 'NONE', *, *, #840, .F. ) ;
#3196 = VECTOR ( 'NONE', #5252, 1000.000000000000000 ) ;
#3197 = ADVANCED_FACE ( 'NONE', ( #2216 ), #782, .F. ) ;
#3198 = FACE_OUTER_BOUND ( 'NONE', #5045, .T. ) ;
#3199 = VECTOR ( 'NONE', #271, 1000.000000000000000 ) ;
#3200 = CARTESIAN_POINT ( 'NONE',  ( -45.71443819850549772, 3.000000000000000000, -63.88096124594397196 ) ) ;
#3201 = AXIS2_PLACEMENT_3D ( 'NONE', #1374, #535, #3185 ) ;
#3202 = ADVANCED_FACE ( 'NONE', ( #3972 ), #5782, .F. ) ;
#3203 = ORIENTED_EDGE ( 'NONE', *, *, #2496, .T. ) ;
#3204 = ORGANIZATION ( 'æœª', 'æœª', '' ) ;
#3205 = LINE ( 'NONE', #4579, #4098 ) ;
#3206 = ORIENTED_EDGE ( 'NONE', *, *, #5720, .F. ) ;
#3207 = ORIENTED_EDGE ( 'NONE', *, *, #5445, .F. ) ;
#3208 = CIRCLE ( 'NONE', #2076, 1.600000000000004086 ) ;
#3209 = CARTESIAN_POINT ( 'NONE',  ( 86.24663118593861100, 0.000000000000000000, -54.99999999999999289 ) ) ;
#3210 = EDGE_CURVE ( 'NONE', #5593, #2864, #1587, .T. ) ;
#3211 = CARTESIAN_POINT ( 'NONE',  ( -3.757414193360647303, 0.000000000000000000, 90.00000000000008527 ) ) ;
#3212 = ADVANCED_FACE ( 'NONE', ( #3552 ), #806, .F. ) ;
#3213 = AXIS2_PLACEMENT_3D ( 'NONE', #4379, #264, #4854 ) ;
#3214 = VERTEX_POINT ( 'NONE', #2771 ) ;
#3215 = ORIENTED_EDGE ( 'NONE', *, *, #2518, .T. ) ;
#3216 = DIRECTION ( 'NONE',  ( 0.000000000000000000, 1.000000000000000000, 0.000000000000000000 ) ) ;
#3217 = EDGE_CURVE ( 'NONE', #4749, #2735, #4060, .T. ) ;
#3218 = CARTESIAN_POINT ( 'NONE',  ( 15.30514119515825300, 3.000000000000000000, -119.9999999999999716 ) ) ;
#3219 = VECTOR ( 'NONE', #5281, 1000.000000000000000 ) ;
#3220 = CARTESIAN_POINT ( 'NONE',  ( -115.7144381985054906, 0.000000000000000000, 63.61903875405599962 ) ) ;
#3221 = AXIS2_PLACEMENT_3D ( 'NONE', #4449, #5843, #1766 ) ;
#3222 = DIRECTION ( 'NONE',  ( 0.000000000000000000, -1.000000000000000000, 0.000000000000000000 ) ) ;
#3223 = ADVANCED_FACE ( 'NONE', ( #66 ), #3580, .F. ) ;
#3225 = ORIENTED_EDGE ( 'NONE', *, *, #518, .T. ) ;
#3224 = LINE ( 'NONE', #5012, #4620 ) ;
#3226 = DIRECTION ( 'NONE',  ( -1.000000000000000000, 0.000000000000000000, -1.927470528863119049E-16 ) ) ;
#3227 = LINE ( 'NONE', #2305, #4013 ) ;
#3228 = AXIS2_PLACEMENT_3D ( 'NONE', #5722, #5778, #1640 ) ;
#3229 = VECTOR ( 'NONE', #521, 1000.000000000000000 ) ;
#3230 = VERTEX_POINT ( 'NONE', #2740 ) ;
#3231 = VECTOR ( 'NONE', #1937, 1000.000000000000000 ) ;
#3232 = ORIENTED_EDGE ( 'NONE', *, *, #4558, .T. ) ;
#3233 = CARTESIAN_POINT ( 'NONE',  ( 73.04663118593872184, 0.000000000000000000, 54.99999999999992895 ) ) ;
#3234 = DIRECTION ( 'NONE',  ( 0.000000000000000000, 1.000000000000000000, 0.000000000000000000 ) ) ;
#3235 = AXIS2_PLACEMENT_3D ( 'NONE', #3646, #900, #2713 ) ;
#3236 = CIRCLE ( 'NONE', #3418, 1.250000000000001110 ) ;
#3237 = EDGE_CURVE ( 'NONE', #1513, #2212, #1397, .T. ) ;
#3238 = VECTOR ( 'NONE', #2279, 1000.000000000000000 ) ;
#3239 = EDGE_LOOP ( 'NONE', ( #1585, #1589, #5734, #4790 ) ) ;
#3240 = DIRECTION ( 'NONE',  ( -0.000000000000000000, -1.000000000000000000, -0.000000000000000000 ) ) ;
#3241 = ORIENTED_EDGE ( 'NONE', *, *, #1765, .T. ) ;
#3242 = VERTEX_POINT ( 'NONE', #3131 ) ;
#3243 = DIRECTION ( 'NONE',  ( 0.000000000000000000, -1.000000000000000000, 0.000000000000000000 ) ) ;
#3244 = FACE_BOUND ( 'NONE', #3458, .T. ) ;
#3245 = FACE_OUTER_BOUND ( 'NONE', #4504, .T. ) ;
#3246 = EDGE_CURVE ( 'NONE', #5057, #606, #4095, .T. ) ;
#3247 = ORIENTED_EDGE ( 'NONE', *, *, #698, .F. ) ;
#3248 = EDGE_CURVE ( 'NONE', #5057, #729, #507, .T. ) ;
#3249 = ORIENTED_EDGE ( 'NONE', *, *, #5811, .T. ) ;
#3250 = ORIENTED_EDGE ( 'NONE', *, *, #225, .F. ) ;
#3251 = LINE ( 'NONE', #3126, #2841 ) ;
#3252 = CARTESIAN_POINT ( 'NONE',  ( 93.04663118593860816, 3.000000000000000000, -55.00000000000000000 ) ) ;
#3253 = CARTESIAN_POINT ( 'NONE',  ( 93.04663118593860816, 0.000000000000000000, -55.00000000000000000 ) ) ;
#3254 = DIRECTION ( 'NONE',  ( 0.000000000000000000, 0.000000000000000000, -1.000000000000000000 ) ) ;
#3255 = EDGE_CURVE ( 'NONE', #2735, #5591, #5580, .T. ) ;
#3257 = ORIENTED_EDGE ( 'NONE', *, *, #3948, .F. ) ;
#3256 = DIRECTION ( 'NONE',  ( 0.000000000000000000, 1.000000000000000000, -0.000000000000000000 ) ) ;
#3258 = DIRECTION ( 'NONE',  ( -2.775557561562892337E-16, 0.000000000000000000, 1.000000000000000000 ) ) ;
#3259 = FACE_OUTER_BOUND ( 'NONE', #2943, .T. ) ;
#3260 = EDGE_CURVE ( 'NONE', #1445, #1355, #2255, .T. ) ;
#3261 = EDGE_LOOP ( 'NONE', ( #2767, #688 ) ) ;
#3262 = ORIENTED_EDGE ( 'NONE', *, *, #3024, .T. ) ;
#3263 = CARTESIAN_POINT ( 'NONE',  ( 13.04663118593871118, 3.000000000000000000, 54.99999999999992184 ) ) ;
#3264 = DIRECTION ( 'NONE',  ( -0.000000000000000000, 1.000000000000000000, -0.000000000000000000 ) ) ;
#3265 = ORIENTED_EDGE ( 'NONE', *, *, #1314, .T. ) ;
#3266 = FACE_OUTER_BOUND ( 'NONE', #1955, .T. ) ;
#3267 = ORIENTED_EDGE ( 'NONE', *, *, #707, .T. ) ;
#3268 = ORIENTED_EDGE ( 'NONE', *, *, #554, .T. ) ;
#3269 = LINE ( 'NONE', #2293, #4443 ) ;
#3270 = CARTESIAN_POINT ( 'NONE',  ( -33.35741419336067537, 3.000000000000000000, 80.24010619321096272 ) ) ;
#3271 = DIRECTION ( 'NONE',  ( 0.000000000000000000, 0.000000000000000000, -1.000000000000000000 ) ) ;
#3272 = VERTEX_POINT ( 'NONE', #4508 ) ;
#3273 = EDGE_LOOP ( 'NONE', ( #5142, #868 ) ) ;
#3274 = VERTEX_POINT ( 'NONE', #1796 ) ;
#3275 = DIRECTION ( 'NONE',  ( 0.000000000000000000, 0.000000000000000000, 1.000000000000000000 ) ) ;
#3276 = EDGE_CURVE ( 'NONE', #3349, #5743, #5577, .T. ) ;
#3277 = DIRECTION ( 'NONE',  ( 0.000000000000000000, 0.000000000000000000, 1.000000000000000000 ) ) ;
#3278 = DIRECTION ( 'NONE',  ( 0.000000000000000000, 0.000000000000000000, 1.000000000000000000 ) ) ;
#3279 = EDGE_CURVE ( 'NONE', #1340, #4468, #446, .T. ) ;
#3280 = CARTESIAN_POINT ( 'NONE',  ( 86.24663118593861100, 3.001000000000000334, -55.00000000000000000 ) ) ;
#3281 = CARTESIAN_POINT ( 'NONE',  ( 64.64663118593860247, 3.000000000000000000, -54.99999999999986500 ) ) ;
#3282 = CARTESIAN_POINT ( 'NONE',  ( 23.04663118593872184, 3.001000000000000334, 54.99999999999985789 ) ) ;
#3283 = CARTESIAN_POINT ( 'NONE',  ( 83.04663118593872184, 3.001000000000000334, 30.00000000000000000 ) ) ;
#3284 = EDGE_CURVE ( 'NONE', #5850, #2044, #5481, .T. ) ;
#3285 = ADVANCED_FACE ( 'NONE', ( #1763 ), #3700, .F. ) ;
#3286 = ORIENTED_EDGE ( 'NONE', *, *, #3441, .T. ) ;
#3287 = ORIENTED_EDGE ( 'NONE', *, *, #1014, .F. ) ;
#3288 = PLANE ( 'NONE',  #4473 ) ;
#3289 = CIRCLE ( 'NONE', #725, 1.600000000000004086 ) ;
#3290 = CARTESIAN_POINT ( 'NONE',  ( -45.71443819850548351, 0.000000000000000000, 63.61903875405599962 ) ) ;
#3291 = EDGE_LOOP ( 'NONE', ( #1183, #30, #884, #179 ) ) ;
#3292 = VECTOR ( 'NONE', #4306, 1000.000000000000000 ) ;
#3293 = CARTESIAN_POINT ( 'NONE',  ( 93.04663118593870763, 0.000000000000000000, 55.00000000000000000 ) ) ;
#3294 = AXIS2_PLACEMENT_3D ( 'NONE', #5218, #1139, #2953 ) ;
#3295 = ORIENTED_EDGE ( 'NONE', *, *, #3988, .T. ) ;
#3296 = ORIENTED_EDGE ( 'NONE', *, *, #4488, .F. ) ;
#3297 = DIRECTION ( 'NONE',  ( 0.000000000000000000, -1.000000000000000000, 0.000000000000000000 ) ) ;
#3298 = CARTESIAN_POINT ( 'NONE',  ( 129.9999999999999432, 3.000000000000000000, 90.00000000000002842 ) ) ;
#3299 = DIRECTION ( 'NONE',  ( 0.000000000000000000, 0.000000000000000000, -1.000000000000000000 ) ) ;
#3300 = AXIS2_PLACEMENT_3D ( 'NONE', #3722, #3243, #500 ) ;
#3301 = ORIENTED_EDGE ( 'NONE', *, *, #5540, .F. ) ;
#3302 = ORIENTED_EDGE ( 'NONE', *, *, #5445, .T. ) ;
#3303 = ORIENTED_EDGE ( 'NONE', *, *, #549, .T. ) ;
#3304 = DIRECTION ( 'NONE',  ( 0.000000000000000000, 0.000000000000000000, 1.000000000000000000 ) ) ;
#3305 = DIRECTION ( 'NONE',  ( 0.000000000000000000, -1.000000000000000000, 0.000000000000000000 ) ) ;
#3306 = EDGE_CURVE ( 'NONE', #1191, #2164, #5298, .T. ) ;
#3307 = CARTESIAN_POINT ( 'NONE',  ( 117.9999999999999432, 3.000000000000000000, 42.09008114612898765 ) ) ;
#3308 = AXIS2_PLACEMENT_3D ( 'NONE', #2858, #600, #2412 ) ;
#3309 = EDGE_CURVE ( 'NONE', #674, #1506, #2242, .T. ) ;
#3310 = DIRECTION ( 'NONE',  ( -4.336808689942017736E-16, 0.000000000000000000, 1.000000000000000000 ) ) ;
#3311 = VECTOR ( 'NONE', #2876, 1000.000000000000000 ) ;
#3312 = CARTESIAN_POINT ( 'NONE',  ( 117.9999999999999432, 0.000000000000000000, 43.69008114612902460 ) ) ;
#3313 = DIRECTION ( 'NONE',  ( 0.000000000000000000, 0.000000000000000000, 1.000000000000000000 ) ) ;
#3314 = CARTESIAN_POINT ( 'NONE',  ( -125.7144381985055333, 0.000000000000000000, -64.67164498816627827 ) ) ;
#3315 = ADVANCED_FACE ( 'NONE', ( #5453 ), #2797, .F. ) ;
#3316 = AXIS2_PLACEMENT_3D ( 'NONE', #316, #5313, #4846 ) ;
#3317 = VERTEX_POINT ( 'NONE', #5008 ) ;
#3318 = EDGE_CURVE ( 'NONE', #3797, #3819, #4727, .T. ) ;
#3319 = DIRECTION ( 'NONE',  ( 0.000000000000000000, 0.000000000000000000, 1.000000000000000000 ) ) ;
#3320 = VERTEX_POINT ( 'NONE', #452 ) ;
#3321 = CARTESIAN_POINT ( 'NONE',  ( 28.42844072404627909, 3.000000000000000000, 30.00000000000002842 ) ) ;
#3322 = AXIS2_PLACEMENT_3D ( 'NONE', #3920, #4003, #3522 ) ;
#3323 = AXIS2_PLACEMENT_3D ( 'NONE', #1249, #3116, #5415 ) ;
#3324 = DIRECTION ( 'NONE',  ( -0.7071067811865540120, 0.000000000000000000, -0.7071067811865410224 ) ) ;
#3325 = VECTOR ( 'NONE', #1383, 1000.000000000000000 ) ;
#3326 = EDGE_CURVE ( 'NONE', #2553, #622, #2273, .T. ) ;
#3327 = EDGE_LOOP ( 'NONE', ( #3225, #2261 ) ) ;
#3328 = VECTOR ( 'NONE', #1503, 1000.000000000000000 ) ;
#3329 = LINE ( 'NONE', #643, #3520 ) ;
#3330 = ORIENTED_EDGE ( 'NONE', *, *, #5390, .F. ) ;
#3331 = EDGE_LOOP ( 'NONE', ( #1592, #645, #1094, #2308, #515 ) ) ;
#3332 = CARTESIAN_POINT ( 'NONE',  ( -115.3644381985056953, 0.000000000000000000, 14.00000000000000178 ) ) ;
#3333 = FACE_BOUND ( 'NONE', #1832, .T. ) ;
#3334 = VECTOR ( 'NONE', #3679, 1000.000000000000000 ) ;
#3335 = AXIS2_PLACEMENT_3D ( 'NONE', #1554, #3378, #671 ) ;
#3336 = LINE ( 'NONE', #1066, #3311 ) ;
#3337 = CARTESIAN_POINT ( 'NONE',  ( 96.24663118593861100, 3.001000000000000334, -55.00000000000000000 ) ) ;
#3338 = EDGE_CURVE ( 'NONE', #3176, #715, #4563, .T. ) ;
#3339 = VERTEX_POINT ( 'NONE', #1075 ) ;
#3340 = VERTEX_POINT ( 'NONE', #4738 ) ;
#3341 = ORIENTED_EDGE ( 'NONE', *, *, #453, .F. ) ;
#3342 = DIRECTION ( 'NONE',  ( 0.000000000000000000, 0.000000000000000000, -1.000000000000000000 ) ) ;
#3343 = DIRECTION ( 'NONE',  ( -0.000000000000000000, -1.000000000000000000, -0.000000000000000000 ) ) ;
#3344 = LINE ( 'NONE', #4773, #5116 ) ;
#3345 = CARTESIAN_POINT ( 'NONE',  ( 26.24663118593861810, 3.000000000000000000, -54.99999999999985789 ) ) ;
#3346 = CARTESIAN_POINT ( 'NONE',  ( 39.99999999999997158, 3.000000000000000000, 93.00000000000005684 ) ) ;
#3347 = CYLINDRICAL_SURFACE ( 'NONE', #1389, 12.50000000000000178 ) ;
#3348 = DIRECTION ( 'NONE',  ( 0.000000000000000000, 0.000000000000000000, -1.000000000000000000 ) ) ;
#3349 = VERTEX_POINT ( 'NONE', #3370 ) ;
#3350 = DIRECTION ( 'NONE',  ( -0.000000000000000000, -1.000000000000000000, -0.000000000000000000 ) ) ;
#3351 = VERTEX_POINT ( 'NONE', #2913 ) ;
#3352 = CARTESIAN_POINT ( 'NONE',  ( 66.24663118593861100, 0.000000000000000000, -54.99999999999985789 ) ) ;
#3353 = EDGE_CURVE ( 'NONE', #2494, #3926, #1487, .T. ) ;
#3354 = CARTESIAN_POINT ( 'NONE',  ( 117.9999999999999432, 0.000000000000000000, -43.50991885387105640 ) ) ;
#3355 = ORIENTED_EDGE ( 'NONE', *, *, #2282, .T. ) ;
#3356 = CARTESIAN_POINT ( 'NONE',  ( 28.42844072404624001, 0.000000000000000000, 119.9999999999999716 ) ) ;
#3357 = EDGE_LOOP ( 'NONE', ( #587, #2907 ) ) ;
#3358 = ORIENTED_EDGE ( 'NONE', *, *, #372, .F. ) ;
#3359 = FACE_BOUND ( 'NONE', #418, .T. ) ;
#3360 = DIRECTION ( 'NONE',  ( 1.000000000000000000, -0.000000000000000000, 2.478176394252581141E-16 ) ) ;
#3361 = EDGE_CURVE ( 'NONE', #5743, #3994, #5538, .T. ) ;
#3362 = CARTESIAN_POINT ( 'NONE',  ( 129.9999999999999432, 3.000000000000000000, 90.00000000000002842 ) ) ;
#3363 = ORIENTED_EDGE ( 'NONE', *, *, #2697, .T. ) ;
#3364 = EDGE_CURVE ( 'NONE', #3896, #2864, #1969, .T. ) ;
#3365 = ORIENTED_EDGE ( 'NONE', *, *, #2204, .T. ) ;
#3366 = ORIENTED_EDGE ( 'NONE', *, *, #2566, .F. ) ;
#3367 = CARTESIAN_POINT ( 'NONE',  ( 14.64663118593871616, 3.000000000000000000, 54.99999999999992184 ) ) ;
#3368 = CARTESIAN_POINT ( 'NONE',  ( -155.7144381985054622, 3.000000000000000000, -64.67164498816627827 ) ) ;
#3369 = EDGE_CURVE ( 'NONE', #931, #2081, #2387, .T. ) ;
#3370 = CARTESIAN_POINT ( 'NONE',  ( -31.75741419336067395, 0.000000000000000000, 44.24010619321096982 ) ) ;
#3371 = VECTOR ( 'NONE', #1657, 1000.000000000000000 ) ;
#3372 = DIRECTION ( 'NONE',  ( -5.551115123125781716E-16, 0.000000000000000000, -1.000000000000000000 ) ) ;
#3373 = LINE ( 'NONE', #3346, #5680 ) ;
#3374 = CARTESIAN_POINT ( 'NONE',  ( 16.24663118593872113, 3.001000000000000334, 54.99999999999992184 ) ) ;
#3375 = AXIS2_PLACEMENT_3D ( 'NONE', #2403, #4226, #5587 ) ;
#3376 = CARTESIAN_POINT ( 'NONE',  ( 76.24663118593862521, 3.000000000000000000, -54.99999999999992895 ) ) ;
#3377 = ORIENTED_EDGE ( 'NONE', *, *, #3672, .T. ) ;
#3378 = DIRECTION ( 'NONE',  ( 0.000000000000000000, -1.000000000000000000, 0.000000000000000000 ) ) ;
#3379 = DIRECTION ( 'NONE',  ( 0.000000000000000000, 0.000000000000000000, -1.000000000000000000 ) ) ;
#3380 = ORIENTED_EDGE ( 'NONE', *, *, #2916, .F. ) ;
#3381 = DIRECTION ( 'NONE',  ( 0.000000000000000000, 0.000000000000000000, -1.000000000000000000 ) ) ;
#3382 = ORIENTED_EDGE ( 'NONE', *, *, #3571, .F. ) ;
#3383 = EDGE_CURVE ( 'NONE', #2372, #2318, #5564, .T. ) ;
#3384 = CARTESIAN_POINT ( 'NONE',  ( -33.35741419336066826, 0.000000000000000000, -42.64010619321096840 ) ) ;
#3385 = ORIENTED_EDGE ( 'NONE', *, *, #3474, .T. ) ;
#3386 = VERTEX_POINT ( 'NONE', #2505 ) ;
#3387 = AXIS2_PLACEMENT_3D ( 'NONE', #1195, #4743, #2147 ) ;
#3388 = SECURITY_CLASSIFICATION_LEVEL ( 'unclassified' ) ;
#3389 = LINE ( 'NONE', #5645, #2787 ) ;
#3390 = PLANE ( 'NONE',  #1499 ) ;
#3391 = EDGE_CURVE ( 'NONE', #2211, #95, #832, .T. ) ;
#3392 = CARTESIAN_POINT ( 'NONE',  ( 63.04663118593860105, 3.000000000000000000, -54.99999999999986500 ) ) ;
#3393 = CIRCLE ( 'NONE', #5480, 1.600000000000004086 ) ;
#3394 = EDGE_LOOP ( 'NONE', ( #1364, #5522, #980, #2501 ) ) ;
#3395 = VERTEX_POINT ( 'NONE', #625 ) ;
#3396 = ORIENTED_EDGE ( 'NONE', *, *, #453, .T. ) ;
#3397 = DIRECTION ( 'NONE',  ( 0.000000000000000000, 1.000000000000000000, -0.000000000000000000 ) ) ;
#3398 = EDGE_CURVE ( 'NONE', #2973, #4200, #5683, .T. ) ;
#3399 = VECTOR ( 'NONE', #3891, 1000.000000000000000 ) ;
#3400 = DIRECTION ( 'NONE',  ( -0.000000000000000000, 1.000000000000000000, -0.000000000000000000 ) ) ;
#3401 = AXIS2_PLACEMENT_3D ( 'NONE', #4, #356, #3544 ) ;
#3402 = FACE_OUTER_BOUND ( 'NONE', #5625, .T. ) ;
#3403 = FACE_OUTER_BOUND ( 'NONE', #5846, .T. ) ;
#3404 = FACE_OUTER_BOUND ( 'NONE', #4878, .T. ) ;
#3405 = DIRECTION ( 'NONE',  ( 0.000000000000000000, 0.000000000000000000, -1.000000000000000000 ) ) ;
#3406 = AXIS2_PLACEMENT_3D ( 'NONE', #2032, #4210, #185 ) ;
#3407 = DIRECTION ( 'NONE',  ( 0.000000000000000000, 0.000000000000000000, -1.000000000000000000 ) ) ;
#3408 = ORIENTED_EDGE ( 'NONE', *, *, #5609, .T. ) ;
#3409 = CIRCLE ( 'NONE', #838, 1.600000000000004086 ) ;
#3410 = EDGE_CURVE ( 'NONE', #137, #2879, #926, .T. ) ;
#3411 = DIRECTION ( 'NONE',  ( 0.000000000000000000, 0.000000000000000000, -1.000000000000000000 ) ) ;
#3412 = DIRECTION ( 'NONE',  ( 0.000000000000000000, 0.000000000000000000, -1.000000000000000000 ) ) ;
#3413 = ORIENTED_EDGE ( 'NONE', *, *, #5322, .F. ) ;
#3414 = AXIS2_PLACEMENT_3D ( 'NONE', #1240, #5669, #4756 ) ;
#3415 = LINE ( 'NONE', #2517, #3219 ) ;
#3416 = ORIENTED_EDGE ( 'NONE', *, *, #2442, .T. ) ;
#3417 = DIRECTION ( 'NONE',  ( 0.000000000000000000, -1.000000000000000000, 0.000000000000000000 ) ) ;
#3418 = AXIS2_PLACEMENT_3D ( 'NONE', #3100, #399, #5785 ) ;
#3419 = ORIENTED_EDGE ( 'NONE', *, *, #2847, .F. ) ;
#3420 = ORIENTED_EDGE ( 'NONE', *, *, #5220, .T. ) ;
#3421 = PERSON_AND_ORGANIZATION ( #4591, #3204 ) ;
#3422 = CARTESIAN_POINT ( 'NONE',  ( 76.24663118593873889, 3.000000000000000000, 54.99999999999992895 ) ) ;
#3423 = DIRECTION ( 'NONE',  ( 0.000000000000000000, 0.000000000000000000, -1.000000000000000000 ) ) ;
#3424 = AXIS2_PLACEMENT_3D ( 'NONE', #1825, #4030, #869 ) ;
#3425 = VECTOR ( 'NONE', #4403, 1000.000000000000000 ) ;
#3426 = DIRECTION ( 'NONE',  ( -0.000000000000000000, 1.000000000000000000, -0.000000000000000000 ) ) ;
#3427 = ORIENTED_EDGE ( 'NONE', *, *, #2709, .T. ) ;
#3428 = VERTEX_POINT ( 'NONE', #1573 ) ;
#3429 = EDGE_LOOP ( 'NONE', ( #3215, #3177, #1213, #3232 ) ) ;
#3430 = DIRECTION ( 'NONE',  ( 0.000000000000000000, 0.000000000000000000, -1.000000000000000000 ) ) ;
#3431 = AXIS2_PLACEMENT_3D ( 'NONE', #517, #4546, #5463 ) ;
#3432 = DIRECTION ( 'NONE',  ( 0.000000000000000000, 0.000000000000000000, 1.000000000000000000 ) ) ;
#3433 = EDGE_CURVE ( 'NONE', #2759, #2754, #3788, .T. ) ;
#3434 = CARTESIAN_POINT ( 'NONE',  ( -45.71443819850548351, 0.000000000000000000, 63.61903875405599962 ) ) ;
#3435 = VECTOR ( 'NONE', #4037, 1000.000000000000000 ) ;
#3436 = ADVANCED_FACE ( 'NONE', ( #3402 ), #5213, .F. ) ;
#3437 = FACE_OUTER_BOUND ( 'NONE', #5054, .T. ) ;
#3438 = DIRECTION ( 'NONE',  ( 0.000000000000000000, 1.000000000000000000, -0.000000000000000000 ) ) ;
#3439 = DIRECTION ( 'NONE',  ( -5.551115123125781716E-16, 0.000000000000000000, -1.000000000000000000 ) ) ;
#3440 = DIRECTION ( 'NONE',  ( -0.000000000000000000, -1.000000000000000000, -0.000000000000000000 ) ) ;
#3441 = EDGE_CURVE ( 'NONE', #3181, #1482, #3344, .T. ) ;
#3442 = ORIENTED_EDGE ( 'NONE', *, *, #1461, .T. ) ;
#3443 = CARTESIAN_POINT ( 'NONE',  ( -6.957414193360697219, 3.000000000000000000, -80.24010619321096272 ) ) ;
#3444 = EDGE_CURVE ( 'NONE', #3829, #1150, #5871, .T. ) ;
#3445 = LINE ( 'NONE', #2926, #4195 ) ;
#3446 = ORIENTED_EDGE ( 'NONE', *, *, #3804, .T. ) ;
#3447 = EDGE_CURVE ( 'NONE', #5863, #1603, #1023, .T. ) ;
#3448 = FACE_OUTER_BOUND ( 'NONE', #5607, .T. ) ;
#3449 = ORIENTED_EDGE ( 'NONE', *, *, #4598, .F. ) ;
#3450 = CARTESIAN_POINT ( 'NONE',  ( 73.04663118593860816, 3.000000000000000000, -54.99999999999992895 ) ) ;
#3451 = EDGE_LOOP ( 'NONE', ( #2074, #1835, #5616, #2251 ) ) ;
#3452 = VERTEX_POINT ( 'NONE', #2441 ) ;
#3453 = COORDINATED_UNIVERSAL_TIME_OFFSET ( 8, 0, .AHEAD. ) ;
#3454 = CARTESIAN_POINT ( 'NONE',  ( -80.71443819850550483, 3.001000000000000334, -63.88096124594397196 ) ) ;
#3455 = DIRECTION ( 'NONE',  ( -1.000000000000000000, -0.000000000000000000, -0.000000000000000000 ) ) ;
#3456 = LINE ( 'NONE', #5681, #1337 ) ;
#3457 = EDGE_LOOP ( 'NONE', ( #440, #1392, #2373, #107 ) ) ;
#3458 = EDGE_LOOP ( 'NONE', ( #2835, #2 ) ) ;
#3459 = VECTOR ( 'NONE', #208, 1000.000000000000000 ) ;
#3460 = ORIENTED_EDGE ( 'NONE', *, *, #735, .F. ) ;
#3461 = DIRECTION ( 'NONE',  ( 0.000000000000000000, 0.000000000000000000, 1.000000000000000000 ) ) ;
#3462 = CARTESIAN_POINT ( 'NONE',  ( 74.64663118593873037, 3.000000000000000000, 28.39999999999992397 ) ) ;
#3463 = EDGE_CURVE ( 'NONE', #493, #5319, #2920, .T. ) ;
#3464 = CARTESIAN_POINT ( 'NONE',  ( -31.75741419336064553, 0.000000000000000000, 90.00000000000008527 ) ) ;
#3465 = FACE_OUTER_BOUND ( 'NONE', #1163, .T. ) ;
#3466 = CARTESIAN_POINT ( 'NONE',  ( -115.3644381985056953, 3.000000000000000000, -14.00000000000000000 ) ) ;
#3467 = CARTESIAN_POINT ( 'NONE',  ( 86.24663118593872468, 3.000000000000000000, 55.00000000000000000 ) ) ;
#3468 = ADVANCED_FACE ( 'NONE', ( #2828 ), #1046, .F. ) ;
#3469 = ORIENTED_EDGE ( 'NONE', *, *, #298, .F. ) ;
#3470 = CYLINDRICAL_SURFACE ( 'NONE', #5506, 1.600000000000004086 ) ;
#3471 = DIRECTION ( 'NONE',  ( -0.000000000000000000, -1.000000000000000000, -0.000000000000000000 ) ) ;
#3472 = ORIENTED_EDGE ( 'NONE', *, *, #919, .F. ) ;
#3473 = FACE_OUTER_BOUND ( 'NONE', #1719, .T. ) ;
#3474 = EDGE_CURVE ( 'NONE', #1155, #355, #1548, .T. ) ;
#3475 = VERTEX_POINT ( 'NONE', #2004 ) ;
#3476 = LINE ( 'NONE', #3533, #3908 ) ;
#3477 = ORIENTED_EDGE ( 'NONE', *, *, #1531, .T. ) ;
#3478 = ORIENTED_EDGE ( 'NONE', *, *, #710, .T. ) ;
#3479 = AXIS2_PLACEMENT_3D ( 'NONE', #404, #2497, #1121 ) ;
#3480 = CARTESIAN_POINT ( 'NONE',  ( -80.71443819850550483, 0.000000000000000000, -60.88096124594397907 ) ) ;
#3481 = CARTESIAN_POINT ( 'NONE',  ( 87.00000000000001421, 3.000000000000000000, -90.00000000000007105 ) ) ;
#3482 = DIRECTION ( 'NONE',  ( 0.000000000000000000, -1.000000000000000000, 0.000000000000000000 ) ) ;
#3483 = DIRECTION ( 'NONE',  ( -0.000000000000000000, 1.000000000000000000, -0.000000000000000000 ) ) ;
#3484 = ORIENTED_EDGE ( 'NONE', *, *, #5489, .F. ) ;
#3485 = ORIENTED_EDGE ( 'NONE', *, *, #961, .T. ) ;
#3486 = DIRECTION ( 'NONE',  ( -0.000000000000000000, 1.000000000000000000, -0.000000000000000000 ) ) ;
#3487 = VECTOR ( 'NONE', #1642, 1000.000000000000000 ) ;
#3488 = DIRECTION ( 'NONE',  ( 0.000000000000000000, 0.000000000000000000, -1.000000000000000000 ) ) ;
#3489 = CARTESIAN_POINT ( 'NONE',  ( -33.35741419336067537, -7.000000000000000000, -80.24010619321096272 ) ) ;
#3490 = VECTOR ( 'NONE', #3945, 1000.000000000000000 ) ;
#3491 = DIRECTION ( 'NONE',  ( -0.000000000000000000, -1.000000000000000000, -0.000000000000000000 ) ) ;
#3492 = CARTESIAN_POINT ( 'NONE',  ( 26.24663118593873534, 0.000000000000000000, 29.99999999999986144 ) ) ;
#3493 = CARTESIAN_POINT ( 'NONE',  ( 39.99999999999997868, 0.000000000000000000, 120.0000000000000284 ) ) ;
#3494 = AXIS2_PLACEMENT_3D ( 'NONE', #5513, #1350, #3161 ) ;
#3495 = AXIS2_PLACEMENT_3D ( 'NONE', #4639, #5554, #4609 ) ;
#3496 = CARTESIAN_POINT ( 'NONE',  ( 4.646631185938609576, 3.000000000000000000, -54.99999999999999289 ) ) ;
#3497 = CARTESIAN_POINT ( 'NONE',  ( 39.99999999999997868, 3.000000000000000000, 120.0000000000000284 ) ) ;
#3498 = ORIENTED_EDGE ( 'NONE', *, *, #992, .T. ) ;
#3499 = ADVANCED_FACE ( 'NONE', ( #5182 ), #5356, .F. ) ;
#3500 = CARTESIAN_POINT ( 'NONE',  ( 13.04663118593872539, 3.001000000000000334, 29.99999999999991473 ) ) ;
#3501 = AXIS2_PLACEMENT_3D ( 'NONE', #5588, #2404, #3779 ) ;
#3502 = ADVANCED_FACE ( 'NONE', ( #3943 ), #3517, .F. ) ;
#3503 = EDGE_LOOP ( 'NONE', ( #3365, #2927, #5002, #1534 ) ) ;
#3504 = DIRECTION ( 'NONE',  ( 1.000000000000000000, 0.000000000000000000, -2.775557561562890858E-16 ) ) ;
#3505 = VERTEX_POINT ( 'NONE', #5746 ) ;
#3506 = VERTEX_POINT ( 'NONE', #5332 ) ;
#3507 = AXIS2_PLACEMENT_3D ( 'NONE', #4665, #2455, #4247 ) ;
#3508 = CARTESIAN_POINT ( 'NONE',  ( 26.24663118593861810, 3.001000000000000334, -54.99999999999985789 ) ) ;
#3509 = VECTOR ( 'NONE', #758, 1000.000000000000000 ) ;
#3510 = CARTESIAN_POINT ( 'NONE',  ( 73.04663118593872184, 3.000000000000000000, 29.99999999999992895 ) ) ;
#3511 = DIRECTION ( 'NONE',  ( 1.000000000000000000, -0.000000000000000000, 0.000000000000000000 ) ) ;
#3512 = ORIENTED_EDGE ( 'NONE', *, *, #5516, .T. ) ;
#3513 = EDGE_LOOP ( 'NONE', ( #5243, #1756 ) ) ;
#3514 = FACE_BOUND ( 'NONE', #2029, .T. ) ;
#3515 = AXIS2_PLACEMENT_3D ( 'NONE', #922, #2736, #4560 ) ;
#3516 = AXIS2_PLACEMENT_3D ( 'NONE', #5234, #138, #5582 ) ;
#3517 = CYLINDRICAL_SURFACE ( 'NONE', #3689, 1.600000000000011191 ) ;
#3518 = EDGE_CURVE ( 'NONE', #5667, #445, #3208, .T. ) ;
#3519 = VECTOR ( 'NONE', #5440, 1000.000000000000000 ) ;
#3520 = VECTOR ( 'NONE', #1087, 1000.000000000000000 ) ;
#3521 = VERTEX_POINT ( 'NONE', #3066 ) ;
#3522 = DIRECTION ( 'NONE',  ( -1.000000000000000000, 0.000000000000000000, -4.839898824559572281E-16 ) ) ;
#3523 = CYLINDRICAL_SURFACE ( 'NONE', #5096, 1.500000000000001332 ) ;
#3524 = LINE ( 'NONE', #5336, #5666 ) ;
#3525 = CARTESIAN_POINT ( 'NONE',  ( 30.22999999999997200, 3.000000000000000000, 72.80000000000005400 ) ) ;
#3526 = AXIS2_PLACEMENT_3D ( 'NONE', #2245, #3471, #4421 ) ;
#3527 = VECTOR ( 'NONE', #2117, 1000.000000000000000 ) ;
#3528 = DIRECTION ( 'NONE',  ( -0.000000000000000000, 1.000000000000000000, -0.000000000000000000 ) ) ;
#3529 = FACE_OUTER_BOUND ( 'NONE', #1544, .T. ) ;
#3530 = ORIENTED_EDGE ( 'NONE', *, *, #5326, .F. ) ;
#3531 = CARTESIAN_POINT ( 'NONE',  ( -28.70414209279597628, 3.000000000000000000, -35.00000000000000711 ) ) ;
#3532 = ORIENTED_EDGE ( 'NONE', *, *, #3309, .T. ) ;
#3533 = CARTESIAN_POINT ( 'NONE',  ( 87.00000000000002842, 0.000000000000000000, -90.00000000000007105 ) ) ;
#3534 = ORIENTED_EDGE ( 'NONE', *, *, #5212, .F. ) ;
#3535 = EDGE_CURVE ( 'NONE', #3797, #5643, #4914, .T. ) ;
#3536 = DIRECTION ( 'NONE',  ( -0.000000000000000000, -1.000000000000000000, -0.000000000000000000 ) ) ;
#3537 = VERTEX_POINT ( 'NONE', #2615 ) ;
#3538 = CARTESIAN_POINT ( 'NONE',  ( -33.35741419336066826, -7.000000000000000000, -44.24010619321096982 ) ) ;
#3539 = EDGE_CURVE ( 'NONE', #2691, #77, #4077, .T. ) ;
#3540 = CARTESIAN_POINT ( 'NONE',  ( 24.64663118593862023, 3.001000000000000334, -29.99999999999986144 ) ) ;
#3541 = CARTESIAN_POINT ( 'NONE',  ( 64.64663118593871616, 0.000000000000000000, 28.39999999999985647 ) ) ;
#3542 = ORIENTED_EDGE ( 'NONE', *, *, #1198, .T. ) ;
#3543 = ORIENTED_EDGE ( 'NONE', *, *, #4932, .T. ) ;
#3544 = DIRECTION ( 'NONE',  ( 0.000000000000000000, 0.000000000000000000, -1.000000000000000000 ) ) ;
#3545 = DIRECTION ( 'NONE',  ( -0.000000000000000000, -1.000000000000000000, -0.000000000000000000 ) ) ;
#3546 = EDGE_CURVE ( 'NONE', #3638, #1155, #4329, .T. ) ;
#3547 = EDGE_CURVE ( 'NONE', #1039, #346, #4438, .T. ) ;
#3548 = ORIENTED_EDGE ( 'NONE', *, *, #5069, .F. ) ;
#3549 = DIRECTION ( 'NONE',  ( -0.000000000000000000, -1.000000000000000000, -0.000000000000000000 ) ) ;
#3550 = DIRECTION ( 'NONE',  ( 0.000000000000000000, 0.000000000000000000, -1.000000000000000000 ) ) ;
#3551 = CARTESIAN_POINT ( 'NONE',  ( 4.646631185938734809, 3.000000000000000000, 28.39999999999998082 ) ) ;
#3552 = FACE_OUTER_BOUND ( 'NONE', #4137, .T. ) ;
#3553 = EDGE_CURVE ( 'NONE', #4828, #239, #546, .T. ) ;
#3554 = CARTESIAN_POINT ( 'NONE',  ( -31.75741419336066684, 0.000000000000000000, -80.24010619321094850 ) ) ;
#3555 = CARTESIAN_POINT ( 'NONE',  ( 66.24663118593872468, 0.000000000000000000, 54.99999999999986500 ) ) ;
#3556 = CARTESIAN_POINT ( 'NONE',  ( 89.99999999999997158, 0.000000000000000000, 93.00000000000008527 ) ) ;
#3557 = ORIENTED_EDGE ( 'NONE', *, *, #3237, .T. ) ;
#3558 = ORIENTED_EDGE ( 'NONE', *, *, #1273, .T. ) ;
#3559 = CARTESIAN_POINT ( 'NONE',  ( 60.22999999999996135, 0.000000000000000000, 72.80000000000006821 ) ) ;
#3560 = ORIENTED_EDGE ( 'NONE', *, *, #2991, .T. ) ;
#3561 = LINE ( 'NONE', #2165, #1425 ) ;
#3562 = VERTEX_POINT ( 'NONE', #3462 ) ;
#3563 = VECTOR ( 'NONE', #4964, 1000.000000000000000 ) ;
#3564 = PLANE ( 'NONE',  #4454 ) ;
#3565 = EDGE_CURVE ( 'NONE', #3339, #203, #1494, .T. ) ;
#3566 = FACE_OUTER_BOUND ( 'NONE', #2103, .T. ) ;
#3567 = VERTEX_POINT ( 'NONE', #5271 ) ;
#3568 = ORIENTED_EDGE ( 'NONE', *, *, #3553, .T. ) ;
#3569 = ORIENTED_EDGE ( 'NONE', *, *, #5399, .F. ) ;
#3570 = FACE_BOUND ( 'NONE', #2400, .T. ) ;
#3571 = EDGE_CURVE ( 'NONE', #4129, #5715, #1403, .T. ) ;
#3572 = LINE ( 'NONE', #4142, #2554 ) ;
#3573 = EDGE_LOOP ( 'NONE', ( #1954, #769, #2989, #3658 ) ) ;
#3574 = EDGE_CURVE ( 'NONE', #1062, #2500, #2123, .T. ) ;
#3575 = ORIENTED_EDGE ( 'NONE', *, *, #2225, .F. ) ;
#3576 = CARTESIAN_POINT ( 'NONE',  ( 73.04663118593872184, 3.001000000000000334, 29.99999999999992895 ) ) ;
#3577 = CARTESIAN_POINT ( 'NONE',  ( 15.30514119515825300, 3.000000000000000000, -119.9999999999999716 ) ) ;
#3578 = CARTESIAN_POINT ( 'NONE',  ( 69.76999999999998181, 0.000000000000000000, -74.40000000000006253 ) ) ;
#3579 = AXIS2_PLACEMENT_3D ( 'NONE', #4541, #4106, #20 ) ;
#3580 = CYLINDRICAL_SURFACE ( 'NONE', #4835, 1.600000000000004086 ) ;
#3581 = ADVANCED_FACE ( 'NONE', ( #1730 ), #5301, .F. ) ;
#3582 = AXIS2_PLACEMENT_3D ( 'NONE', #5014, #42, #932 ) ;
#3583 = AXIS2_PLACEMENT_3D ( 'NONE', #1759, #2651, #3550 ) ;
#3584 = CARTESIAN_POINT ( 'NONE',  ( 84.64663118593871616, 0.000000000000000000, 28.39999999999999503 ) ) ;
#3585 = DIRECTION ( 'NONE',  ( -0.000000000000000000, -0.000000000000000000, 1.000000000000000000 ) ) ;
#3586 = LINE ( 'NONE', #2600, #5329 ) ;
#3587 = VERTEX_POINT ( 'NONE', #3090 ) ;
#3588 = CARTESIAN_POINT ( 'NONE',  ( -75.12344610756727548, 3.001000000000000334, 0.000000000000000000 ) ) ;
#3589 = AXIS2_PLACEMENT_3D ( 'NONE', #442, #2644, #1253 ) ;
#3590 = EDGE_CURVE ( 'NONE', #5072, #1150, #748, .T. ) ;
#3591 = VERTEX_POINT ( 'NONE', #1225 ) ;
#3592 = VECTOR ( 'NONE', #2300, 1000.000000000000000 ) ;
#3593 = CYLINDRICAL_SURFACE ( 'NONE', #1137, 1.600000000000004086 ) ;
#3594 = ORIENTED_EDGE ( 'NONE', *, *, #411, .F. ) ;
#3595 = AXIS2_PLACEMENT_3D ( 'NONE', #3281, #155, #987 ) ;
#3596 = DIRECTION ( 'NONE',  ( -0.000000000000000000, -1.000000000000000000, -0.000000000000000000 ) ) ;
#3597 = VECTOR ( 'NONE', #2564, 1000.000000000000000 ) ;
#3598 = CARTESIAN_POINT ( 'NONE',  ( 6.246631185938725572, 3.001000000000000334, 54.99999999999999289 ) ) ;
#3599 = PLANE ( 'NONE',  #10 ) ;
#3600 = LINE ( 'NONE', #2259, #4464 ) ;
#3601 = VECTOR ( 'NONE', #2209, 1000.000000000000000 ) ;
#3602 = EDGE_LOOP ( 'NONE', ( #947, #5878, #2698, #4083 ) ) ;
#3603 = ORIENTED_EDGE ( 'NONE', *, *, #5069, .T. ) ;
#3604 = CARTESIAN_POINT ( 'NONE',  ( 129.9999999999999432, 0.000000000000000000, 90.00000000000002842 ) ) ;
#3605 = DIRECTION ( 'NONE',  ( -0.000000000000000000, 1.000000000000000000, -0.000000000000000000 ) ) ;
#3606 = AXIS2_PLACEMENT_3D ( 'NONE', #2396, #110, #4690 ) ;
#3607 = ORIENTED_EDGE ( 'NONE', *, *, #3279, .T. ) ;
#3608 = EDGE_LOOP ( 'NONE', ( #3257, #5684, #4686, #5342, #611 ) ) ;
#3609 = DIRECTION ( 'NONE',  ( -0.000000000000000000, 1.000000000000000000, -0.000000000000000000 ) ) ;
#3610 = AXIS2_PLACEMENT_3D ( 'NONE', #1817, #84, #972 ) ;
#3611 = EDGE_CURVE ( 'NONE', #1312, #1456, #1883, .T. ) ;
#3612 = DIRECTION ( 'NONE',  ( 0.000000000000000000, 0.000000000000000000, 1.000000000000000000 ) ) ;
#3613 = DIRECTION ( 'NONE',  ( 0.000000000000000000, 0.000000000000000000, 1.000000000000000000 ) ) ;
#3614 = CARTESIAN_POINT ( 'NONE',  ( 28.42844072404631461, 3.000000000000000000, -30.00000000000002132 ) ) ;
#3615 = VECTOR ( 'NONE', #35, 1000.000000000000114 ) ;
#3616 = AXIS2_PLACEMENT_3D ( 'NONE', #342, #4967, #4015 ) ;
#3617 = PLANE ( 'NONE',  #281 ) ;
#3618 = DIRECTION ( 'NONE',  ( 0.000000000000000000, 0.000000000000000000, -1.000000000000000000 ) ) ;
#3619 = DIRECTION ( 'NONE',  ( 0.000000000000000000, 0.000000000000000000, -1.000000000000000000 ) ) ;
#3620 = VECTOR ( 'NONE', #854, 1000.000000000000000 ) ;
#3621 = VECTOR ( 'NONE', #1724, 1000.000000000000000 ) ;
#3622 = VERTEX_POINT ( 'NONE', #272 ) ;
#3623 = FACE_OUTER_BOUND ( 'NONE', #1545, .T. ) ;
#3624 = ADVANCED_FACE ( 'NONE', ( #1193 ), #242, .F. ) ;
#3625 = EDGE_CURVE ( 'NONE', #4749, #4114, #2266, .T. ) ;
#3626 = VERTEX_POINT ( 'NONE', #56 ) ;
#3627 = CARTESIAN_POINT ( 'NONE',  ( 63.04663118593860105, 0.000000000000000000, -29.99999999999986144 ) ) ;
#3628 = VERTEX_POINT ( 'NONE', #3637 ) ;
#3629 = CARTESIAN_POINT ( 'NONE',  ( -115.3644381985056953, 3.000000000000000000, 13.99999999999999822 ) ) ;
#3630 = EDGE_CURVE ( 'NONE', #5826, #1676, #457, .T. ) ;
#3631 = DIRECTION ( 'NONE',  ( 0.000000000000000000, 0.000000000000000000, 1.000000000000000000 ) ) ;
#3632 = EDGE_LOOP ( 'NONE', ( #3250, #3656, #3952, #5051 ) ) ;
#3633 = PLANE ( 'NONE',  #1805 ) ;
#3634 = EDGE_LOOP ( 'NONE', ( #608, #3358, #2249, #2090 ) ) ;
#3635 = ORIENTED_EDGE ( 'NONE', *, *, #657, .F. ) ;
#3636 = FACE_BOUND ( 'NONE', #4559, .T. ) ;
#3637 = CARTESIAN_POINT ( 'NONE',  ( 131.9999999999999432, 3.000000000000000000, -43.50991885387104219 ) ) ;
#3638 = VERTEX_POINT ( 'NONE', #1395 ) ;
#3639 = ORIENTED_EDGE ( 'NONE', *, *, #5424, .T. ) ;
#3640 = CARTESIAN_POINT ( 'NONE',  ( 63.04663118593860105, 0.000000000000000000, -54.99999999999986500 ) ) ;
#3641 = CARTESIAN_POINT ( 'NONE',  ( 42.99999999999992184, 0.000000000000000000, -90.00000000000005684 ) ) ;
#3642 = CARTESIAN_POINT ( 'NONE',  ( -115.3644381985056953, -0.001000000000000132727, 14.00000000000000178 ) ) ;
#3643 = ADVANCED_FACE ( 'NONE', ( #501 ), #3180, .F. ) ;
#3644 = LINE ( 'NONE', #1828, #5031 ) ;
#3645 = DIRECTION ( 'NONE',  ( 0.000000000000000000, 1.000000000000000000, 0.000000000000000000 ) ) ;
#3646 = CARTESIAN_POINT ( 'NONE',  ( 129.9999999999999432, 0.000000000000000000, 90.00000000000002842 ) ) ;
#3647 = ORIENTED_EDGE ( 'NONE', *, *, #1256, .F. ) ;
#3648 = DIRECTION ( 'NONE',  ( -0.000000000000000000, -1.000000000000000000, -0.000000000000000000 ) ) ;
#3649 = EDGE_CURVE ( 'NONE', #815, #3562, #2167, .T. ) ;
#3650 = ORIENTED_EDGE ( 'NONE', *, *, #1488, .F. ) ;
#3651 = EDGE_CURVE ( 'NONE', #3349, #2119, #4472, .T. ) ;
#3652 = ORIENTED_EDGE ( 'NONE', *, *, #5622, .T. ) ;
#3653 = CYLINDRICAL_SURFACE ( 'NONE', #3431, 1.250000000000007994 ) ;
#3654 = EDGE_CURVE ( 'NONE', #2714, #5379, #5473, .T. ) ;
#3655 = CARTESIAN_POINT ( 'NONE',  ( 63.04663118593871474, 0.000000000000000000, 54.99999999999986500 ) ) ;
#3656 = ORIENTED_EDGE ( 'NONE', *, *, #3649, .F. ) ;
#3657 = CARTESIAN_POINT ( 'NONE',  ( 83.04663118593860816, 3.000000000000000000, -55.00000000000000000 ) ) ;
#3658 = ORIENTED_EDGE ( 'NONE', *, *, #22, .F. ) ;
#3659 = EDGE_LOOP ( 'NONE', ( #4422, #1712, #3265, #2640 ) ) ;
#3660 = CARTESIAN_POINT ( 'NONE',  ( -155.7144381985054906, 3.000000000000000000, 64.67164498816627827 ) ) ;
#3661 = CARTESIAN_POINT ( 'NONE',  ( 55.76999999999998181, 0.000000000000000000, -79.20000000000004547 ) ) ;
#3662 = EDGE_LOOP ( 'NONE', ( #5115, #5113, #3355, #3105 ) ) ;
#3663 = ORIENTED_EDGE ( 'NONE', *, *, #3987, .T. ) ;
#3664 = CARTESIAN_POINT ( 'NONE',  ( -45.71443819850548351, 3.000000000000000000, 65.11903875405600672 ) ) ;
#3665 = LINE ( 'NONE', #5392, #1777 ) ;
#3666 = DIRECTION ( 'NONE',  ( 0.000000000000000000, 1.000000000000000000, 0.000000000000000000 ) ) ;
#3667 = ADVANCED_FACE ( 'NONE', ( #5030 ), #918, .F. ) ;
#3668 = CYLINDRICAL_SURFACE ( 'NONE', #5412, 1.600000000000011191 ) ;
#3670 = ORIENTED_EDGE ( 'NONE', *, *, #3139, .T. ) ;
#3669 = CARTESIAN_POINT ( 'NONE',  ( 93.04663118593870763, 3.001000000000000334, 55.00000000000000000 ) ) ;
#3671 = CYLINDRICAL_SURFACE ( 'NONE', #5807, 1.500000000000001332 ) ;
#3672 = EDGE_CURVE ( 'NONE', #3475, #674, #4086, .T. ) ;
#3673 = CARTESIAN_POINT ( 'NONE',  ( 6.246631185938725572, 0.000000000000000000, 54.99999999999999289 ) ) ;
#3674 = AXIS2_PLACEMENT_3D ( 'NONE', #4839, #3130, #2652 ) ;
#3675 = CIRCLE ( 'NONE', #821, 1.600000000000004086 ) ;
#3676 = ADVANCED_BREP_SHAPE_REPRESENTATION ( '\X2\59275e9576d8\X0\', ( #1665, #4832 ), #4071 ) ;
#3677 = EDGE_LOOP ( 'NONE', ( #621, #3170, #45, #3144 ) ) ;
#3678 = ORIENTED_EDGE ( 'NONE', *, *, #3651, .T. ) ;
#3679 = DIRECTION ( 'NONE',  ( -0.000000000000000000, 1.000000000000000000, -0.000000000000000000 ) ) ;
#3680 = VECTOR ( 'NONE', #88, 1000.000000000000000 ) ;
#3681 = EDGE_CURVE ( 'NONE', #1032, #86, #3572, .T. ) ;
#3682 = CARTESIAN_POINT ( 'NONE',  ( -144.7144381985054906, 3.000000000000000000, 31.30000000000029914 ) ) ;
#3683 = ADVANCED_FACE ( 'NONE', ( #3245 ), #5505, .F. ) ;
#3684 = CIRCLE ( 'NONE', #4073, 1.600000000000004086 ) ;
#3685 = ORIENTED_EDGE ( 'NONE', *, *, #5747, .T. ) ;
#3686 = CYLINDRICAL_SURFACE ( 'NONE', #568, 1.600000000000004086 ) ;
#3687 = ORIENTED_EDGE ( 'NONE', *, *, #3101, .T. ) ;
#3688 = ORIENTED_EDGE ( 'NONE', *, *, #2998, .F. ) ;
#3689 = AXIS2_PLACEMENT_3D ( 'NONE', #328, #5721, #831 ) ;
#3690 = DIRECTION ( 'NONE',  ( -0.000000000000000000, -1.000000000000000000, -0.000000000000000000 ) ) ;
#3691 = FACE_BOUND ( 'NONE', #4223, .T. ) ;
#3692 = DIRECTION ( 'NONE',  ( -0.000000000000000000, -1.000000000000000000, -0.000000000000000000 ) ) ;
#3693 = ADVANCED_FACE ( 'NONE', ( #5420 ), #7, .F. ) ;
#3694 = CIRCLE ( 'NONE', #2272, 1.600000000000004086 ) ;
#3695 = ORIENTED_EDGE ( 'NONE', *, *, #1899, .T. ) ;
#3696 = VERTEX_POINT ( 'NONE', #5061 ) ;
#3697 = DIRECTION ( 'NONE',  ( -0.000000000000000000, -1.000000000000000000, -0.000000000000000000 ) ) ;
#3698 = LINE ( 'NONE', #599, #3008 ) ;
#3699 = ADVANCED_FACE ( 'NONE', ( #1344 ), #2645, .F. ) ;
#3700 = PLANE ( 'NONE',  #4447 ) ;
#3701 = VECTOR ( 'NONE', #2033, 1000.000000000000000 ) ;
#3702 = DIRECTION ( 'NONE',  ( -0.000000000000000000, -1.000000000000000000, -0.000000000000000000 ) ) ;
#3704 = ORIENTED_EDGE ( 'NONE', *, *, #331, .T. ) ;
#3703 = PLANE ( 'NONE',  #1201 ) ;
#3705 = FACE_OUTER_BOUND ( 'NONE', #2957, .T. ) ;
#3706 = DIRECTION ( 'NONE',  ( 0.000000000000000000, 0.000000000000000000, 1.000000000000000000 ) ) ;
#3707 = CIRCLE ( 'NONE', #2097, 1.600000000000004086 ) ;
#3708 = CIRCLE ( 'NONE', #1611, 1.499999999999987566 ) ;
#3709 = ORIENTED_EDGE ( 'NONE', *, *, #2104, .T. ) ;
#3710 = VECTOR ( 'NONE', #5244, 1000.000000000000000 ) ;
#3711 = AXIS2_PLACEMENT_3D ( 'NONE', #5413, #4494, #2169 ) ;
#3712 = ORIENTED_EDGE ( 'NONE', *, *, #3625, .F. ) ;
#3713 = CARTESIAN_POINT ( 'NONE',  ( -6.957414193360682120, 0.000000000000000000, 80.24010619321096272 ) ) ;
#3714 = CARTESIAN_POINT ( 'NONE',  ( 15.30514119515825300, 3.000000000000000000, 119.9999999999999716 ) ) ;
#3715 = AXIS2_PLACEMENT_3D ( 'NONE', #5339, #4895, #2626 ) ;
#3716 = CIRCLE ( 'NONE', #1325, 12.50000000000000178 ) ;
#3717 = ORIENTED_EDGE ( 'NONE', *, *, #2670, .T. ) ;
#3718 = EDGE_CURVE ( 'NONE', #2191, #5388, #4526, .T. ) ;
#3719 = FACE_OUTER_BOUND ( 'NONE', #3931, .T. ) ;
#3720 = ORIENTED_EDGE ( 'NONE', *, *, #4122, .T. ) ;
#3721 = ORIENTED_EDGE ( 'NONE', *, *, #5789, .F. ) ;
#3722 = CARTESIAN_POINT ( 'NONE',  ( 14.64663118593861135, 0.000000000000000000, -29.99999999999991473 ) ) ;
#3723 = FACE_BOUND ( 'NONE', #2490, .T. ) ;
#3724 = LINE ( 'NONE', #3842, #5305 ) ;
#3725 = EDGE_CURVE ( 'NONE', #430, #2869, #2732, .T. ) ;
#3726 = ORIENTED_EDGE ( 'NONE', *, *, #5860, .F. ) ;
#3727 = VERTEX_POINT ( 'NONE', #891 ) ;
#3728 = EDGE_LOOP ( 'NONE', ( #2289, #1241, #2362, #2612 ) ) ;
#3729 = DIRECTION ( 'NONE',  ( 0.000000000000000000, 0.000000000000000000, -1.000000000000000000 ) ) ;
#3730 = CARTESIAN_POINT ( 'NONE',  ( 24.64663118593861313, 0.000000000000000000, -54.99999999999985789 ) ) ;
#3731 = EDGE_CURVE ( 'NONE', #1676, #2211, #4554, .T. ) ;
#3732 = DIRECTION ( 'NONE',  ( -4.336808689942017736E-16, -0.000000000000000000, -1.000000000000000000 ) ) ;
#3733 = EDGE_CURVE ( 'NONE', #5310, #4011, #3155, .T. ) ;
#3734 = DIRECTION ( 'NONE',  ( 0.000000000000000000, 0.000000000000000000, 1.000000000000000000 ) ) ;
#3735 = FACE_OUTER_BOUND ( 'NONE', #3632, .T. ) ;
#3736 = CARTESIAN_POINT ( 'NONE',  ( -45.71443819850549772, 3.001000000000000334, -62.38096124594397196 ) ) ;
#3737 = DIRECTION ( 'NONE',  ( 0.000000000000000000, -1.000000000000000000, 0.000000000000000000 ) ) ;
#3738 = ORIENTED_EDGE ( 'NONE', *, *, #3369, .F. ) ;
#3739 = ORIENTED_EDGE ( 'NONE', *, *, #1245, .T. ) ;
#3740 = DIRECTION ( 'NONE',  ( -0.000000000000000000, -1.000000000000000000, -0.000000000000000000 ) ) ;
#3741 = CARTESIAN_POINT ( 'NONE',  ( 63.04663118593871474, 3.000000000000000000, 54.99999999999986500 ) ) ;
#3742 = VERTEX_POINT ( 'NONE', #3661 ) ;
#3743 = PLANE ( 'NONE',  #761 ) ;
#3744 = EDGE_LOOP ( 'NONE', ( #294, #1063, #3635, #920, #4875 ) ) ;
#3745 = EDGE_LOOP ( 'NONE', ( #1721, #267 ) ) ;
#3746 = CARTESIAN_POINT ( 'NONE',  ( 16.24663118593861100, 3.001000000000000334, -29.99999999999991473 ) ) ;
#3747 = FACE_BOUND ( 'NONE', #4396, .T. ) ;
#3748 = CC_DESIGN_PERSON_AND_ORGANIZATION_ASSIGNMENT ( #295, #1185, ( #143 ) ) ;
#3749 = LINE ( 'NONE', #1994, #1317 ) ;
#3750 = ORIENTED_EDGE ( 'NONE', *, *, #2053, .F. ) ;
#3751 = ORIENTED_EDGE ( 'NONE', *, *, #1685, .T. ) ;
#3752 = ORIENTED_EDGE ( 'NONE', *, *, #2981, .T. ) ;
#3753 = CARTESIAN_POINT ( 'NONE',  ( -33.35741419336066826, 3.000000000000000000, -44.24010619321096982 ) ) ;
#3754 = EDGE_CURVE ( 'NONE', #5144, #2448, #1844, .T. ) ;
#3755 = CARTESIAN_POINT ( 'NONE',  ( -145.3644381985056953, 3.000000000000000000, -13.99999999999999645 ) ) ;
#3756 = CARTESIAN_POINT ( 'NONE',  ( 159.9999999999999432, 3.000000000000000000, 89.99999999999981526 ) ) ;
#3757 = EDGE_CURVE ( 'NONE', #3628, #2611, #3117, .T. ) ;
#3758 = FACE_OUTER_BOUND ( 'NONE', #1161, .T. ) ;
#3759 = CARTESIAN_POINT ( 'NONE',  ( -125.7144381985055333, 3.000000000000000000, 64.67164498816627827 ) ) ;
#3760 = CARTESIAN_POINT ( 'NONE',  ( 13.04663118593871651, 0.000000000000000000, 54.99999999999992184 ) ) ;
#3761 = CARTESIAN_POINT ( 'NONE',  ( 18.49999999999951683, 0.000000000000000000, -21.49999999999834088 ) ) ;
#3762 = ORIENTED_EDGE ( 'NONE', *, *, #1327, .F. ) ;
#3763 = LINE ( 'NONE', #2925, #1815 ) ;
#3764 = ORIENTED_EDGE ( 'NONE', *, *, #4237, .F. ) ;
#3765 = LINE ( 'NONE', #1894, #3334 ) ;
#3766 = AXIS2_PLACEMENT_3D ( 'NONE', #2979, #5570, #1078 ) ;
#3767 = VECTOR ( 'NONE', #17, 1000.000000000000000 ) ;
#3768 = EDGE_CURVE ( 'NONE', #2091, #1482, #3724, .T. ) ;
#3769 = CARTESIAN_POINT ( 'NONE',  ( -6.957414193360697219, -7.000000000000000000, -80.24010619321096272 ) ) ;
#3770 = ORIENTED_EDGE ( 'NONE', *, *, #4965, .T. ) ;
#3771 = CIRCLE ( 'NONE', #2720, 29.99999999999997158 ) ;
#3772 = CARTESIAN_POINT ( 'NONE',  ( 13.04663118593871118, 0.000000000000000000, 54.99999999999992184 ) ) ;
#3773 = AXIS2_PLACEMENT_3D ( 'NONE', #569, #99, #150 ) ;
#3774 = ORIENTED_EDGE ( 'NONE', *, *, #3925, .T. ) ;
#3775 = VERTEX_POINT ( 'NONE', #4294 ) ;
#3776 = CARTESIAN_POINT ( 'NONE',  ( 93.04663118593860816, 3.000000000000000000, -55.00000000000000000 ) ) ;
#3777 = CARTESIAN_POINT ( 'NONE',  ( -3.757414193360730792, 0.000000000000000000, 89.99999999999997158 ) ) ;
#3778 = VECTOR ( 'NONE', #1197, 1000.000000000000000 ) ;
#3779 = DIRECTION ( 'NONE',  ( 1.000000000000000000, 0.000000000000000000, -0.000000000000000000 ) ) ;
#3780 = CIRCLE ( 'NONE', #3107, 1.600000000000038947 ) ;
#3781 = DIRECTION ( 'NONE',  ( -1.927470528863119542E-16, 0.000000000000000000, 1.000000000000000000 ) ) ;
#3782 = ORIENTED_EDGE ( 'NONE', *, *, #1713, .F. ) ;
#3783 = AXIS2_PLACEMENT_3D ( 'NONE', #3881, #3545, #1280 ) ;
#3784 = EDGE_LOOP ( 'NONE', ( #5358, #1536, #3833, #979, #2999 ) ) ;
#3785 = ORIENTED_EDGE ( 'NONE', *, *, #4196, .F. ) ;
#3786 = DIRECTION ( 'NONE',  ( 0.000000000000000000, 0.000000000000000000, -1.000000000000000000 ) ) ;
#3787 = DIRECTION ( 'NONE',  ( 1.000000000000000000, 0.000000000000000000, -3.854941057726238097E-16 ) ) ;
#3788 = LINE ( 'NONE', #1939, #3015 ) ;
#3789 = AXIS2_PLACEMENT_3D ( 'NONE', #2608, #349, #5766 ) ;
#3790 = EDGE_CURVE ( 'NONE', #1150, #2091, #3694, .T. ) ;
#3791 = CARTESIAN_POINT ( 'NONE',  ( 94.64663118593860247, 3.001000000000000334, -56.60000000000000142 ) ) ;
#3792 = CIRCLE ( 'NONE', #3789, 1.600000000000004086 ) ;
#3793 = CARTESIAN_POINT ( 'NONE',  ( -115.7144381985054906, 3.000000000000000000, 63.61903875405599962 ) ) ;
#3794 = CARTESIAN_POINT ( 'NONE',  ( 63.04663118593871474, 0.000000000000000000, 29.99999999999986144 ) ) ;
#3795 = DIRECTION ( 'NONE',  ( 0.000000000000000000, 0.000000000000000000, 1.000000000000000000 ) ) ;
#3796 = CIRCLE ( 'NONE', #751, 1.600000000000004086 ) ;
#3797 = VERTEX_POINT ( 'NONE', #2463 ) ;
#3798 = FACE_OUTER_BOUND ( 'NONE', #3662, .T. ) ;
#3799 = ORIENTED_EDGE ( 'NONE', *, *, #2042, .F. ) ;
#3800 = CARTESIAN_POINT ( 'NONE',  ( 131.9999999999999432, -0.001000000000000132727, -43.50991885387104219 ) ) ;
#3801 = AXIS2_PLACEMENT_3D ( 'NONE', #719, #2146, #2536 ) ;
#3802 = EDGE_CURVE ( 'NONE', #3242, #2971, #2024, .T. ) ;
#3803 = CARTESIAN_POINT ( 'NONE',  ( -144.7144381985054906, -5.000000000000000000, 32.55000000000030980 ) ) ;
#3804 = EDGE_CURVE ( 'NONE', #378, #4011, #592, .T. ) ;
#3805 = VECTOR ( 'NONE', #2333, 1000.000000000000000 ) ;
#3806 = VERTEX_POINT ( 'NONE', #4173 ) ;
#3807 = CIRCLE ( 'NONE', #1418, 1.499999999999987566 ) ;
#3808 = DIRECTION ( 'NONE',  ( 1.000000000000000000, 0.000000000000000000, -2.775557561562891844E-16 ) ) ;
#3809 = ORIENTED_EDGE ( 'NONE', *, *, #2636, .T. ) ;
#3810 = ORIENTED_EDGE ( 'NONE', *, *, #809, .T. ) ;
#3811 = DIRECTION ( 'NONE',  ( 0.000000000000000000, 0.000000000000000000, 1.000000000000000000 ) ) ;
#3812 = DIRECTION ( 'NONE',  ( 0.000000000000000000, 0.000000000000000000, -1.000000000000000000 ) ) ;
#3813 = VECTOR ( 'NONE', #5098, 1000.000000000000000 ) ;
#3814 = AXIS2_PLACEMENT_3D ( 'NONE', #2940, #5176, #2527 ) ;
#3815 = DIRECTION ( 'NONE',  ( 0.000000000000000000, 1.000000000000000000, 0.000000000000000000 ) ) ;
#3816 = CYLINDRICAL_SURFACE ( 'NONE', #1809, 1.500000000000001332 ) ;
#3817 = EDGE_LOOP ( 'NONE', ( #2791, #4761, #4244, #1783 ) ) ;
#3818 = EDGE_LOOP ( 'NONE', ( #3762, #258, #3408, #3241 ) ) ;
#3819 = VERTEX_POINT ( 'NONE', #5620 ) ;
#3820 = CARTESIAN_POINT ( 'NONE',  ( -31.75741419336067395, 3.000000000000000000, 44.24010619321096982 ) ) ;
#3821 = DIRECTION ( 'NONE',  ( -0.000000000000000000, -1.000000000000000000, -0.000000000000000000 ) ) ;
#3822 = CARTESIAN_POINT ( 'NONE',  ( 84.64663118593871616, 0.000000000000000000, 30.00000000000000000 ) ) ;
#3823 = CIRCLE ( 'NONE', #2206, 1.600000000000004086 ) ;
#3824 = CARTESIAN_POINT ( 'NONE',  ( 76.24663118593862521, 3.000000000000000000, -29.99999999999992895 ) ) ;
#3825 = CARTESIAN_POINT ( 'NONE',  ( -33.35741419336067537, 0.000000000000000000, 81.84010619321098545 ) ) ;
#3826 = CARTESIAN_POINT ( 'NONE',  ( 117.9999999999999432, 0.000000000000000000, 42.09008114612898765 ) ) ;
#3827 = DIRECTION ( 'NONE',  ( 0.000000000000000000, 0.000000000000000000, -1.000000000000000000 ) ) ;
#3828 = EDGE_CURVE ( 'NONE', #757, #674, #1226, .T. ) ;
#3829 = VERTEX_POINT ( 'NONE', #4204 ) ;
#3830 = CARTESIAN_POINT ( 'NONE',  ( 74.64663118593861668, 0.000000000000000000, -29.99999999999992895 ) ) ;
#3831 = CARTESIAN_POINT ( 'NONE',  ( 66.24663118593872468, 3.000000000000000000, 54.99999999999986500 ) ) ;
#3832 = EDGE_CURVE ( 'NONE', #132, #2522, #173, .T. ) ;
#3833 = ORIENTED_EDGE ( 'NONE', *, *, #411, .T. ) ;
#3834 = PLANE ( 'NONE',  #5784 ) ;
#3835 = EDGE_CURVE ( 'NONE', #1990, #3428, #1481, .T. ) ;
#3836 = ORIENTED_EDGE ( 'NONE', *, *, #3398, .F. ) ;
#3837 = DIRECTION ( 'NONE',  ( 0.000000000000000000, 1.000000000000000000, 0.000000000000000000 ) ) ;
#3838 = ORIENTED_EDGE ( 'NONE', *, *, #4597, .T. ) ;
#3839 = ORIENTED_EDGE ( 'NONE', *, *, #5060, .T. ) ;
#3840 = PERSON_AND_ORGANIZATION ( #4591, #3204 ) ;
#3841 = DIRECTION ( 'NONE',  ( -0.000000000000000000, -1.000000000000000000, -0.000000000000000000 ) ) ;
#3842 = CARTESIAN_POINT ( 'NONE',  ( 86.24663118593872468, 0.000000000000000000, 55.00000000000000000 ) ) ;
#3843 = DIRECTION ( 'NONE',  ( 0.000000000000000000, 0.000000000000000000, 1.000000000000000000 ) ) ;
#3844 = EDGE_LOOP ( 'NONE', ( #3982, #140, #237, #1022 ) ) ;
#3845 = EDGE_LOOP ( 'NONE', ( #1145, #4614, #2142, #4529 ) ) ;
#3846 = EDGE_LOOP ( 'NONE', ( #2578, #3770 ) ) ;
#3847 = LINE ( 'NONE', #5653, #3710 ) ;
#3848 = DIRECTION ( 'NONE',  ( -0.000000000000000000, -1.000000000000000000, -0.000000000000000000 ) ) ;
#3849 = CARTESIAN_POINT ( 'NONE',  ( 131.9999999999999432, 3.000000000000000000, 42.09008114612898765 ) ) ;
#3850 = ADVANCED_FACE ( 'NONE', ( #5646 ), #3390, .F. ) ;
#3851 = EDGE_CURVE ( 'NONE', #4896, #4945, #5149, .T. ) ;
#3852 = CARTESIAN_POINT ( 'NONE',  ( 23.04663118593861526, 3.001000000000000334, -29.99999999999986144 ) ) ;
#3853 = DIRECTION ( 'NONE',  ( -1.000000000000000000, 0.000000000000000000, -4.839898824559572281E-16 ) ) ;
#3854 = CARTESIAN_POINT ( 'NONE',  ( 99.76999999999999602, 3.000000000000000000, -74.40000000000006253 ) ) ;
#3855 = CARTESIAN_POINT ( 'NONE',  ( 84.64663118593861668, 0.000000000000000000, -55.00000000000000000 ) ) ;
#3856 = VERTEX_POINT ( 'NONE', #2820 ) ;
#3857 = DIRECTION ( 'NONE',  ( -0.000000000000000000, -1.000000000000000000, -0.000000000000000000 ) ) ;
#3858 = EDGE_CURVE ( 'NONE', #2340, #4828, #3749, .T. ) ;
#3859 = CARTESIAN_POINT ( 'NONE',  ( 131.9999999999999432, 3.000000000000000000, 43.69008114612898197 ) ) ;
#3860 = ORIENTED_EDGE ( 'NONE', *, *, #3832, .F. ) ;
#3861 = LINE ( 'NONE', #1650, #3122 ) ;
#3862 = ORIENTED_EDGE ( 'NONE', *, *, #3832, .T. ) ;
#3863 = CARTESIAN_POINT ( 'NONE',  ( 16.24663118593861455, 3.000000000000000000, -29.99999999999991473 ) ) ;
#3864 = ORIENTED_EDGE ( 'NONE', *, *, #3630, .F. ) ;
#3865 = ADVANCED_FACE ( 'NONE', ( #1909 ), #649, .F. ) ;
#3866 = EDGE_LOOP ( 'NONE', ( #1244, #588, #697, #4966 ) ) ;
#3867 = CIRCLE ( 'NONE', #1309, 1.600000000000018074 ) ;
#3868 = DATE_AND_TIME ( #2523, #3017 ) ;
#3869 = DIRECTION ( 'NONE',  ( -0.000000000000000000, -1.000000000000000000, -0.000000000000000000 ) ) ;
#3870 = EDGE_CURVE ( 'NONE', #1482, #3395, #3409, .T. ) ;
#3871 = LINE ( 'NONE', #2085, #646 ) ;
#3872 = VECTOR ( 'NONE', #2918, 1000.000000000000000 ) ;
#3873 = FACE_OUTER_BOUND ( 'NONE', #5490, .T. ) ;
#3874 = AXIS2_PLACEMENT_3D ( 'NONE', #1010, #3305, #2385 ) ;
#3875 = VERTEX_POINT ( 'NONE', #144 ) ;
#3876 = ORIENTED_EDGE ( 'NONE', *, *, #4133, .F. ) ;
#3877 = ORIENTED_EDGE ( 'NONE', *, *, #3923, .F. ) ;
#3878 = CARTESIAN_POINT ( 'NONE',  ( 64.64663118593860247, 0.000000000000000000, -54.99999999999986500 ) ) ;
#3879 = DIRECTION ( 'NONE',  ( 0.000000000000000000, -1.000000000000000000, 0.000000000000000000 ) ) ;
#3880 = AXIS2_PLACEMENT_3D ( 'NONE', #777, #1130, #4300 ) ;
#3881 = CARTESIAN_POINT ( 'NONE',  ( 4.646631185938623787, 3.001000000000000334, -29.99999999999998579 ) ) ;
#3882 = EDGE_CURVE ( 'NONE', #2318, #931, #5590, .T. ) ;
#3883 = ADVANCED_FACE ( 'NONE', ( #4227 ), #5087, .F. ) ;
#3884 = VECTOR ( 'NONE', #1882, 1000.000000000000000 ) ;
#3885 = VECTOR ( 'NONE', #103, 1000.000000000000000 ) ;
#3886 = LINE ( 'NONE', #1940, #1414 ) ;
#3887 = EDGE_CURVE ( 'NONE', #4317, #2891, #3336, .T. ) ;
#3888 = CARTESIAN_POINT ( 'NONE',  ( -6.957414193360683896, 0.000000000000000000, 90.00000000000000000 ) ) ;
#3889 = CARTESIAN_POINT ( 'NONE',  ( -3.757414193360665067, 0.000000000000000000, 80.24010619321096272 ) ) ;
#3890 = AXIS2_PLACEMENT_3D ( 'NONE', #2592, #2061, #306 ) ;
#3891 = DIRECTION ( 'NONE',  ( 0.000000000000000000, 0.000000000000000000, 1.000000000000000000 ) ) ;
#3892 = ORIENTED_EDGE ( 'NONE', *, *, #1876, .T. ) ;
#3893 = AXIS2_PLACEMENT_3D ( 'NONE', #1159, #2168, #1722 ) ;
#3894 = LINE ( 'NONE', #133, #3915 ) ;
#3895 = DIRECTION ( 'NONE',  ( -0.000000000000000000, 1.000000000000000000, -0.000000000000000000 ) ) ;
#3896 = VERTEX_POINT ( 'NONE', #4698 ) ;
#3897 = VECTOR ( 'NONE', #5108, 1000.000000000000000 ) ;
#3898 = DIRECTION ( 'NONE',  ( -0.000000000000000000, 1.000000000000000000, -0.000000000000000000 ) ) ;
#3899 = VERTEX_POINT ( 'NONE', #176 ) ;
#3900 = DIRECTION ( 'NONE',  ( -0.000000000000000000, -1.000000000000000000, -0.000000000000000000 ) ) ;
#3901 = AXIS2_PLACEMENT_3D ( 'NONE', #5483, #2275, #3734 ) ;
#3902 = ORIENTED_EDGE ( 'NONE', *, *, #4033, .F. ) ;
#3903 = ORIENTED_EDGE ( 'NONE', *, *, #3276, .F. ) ;
#3904 = APPROVAL_DATE_TIME ( #5289, #5853 ) ;
#3905 = CARTESIAN_POINT ( 'NONE',  ( 30.22999999999997200, 0.000000000000000000, 74.40000000000004832 ) ) ;
#3906 = DIRECTION ( 'NONE',  ( 0.000000000000000000, 0.000000000000000000, 1.000000000000000000 ) ) ;
#3907 = AXIS2_PLACEMENT_3D ( 'NONE', #5091, #1008, #3786 ) ;
#3908 = VECTOR ( 'NONE', #5344, 1000.000000000000000 ) ;
#3909 = EDGE_CURVE ( 'NONE', #5319, #493, #5120, .T. ) ;
#3910 = CARTESIAN_POINT ( 'NONE',  ( 129.9999999999996874, 3.000000000000000000, -119.9999999999999716 ) ) ;
#3911 = ORIENTED_EDGE ( 'NONE', *, *, #1020, .T. ) ;
#3912 = ORIENTED_EDGE ( 'NONE', *, *, #2991, .F. ) ;
#3913 = EDGE_LOOP ( 'NONE', ( #4503, #2361, #1398, #5649 ) ) ;
#3914 = AXIS2_PLACEMENT_3D ( 'NONE', #4735, #1515, #5154 ) ;
#3915 = VECTOR ( 'NONE', #5699, 1000.000000000000000 ) ;
#3916 = CARTESIAN_POINT ( 'NONE',  ( -115.7144381985054906, 0.000000000000000000, 65.11903875405600672 ) ) ;
#3917 = EDGE_CURVE ( 'NONE', #3856, #4896, #1980, .T. ) ;
#3918 = DIRECTION ( 'NONE',  ( 0.000000000000000000, 0.000000000000000000, -1.000000000000000000 ) ) ;
#3919 = VECTOR ( 'NONE', #3950, 1000.000000000000000 ) ;
#3920 = CARTESIAN_POINT ( 'NONE',  ( 15.30514119515825300, 3.000000000000000000, 119.9999999999999716 ) ) ;
#3921 = DIRECTION ( 'NONE',  ( 0.000000000000000000, 0.000000000000000000, 1.000000000000000000 ) ) ;
#3922 = DIRECTION ( 'NONE',  ( -0.000000000000000000, -1.000000000000000000, -0.000000000000000000 ) ) ;
#3923 = EDGE_CURVE ( 'NONE', #2222, #2971, #2969, .T. ) ;
#3924 = DIRECTION ( 'NONE',  ( -1.927470528863119049E-16, 0.000000000000000000, -1.000000000000000000 ) ) ;
#3925 = EDGE_CURVE ( 'NONE', #2729, #4791, #5494, .T. ) ;
#3926 = VERTEX_POINT ( 'NONE', #3481 ) ;
#3927 = DIRECTION ( 'NONE',  ( 0.000000000000000000, 0.000000000000000000, 1.000000000000000000 ) ) ;
#3928 = DIRECTION ( 'NONE',  ( -0.000000000000000000, 0.000000000000000000, 1.000000000000000000 ) ) ;
#3929 = ORIENTED_EDGE ( 'NONE', *, *, #3948, .T. ) ;
#3930 = CARTESIAN_POINT ( 'NONE',  ( 84.64663118593861668, 3.001000000000000334, -30.00000000000000000 ) ) ;
#3931 = EDGE_LOOP ( 'NONE', ( #415, #5821, #2456, #3996 ) ) ;
#3932 = FACE_OUTER_BOUND ( 'NONE', #2898, .T. ) ;
#3933 = ORIENTED_EDGE ( 'NONE', *, *, #4138, .F. ) ;
#3934 = ORIENTED_EDGE ( 'NONE', *, *, #5322, .T. ) ;
#3935 = CARTESIAN_POINT ( 'NONE',  ( 4.646631185938609576, 3.001000000000000334, -56.59999999999999432 ) ) ;
#3936 = DIRECTION ( 'NONE',  ( 0.000000000000000000, 0.000000000000000000, 1.000000000000000000 ) ) ;
#3937 = DIRECTION ( 'NONE',  ( -0.000000000000000000, -1.000000000000000000, -0.000000000000000000 ) ) ;
#3938 = EDGE_LOOP ( 'NONE', ( #5709, #5161 ) ) ;
#3939 = ORIENTED_EDGE ( 'NONE', *, *, #5354, .F. ) ;
#3940 = VERTEX_POINT ( 'NONE', #4823 ) ;
#3941 = CC_DESIGN_DATE_AND_TIME_ASSIGNMENT ( #3868, #2083, ( #927 ) ) ;
#3942 = LINE ( 'NONE', #2975, #1211 ) ;
#3943 = FACE_OUTER_BOUND ( 'NONE', #5465, .T. ) ;
#3944 = DIRECTION ( 'NONE',  ( -0.000000000000000000, -1.000000000000000000, -0.000000000000000000 ) ) ;
#3945 = DIRECTION ( 'NONE',  ( 0.000000000000000000, 0.000000000000000000, -1.000000000000000000 ) ) ;
#3946 = FACE_OUTER_BOUND ( 'NONE', #4979, .T. ) ;
#3947 = CARTESIAN_POINT ( 'NONE',  ( 74.22999999999996135, 0.000000000000000000, 82.40000000000007674 ) ) ;
#3948 = EDGE_CURVE ( 'NONE', #4089, #2691, #5292, .T. ) ;
#3949 = DIRECTION ( 'NONE',  ( -0.000000000000000000, 1.000000000000000000, -0.000000000000000000 ) ) ;
#3950 = DIRECTION ( 'NONE',  ( -0.000000000000000000, -1.000000000000000000, -0.000000000000000000 ) ) ;
#3951 = EDGE_CURVE ( 'NONE', #1358, #3214, #1216, .T. ) ;
#3952 = ORIENTED_EDGE ( 'NONE', *, *, #1671, .T. ) ;
#3953 = DIRECTION ( 'NONE',  ( 0.000000000000000000, 0.000000000000000000, 1.000000000000000000 ) ) ;
#3954 = VERTEX_POINT ( 'NONE', #711 ) ;
#3955 = CARTESIAN_POINT ( 'NONE',  ( 86.24663118593872468, 3.000000000000000000, 55.00000000000000000 ) ) ;
#3956 = VERTEX_POINT ( 'NONE', #770 ) ;
#3957 = ORIENTED_EDGE ( 'NONE', *, *, #2738, .T. ) ;
#3958 = EDGE_CURVE ( 'NONE', #4859, #1997, #2584, .T. ) ;
#3959 = DIRECTION ( 'NONE',  ( 0.000000000000000000, 0.000000000000000000, -1.000000000000000000 ) ) ;
#3960 = DIRECTION ( 'NONE',  ( 0.000000000000000000, 0.000000000000000000, 1.000000000000000000 ) ) ;
#3961 = CYLINDRICAL_SURFACE ( 'NONE', #2650, 1.600000000000004086 ) ;
#3962 = EDGE_LOOP ( 'NONE', ( #1306, #4167 ) ) ;
#3963 = VERTEX_POINT ( 'NONE', #740 ) ;
#3964 = DIRECTION ( 'NONE',  ( -0.000000000000000000, -1.000000000000000000, -0.000000000000000000 ) ) ;
#3965 = VECTOR ( 'NONE', #3439, 1000.000000000000000 ) ;
#3966 = DIRECTION ( 'NONE',  ( -0.000000000000000000, 1.000000000000000000, -0.000000000000000000 ) ) ;
#3967 = VECTOR ( 'NONE', #5563, 1000.000000000000000 ) ;
#3968 = DIRECTION ( 'NONE',  ( 1.541976423090498838E-16, 0.000000000000000000, 1.000000000000000000 ) ) ;
#3969 = VECTOR ( 'NONE', #3486, 1000.000000000000000 ) ;
#3970 = DIRECTION ( 'NONE',  ( -0.000000000000000000, -1.000000000000000000, -0.000000000000000000 ) ) ;
#3971 = DIRECTION ( 'NONE',  ( -0.000000000000000000, -1.000000000000000000, -0.000000000000000000 ) ) ;
#3972 = FACE_OUTER_BOUND ( 'NONE', #2588, .T. ) ;
#3973 = LOCAL_TIME ( 22, 22, 4.000000000000000000, #3453 ) ;
#3974 = EDGE_CURVE ( 'NONE', #4691, #5282, #3029, .T. ) ;
#3975 = LINE ( 'NONE', #2625, #1895 ) ;
#3976 = AXIS2_PLACEMENT_3D ( 'NONE', #357, #2144, #4833 ) ;
#3977 = CARTESIAN_POINT ( 'NONE',  ( 129.9999999999999147, 0.000000000000000000, -89.99999999999997158 ) ) ;
#3978 = ORIENTED_EDGE ( 'NONE', *, *, #5755, .F. ) ;
#3979 = EDGE_CURVE ( 'NONE', #212, #5639, #4794, .T. ) ;
#3980 = CARTESIAN_POINT ( 'NONE',  ( 94.64663118593871616, 0.000000000000000000, 30.00000000000000000 ) ) ;
#3981 = CIRCLE ( 'NONE', #2923, 1.600000000000004086 ) ;
#3982 = ORIENTED_EDGE ( 'NONE', *, *, #1977, .T. ) ;
#3983 = DIRECTION ( 'NONE',  ( -0.000000000000000000, 1.000000000000000000, -0.000000000000000000 ) ) ;
#3984 = ORIENTED_EDGE ( 'NONE', *, *, #5212, .T. ) ;
#3985 = FACE_OUTER_BOUND ( 'NONE', #2332, .T. ) ;
#3986 = ORIENTED_EDGE ( 'NONE', *, *, #3649, .T. ) ;
#3987 = EDGE_CURVE ( 'NONE', #5374, #5286, #5021, .T. ) ;
#3988 = EDGE_CURVE ( 'NONE', #3317, #4847, #3792, .T. ) ;
#3989 = LINE ( 'NONE', #4347, #1221 ) ;
#3990 = VECTOR ( 'NONE', #128, 1000.000000000000000 ) ;
#3991 = CARTESIAN_POINT ( 'NONE',  ( -145.3644381985056953, 0.000000000000000000, 14.00000000000000178 ) ) ;
#3992 = AXIS2_PLACEMENT_3D ( 'NONE', #4974, #387, #885 ) ;
#3993 = DIRECTION ( 'NONE',  ( 0.000000000000000000, -1.000000000000000000, 0.000000000000000000 ) ) ;
#3994 = VERTEX_POINT ( 'NONE', #2557 ) ;
#3995 = EDGE_CURVE ( 'NONE', #834, #5652, #3989, .T. ) ;
#3996 = ORIENTED_EDGE ( 'NONE', *, *, #2808, .F. ) ;
#3997 = FACE_BOUND ( 'NONE', #5703, .T. ) ;
#3998 = CIRCLE ( 'NONE', #4947, 1.600000000000004086 ) ;
#3999 = DIRECTION ( 'NONE',  ( 0.000000000000000000, 0.000000000000000000, 1.000000000000000000 ) ) ;
#4000 = AXIS2_PLACEMENT_3D ( 'NONE', #882, #1298, #3430 ) ;
#4001 = CIRCLE ( 'NONE', #5330, 29.99999999999997868 ) ;
#4002 = ORIENTED_EDGE ( 'NONE', *, *, #4680, .F. ) ;
#4003 = DIRECTION ( 'NONE',  ( 4.839898824559572281E-16, 0.000000000000000000, -1.000000000000000000 ) ) ;
#4004 = DIRECTION ( 'NONE',  ( 0.000000000000000000, 0.000000000000000000, 1.000000000000000000 ) ) ;
#4005 = DIRECTION ( 'NONE',  ( 0.000000000000000000, 0.000000000000000000, 1.000000000000000000 ) ) ;
#4006 = CARTESIAN_POINT ( 'NONE',  ( -45.71443819850548351, 3.000000000000000000, 62.11903875405600672 ) ) ;
#4007 = AXIS2_PLACEMENT_3D ( 'NONE', #4065, #3222, #898 ) ;
#4008 = CARTESIAN_POINT ( 'NONE',  ( 76.24663118593862521, 0.000000000000000000, -54.99999999999993605 ) ) ;
#4009 = CARTESIAN_POINT ( 'NONE',  ( 55.76999999999998181, 0.000000000000000000, -80.80000000000005400 ) ) ;
#4010 = DIRECTION ( 'NONE',  ( 2.775557561562891844E-16, 0.000000000000000000, 1.000000000000000000 ) ) ;
#4011 = VERTEX_POINT ( 'NONE', #322 ) ;
#4012 = ADVANCED_FACE ( 'NONE', ( #1631 ), #1123, .F. ) ;
#4013 = VECTOR ( 'NONE', #1889, 1000.000000000000000 ) ;
#4014 = ORIENTED_EDGE ( 'NONE', *, *, #710, .F. ) ;
#4015 = DIRECTION ( 'NONE',  ( 0.000000000000000000, 0.000000000000000000, 1.000000000000000000 ) ) ;
#4016 = EDGE_CURVE ( 'NONE', #1478, #2493, #5713, .T. ) ;
#4017 = ORIENTED_EDGE ( 'NONE', *, *, #5836, .T. ) ;
#4018 = CARTESIAN_POINT ( 'NONE',  ( 60.22999999999996135, 0.000000000000000000, 71.20000000000007390 ) ) ;
#4019 = ORIENTED_EDGE ( 'NONE', *, *, #3553, .F. ) ;
#4020 = CARTESIAN_POINT ( 'NONE',  ( -34.95741419336068390, -7.000000000000000000, 44.24010619321097693 ) ) ;
#4021 = ADVANCED_FACE ( 'NONE', ( #4321 ), #234, .F. ) ;
#4022 = FACE_OUTER_BOUND ( 'NONE', #2394, .T. ) ;
#4023 = DIRECTION ( 'NONE',  ( -0.000000000000000000, 1.000000000000000000, -0.000000000000000000 ) ) ;
#4024 = VERTEX_POINT ( 'NONE', #2052 ) ;
#4025 = ORIENTED_EDGE ( 'NONE', *, *, #1907, .F. ) ;
#4026 = FACE_BOUND ( 'NONE', #1190, .T. ) ;
#4027 = DIRECTION ( 'NONE',  ( -0.000000000000000000, -1.000000000000000000, -0.000000000000000000 ) ) ;
#4028 = ORIENTED_EDGE ( 'NONE', *, *, #5679, .T. ) ;
#4029 = ORIENTED_EDGE ( 'NONE', *, *, #4965, .F. ) ;
#4030 = DIRECTION ( 'NONE',  ( -0.000000000000000000, -1.000000000000000000, -0.000000000000000000 ) ) ;
#4031 = DIRECTION ( 'NONE',  ( -0.000000000000000000, -1.000000000000000000, -0.000000000000000000 ) ) ;
#4032 = CARTESIAN_POINT ( 'NONE',  ( 23.04663118593860816, 3.000000000000000000, -54.99999999999985789 ) ) ;
#4033 = EDGE_CURVE ( 'NONE', #3056, #997, #3871, .T. ) ;
#4034 = DIRECTION ( 'NONE',  ( 0.000000000000000000, 0.000000000000000000, 1.000000000000000000 ) ) ;
#4035 = CARTESIAN_POINT ( 'NONE',  ( 76.24663118593873889, 3.001000000000000334, 29.99999999999992895 ) ) ;
#4036 = PLANE ( 'NONE',  #1862 ) ;
#4037 = DIRECTION ( 'NONE',  ( -0.000000000000000000, -1.000000000000000000, -0.000000000000000000 ) ) ;
#4038 = EDGE_LOOP ( 'NONE', ( #2895, #3652, #1411, #4326 ) ) ;
#4039 = DIRECTION ( 'NONE',  ( 0.000000000000000000, 0.000000000000000000, 1.000000000000000000 ) ) ;
#4040 = ORIENTED_EDGE ( 'NONE', *, *, #1644, .F. ) ;
#4041 = LINE ( 'NONE', #4490, #3425 ) ;
#4042 = ORIENTED_EDGE ( 'NONE', *, *, #4708, .F. ) ;
#4043 = LINE ( 'NONE', #4969, #3620 ) ;
#4044 = DIRECTION ( 'NONE',  ( 0.000000000000000000, 0.000000000000000000, 1.000000000000000000 ) ) ;
#4045 = LINE ( 'NONE', #1274, #949 ) ;
#4046 = EDGE_CURVE ( 'NONE', #2879, #1358, #3981, .T. ) ;
#4047 = LINE ( 'NONE', #5855, #5224 ) ;
#4048 = VERTEX_POINT ( 'NONE', #5740 ) ;
#4049 = VERTEX_POINT ( 'NONE', #1658 ) ;
#4050 = FACE_BOUND ( 'NONE', #2965, .T. ) ;
#4051 = DIRECTION ( 'NONE',  ( -1.000000000000000000, 0.000000000000000000, -2.312964634635744929E-16 ) ) ;
#4052 = EDGE_LOOP ( 'NONE', ( #3726, #389, #5345, #5476, #3472 ) ) ;
#4053 = VERTEX_POINT ( 'NONE', #5411 ) ;
#4054 = CYLINDRICAL_SURFACE ( 'NONE', #3424, 1.600000000000004086 ) ;
#4055 = AXIS2_PLACEMENT_3D ( 'NONE', #1231, #4956, #4005 ) ;
#4056 = CARTESIAN_POINT ( 'NONE',  ( 24.64663118593862023, 3.000000000000000000, -29.99999999999986144 ) ) ;
#4057 = DIRECTION ( 'NONE',  ( -0.000000000000000000, 1.000000000000000000, -0.000000000000000000 ) ) ;
#4058 = ADVANCED_FACE ( 'NONE', ( #1837 ), #4939, .F. ) ;
#4059 = AXIS2_PLACEMENT_3D ( 'NONE', #2745, #2276, #3163 ) ;
#4060 = LINE ( 'NONE', #959, #3884 ) ;
#4061 = EDGE_CURVE ( 'NONE', #3956, #4485, #940, .T. ) ;
#4062 = VECTOR ( 'NONE', #2390, 1000.000000000000000 ) ;
#4063 = CIRCLE ( 'NONE', #2722, 1.599999999999997202 ) ;
#4064 = ADVANCED_FACE ( 'NONE', ( #822 ), #3564, .T. ) ;
#4065 = CARTESIAN_POINT ( 'NONE',  ( 94.64663118593871616, 0.000000000000000000, 55.00000000000000000 ) ) ;
#4066 = DIRECTION ( 'NONE',  ( -0.000000000000000000, 1.000000000000000000, -0.000000000000000000 ) ) ;
#4067 = DIRECTION ( 'NONE',  ( 0.000000000000000000, 1.000000000000000000, 0.000000000000000000 ) ) ;
#4068 = VECTOR ( 'NONE', #4779, 1000.000000000000000 ) ;
#4069 = EDGE_LOOP ( 'NONE', ( #205, #3382, #4082, #2166 ) ) ;
#4070 = CARTESIAN_POINT ( 'NONE',  ( 30.22999999999997200, 3.000000000000000000, 72.80000000000005400 ) ) ;
#4071 =( GEOMETRIC_REPRESENTATION_CONTEXT ( 3 ) GLOBAL_UNCERTAINTY_ASSIGNED_CONTEXT ( ( #217 ) ) GLOBAL_UNIT_ASSIGNED_CONTEXT ( ( #2374, #5711, #708 ) ) REPRESENTATION_CONTEXT ( 'NONE', 'WORKASPACE' ) );
#4072 = VERTEX_POINT ( 'NONE', #5852 ) ;
#4073 = AXIS2_PLACEMENT_3D ( 'NONE', #5842, #5816, #4364 ) ;
#4074 = FACE_OUTER_BOUND ( 'NONE', #4900, .T. ) ;
#4075 = EDGE_LOOP ( 'NONE', ( #676, #1053, #4143, #2824 ) ) ;
#4076 = LINE ( 'NONE', #2669, #1142 ) ;
#4077 = CIRCLE ( 'NONE', #4170, 1.600000000000004086 ) ;
#4078 = DIRECTION ( 'NONE',  ( -0.000000000000000000, -1.000000000000000000, -0.000000000000000000 ) ) ;
#4079 = ORIENTED_EDGE ( 'NONE', *, *, #3828, .F. ) ;
#4080 = DIRECTION ( 'NONE',  ( -0.000000000000000000, -1.000000000000000000, -0.000000000000000000 ) ) ;
#4081 = VECTOR ( 'NONE', #5320, 1000.000000000000000 ) ;
#4082 = ORIENTED_EDGE ( 'NONE', *, *, #4590, .T. ) ;
#4083 = ORIENTED_EDGE ( 'NONE', *, *, #2454, .F. ) ;
#4084 = FACE_OUTER_BOUND ( 'NONE', #2560, .T. ) ;
#4085 = ADVANCED_FACE ( 'NONE', ( #2756 ), #4972, .F. ) ;
#4086 = LINE ( 'NONE', #1369, #3601 ) ;
#4087 = CIRCLE ( 'NONE', #1989, 1.499999999999994449 ) ;
#4088 = ORIENTED_EDGE ( 'NONE', *, *, #2781, .F. ) ;
#4089 = VERTEX_POINT ( 'NONE', #3655 ) ;
#4090 = DIRECTION ( 'NONE',  ( 0.000000000000000000, 0.000000000000000000, 1.000000000000000000 ) ) ;
#4091 = AXIS2_PLACEMENT_3D ( 'NONE', #1258, #330, #3968 ) ;
#4092 = EDGE_CURVE ( 'NONE', #3125, #1740, #5410, .T. ) ;
#4093 = CIRCLE ( 'NONE', #2281, 1.600000000000018074 ) ;
#4094 = DIRECTION ( 'NONE',  ( -0.000000000000000000, -0.000000000000000000, -1.000000000000000000 ) ) ;
#4095 = LINE ( 'NONE', #4957, #3592 ) ;
#4096 = VECTOR ( 'NONE', #5052, 1000.000000000000000 ) ;
#4097 = ADVANCED_FACE ( 'NONE', ( #907 ), #3148, .F. ) ;
#4098 = VECTOR ( 'NONE', #497, 1000.000000000000000 ) ;
#4099 = CARTESIAN_POINT ( 'NONE',  ( -34.95741419336069811, 3.000000000000000000, 80.24010619321096272 ) ) ;
#4100 = ADVANCED_FACE ( 'NONE', ( #883 ), #5827, .F. ) ;
#4101 = DIRECTION ( 'NONE',  ( 0.000000000000000000, 0.000000000000000000, 1.000000000000000000 ) ) ;
#4102 = DIRECTION ( 'NONE',  ( 0.000000000000000000, 0.000000000000000000, 1.000000000000000000 ) ) ;
#4103 = AXIS2_PLACEMENT_3D ( 'NONE', #3977, #4067, #1264 ) ;
#4104 = VECTOR ( 'NONE', #1511, 1000.000000000000000 ) ;
#4105 = ORIENTED_EDGE ( 'NONE', *, *, #3754, .T. ) ;
#4106 = DIRECTION ( 'NONE',  ( -0.000000000000000000, 1.000000000000000000, -0.000000000000000000 ) ) ;
#4107 = ORIENTED_EDGE ( 'NONE', *, *, #4994, .T. ) ;
#4108 = VERTEX_POINT ( 'NONE', #4519 ) ;
#4109 = DIRECTION ( 'NONE',  ( -0.000000000000000000, -1.000000000000000000, -0.000000000000000000 ) ) ;
#4110 = CARTESIAN_POINT ( 'NONE',  ( -45.71443819850549772, 3.000000000000000000, -62.38096124594397196 ) ) ;
#4111 = EDGE_LOOP ( 'NONE', ( #1108, #3929, #5558, #705 ) ) ;
#4112 = CARTESIAN_POINT ( 'NONE',  ( -88.11443819850511261, 0.000000000000000000, 30.05000000000060822 ) ) ;
#4113 = EDGE_LOOP ( 'NONE', ( #5674, #937, #3530, #3478 ) ) ;
#4114 = VERTEX_POINT ( 'NONE', #856 ) ;
#4115 = DIRECTION ( 'NONE',  ( 0.000000000000000000, 1.000000000000000000, 0.000000000000000000 ) ) ;
#4116 = CARTESIAN_POINT ( 'NONE',  ( 39.99999999999997158, 0.000000000000000000, 90.00000000000005684 ) ) ;
#4117 = ORIENTED_EDGE ( 'NONE', *, *, #5791, .T. ) ;
#4118 = ORIENTED_EDGE ( 'NONE', *, *, #4196, .T. ) ;
#4119 = DIRECTION ( 'NONE',  ( 0.000000000000000000, 0.000000000000000000, 1.000000000000000000 ) ) ;
#4120 = LINE ( 'NONE', #3577, #1205 ) ;
#4121 = DIRECTION ( 'NONE',  ( 0.000000000000000000, -1.000000000000000000, 0.000000000000000000 ) ) ;
#4122 = EDGE_CURVE ( 'NONE', #5535, #2719, #495, .T. ) ;
#4123 = DIRECTION ( 'NONE',  ( 1.000000000000000000, 0.000000000000000000, -5.551115123125781716E-16 ) ) ;
#4125 = ORIENTED_EDGE ( 'NONE', *, *, #2772, .T. ) ;
#4124 = DIRECTION ( 'NONE',  ( -1.000000000000000000, 0.000000000000000000, 0.000000000000000000 ) ) ;
#4126 = DIRECTION ( 'NONE',  ( 0.000000000000000000, 0.000000000000000000, -1.000000000000000000 ) ) ;
#4127 = EDGE_CURVE ( 'NONE', #5743, #1903, #5348, .T. ) ;
#4128 = DIRECTION ( 'NONE',  ( -0.000000000000000000, -1.000000000000000000, -0.000000000000000000 ) ) ;
#4129 = VERTEX_POINT ( 'NONE', #1272 ) ;
#4130 = ORIENTED_EDGE ( 'NONE', *, *, #3917, .F. ) ;
#4131 = DIRECTION ( 'NONE',  ( 0.000000000000000000, 0.000000000000000000, -1.000000000000000000 ) ) ;
#4132 = AXIS2_PLACEMENT_3D ( 'NONE', #2023, #1186, #4039 ) ;
#4133 = EDGE_CURVE ( 'NONE', #4174, #4197, #4845, .T. ) ;
#4134 = DIRECTION ( 'NONE',  ( -0.000000000000000000, -0.000000000000000000, 1.000000000000000000 ) ) ;
#4135 = EDGE_LOOP ( 'NONE', ( #4701, #2878, #3460, #511 ) ) ;
#4136 = CARTESIAN_POINT ( 'NONE',  ( 3.046631185938716957, 0.000000000000000000, 54.99999999999999289 ) ) ;
#4137 = EDGE_LOOP ( 'NONE', ( #5347, #516, #4551, #867 ) ) ;
#4138 = EDGE_CURVE ( 'NONE', #1445, #4703, #2696, .T. ) ;
#4139 = EDGE_LOOP ( 'NONE', ( #1619, #4808, #2642, #2601 ) ) ;
#4140 = DIRECTION ( 'NONE',  ( 0.000000000000000000, 1.000000000000000000, -0.000000000000000000 ) ) ;
#4141 = FACE_BOUND ( 'NONE', #1332, .T. ) ;
#4142 = CARTESIAN_POINT ( 'NONE',  ( 66.24663118593861100, 3.001000000000000334, -29.99999999999986144 ) ) ;
#4143 = ORIENTED_EDGE ( 'NONE', *, *, #3547, .F. ) ;
#4144 = ORIENTED_EDGE ( 'NONE', *, *, #2173, .T. ) ;
#4145 = PLANE ( 'NONE',  #2464 ) ;
#4146 = CARTESIAN_POINT ( 'NONE',  ( 73.04663118593860816, 3.001000000000000334, -54.99999999999992895 ) ) ;
#4147 = DIRECTION ( 'NONE',  ( 0.000000000000000000, 0.000000000000000000, 1.000000000000000000 ) ) ;
#4148 = CARTESIAN_POINT ( 'NONE',  ( 55.76999999999998181, 3.000000000000000000, -80.80000000000005400 ) ) ;
#4149 = VECTOR ( 'NONE', #5630, 1000.000000000000000 ) ;
#4151 = EDGE_LOOP ( 'NONE', ( #5611, #1496, #2853, #5421 ) ) ;
#4150 = DIRECTION ( 'NONE',  ( 0.000000000000000000, 0.000000000000000000, 1.000000000000000000 ) ) ;
#4152 = CARTESIAN_POINT ( 'NONE',  ( 4.646631185938609576, 3.001000000000000334, -54.99999999999999289 ) ) ;
#4153 = DIRECTION ( 'NONE',  ( -0.000000000000000000, 1.000000000000000000, 0.000000000000000000 ) ) ;
#4154 = CIRCLE ( 'NONE', #4055, 1.499999999999980460 ) ;
#4155 = ADVANCED_FACE ( 'NONE', ( #2227 ), #2672, .F. ) ;
#4156 = VECTOR ( 'NONE', #2857, 1000.000000000000000 ) ;
#4157 = EDGE_LOOP ( 'NONE', ( #1838, #3933, #29, #4928 ) ) ;
#4158 = ORIENTED_EDGE ( 'NONE', *, *, #5170, .T. ) ;
#4159 = DIRECTION ( 'NONE',  ( -0.000000000000000000, -1.000000000000000000, -0.000000000000000000 ) ) ;
#4160 = EDGE_CURVE ( 'NONE', #4175, #5710, #4493, .T. ) ;
#4161 = VECTOR ( 'NONE', #5586, 1000.000000000000000 ) ;
#4162 = CARTESIAN_POINT ( 'NONE',  ( 42.99999999999992184, 3.000000000000000000, -90.00000000000005684 ) ) ;
#4163 = ORIENTED_EDGE ( 'NONE', *, *, #82, .F. ) ;
#4164 = AXIS2_PLACEMENT_3D ( 'NONE', #1017, #2325, #5600 ) ;
#4165 = CARTESIAN_POINT ( 'NONE',  ( 23.04663118593860816, 3.000000000000000000, -54.99999999999985789 ) ) ;
#4166 = EDGE_CURVE ( 'NONE', #3562, #4995, #2360, .T. ) ;
#4167 = ORIENTED_EDGE ( 'NONE', *, *, #5317, .T. ) ;
#4168 = ORIENTED_EDGE ( 'NONE', *, *, #4633, .F. ) ;
#4169 = EDGE_CURVE ( 'NONE', #3351, #5652, #5883, .T. ) ;
#4170 = AXIS2_PLACEMENT_3D ( 'NONE', #1638, #1697, #3488 ) ;
#4171 = LINE ( 'NONE', #2316, #3680 ) ;
#4172 = FACE_BOUND ( 'NONE', #3962, .T. ) ;
#4173 = CARTESIAN_POINT ( 'NONE',  ( 69.76999999999998181, 3.000000000000000000, -74.40000000000006253 ) ) ;
#4174 = VERTEX_POINT ( 'NONE', #3200 ) ;
#4175 = VERTEX_POINT ( 'NONE', #2868 ) ;
#4176 = ORIENTED_EDGE ( 'NONE', *, *, #4169, .F. ) ;
#4177 = DIRECTION ( 'NONE',  ( 0.000000000000000000, 0.000000000000000000, 1.000000000000000000 ) ) ;
#4178 = CARTESIAN_POINT ( 'NONE',  ( 89.99999999999997158, 0.000000000000000000, -120.0000000000000284 ) ) ;
#4179 = VECTOR ( 'NONE', #2043, 1000.000000000000000 ) ;
#4180 = DIRECTION ( 'NONE',  ( 0.000000000000000000, 0.000000000000000000, 1.000000000000000000 ) ) ;
#4181 = CIRCLE ( 'NONE', #1136, 1.499999999999987566 ) ;
#4182 = DIRECTION ( 'NONE',  ( 1.000000000000000000, 0.000000000000000000, 4.839898824559572281E-16 ) ) ;
#4183 = CARTESIAN_POINT ( 'NONE',  ( 99.76999999999999602, 0.000000000000000000, -74.40000000000006253 ) ) ;
#4184 = FACE_OUTER_BOUND ( 'NONE', #5013, .T. ) ;
#4185 = DIRECTION ( 'NONE',  ( -1.000000000000000000, 0.000000000000000000, 0.000000000000000000 ) ) ;
#4186 = AXIS2_PLACEMENT_3D ( 'NONE', #2320, #2297, #4119 ) ;
#4187 = VECTOR ( 'NONE', #1593, 1000.000000000000000 ) ;
#4188 = ORIENTED_EDGE ( 'NONE', *, *, #3101, .F. ) ;
#4189 = AXIS2_PLACEMENT_3D ( 'NONE', #1083, #1555, #3412 ) ;
#4190 = CIRCLE ( 'NONE', #3335, 1.600000000000004086 ) ;
#4191 = EDGE_LOOP ( 'NONE', ( #1529, #3080 ) ) ;
#4192 = EDGE_CURVE ( 'NONE', #2493, #2336, #466, .T. ) ;
#4193 = LINE ( 'NONE', #4601, #2945 ) ;
#4194 = PLANE ( 'NONE',  #651 ) ;
#4195 = VECTOR ( 'NONE', #4783, 1000.000000000000000 ) ;
#4196 = EDGE_CURVE ( 'NONE', #4695, #2330, #3796, .T. ) ;
#4197 = VERTEX_POINT ( 'NONE', #5166 ) ;
#4198 = DIRECTION ( 'NONE',  ( 2.775557561562892337E-16, -0.000000000000000000, 1.000000000000000000 ) ) ;
#4199 = ORIENTED_EDGE ( 'NONE', *, *, #2487, .T. ) ;
#4200 = VERTEX_POINT ( 'NONE', #5053 ) ;
#4201 = CARTESIAN_POINT ( 'NONE',  ( 14.64663118593872326, 3.000000000000000000, 28.39999999999991331 ) ) ;
#4202 = FACE_BOUND ( 'NONE', #5063, .T. ) ;
#4203 = EDGE_CURVE ( 'NONE', #3505, #1662, #970, .T. ) ;
#4204 = CARTESIAN_POINT ( 'NONE',  ( 83.04663118593872184, 0.000000000000000000, 30.00000000000000000 ) ) ;
#4205 = ORIENTED_EDGE ( 'NONE', *, *, #2398, .F. ) ;
#4206 = VERTEX_POINT ( 'NONE', #1951 ) ;
#4207 = ORIENTED_EDGE ( 'NONE', *, *, #3768, .T. ) ;
#4208 = DIRECTION ( 'NONE',  ( -0.000000000000000000, -1.000000000000000000, -0.000000000000000000 ) ) ;
#4209 = DIRECTION ( 'NONE',  ( -3.854941057726238097E-16, 0.000000000000000000, -1.000000000000000000 ) ) ;
#4210 = DIRECTION ( 'NONE',  ( -0.000000000000000000, -1.000000000000000000, -0.000000000000000000 ) ) ;
#4211 = FACE_OUTER_BOUND ( 'NONE', #788, .T. ) ;
#4212 = EDGE_CURVE ( 'NONE', #1456, #1312, #4087, .T. ) ;
#4213 = DIRECTION ( 'NONE',  ( -0.000000000000000000, -1.000000000000000000, -0.000000000000000000 ) ) ;
#4214 = FACE_OUTER_BOUND ( 'NONE', #5475, .T. ) ;
#4215 = DIRECTION ( 'NONE',  ( -0.000000000000000000, -1.000000000000000000, -0.000000000000000000 ) ) ;
#4216 = ORIENTED_EDGE ( 'NONE', *, *, #2210, .T. ) ;
#4217 = LINE ( 'NONE', #2450, #4286 ) ;
#4218 = EDGE_LOOP ( 'NONE', ( #3262, #1912, #2922, #3685 ) ) ;
#4219 = CARTESIAN_POINT ( 'NONE',  ( 74.64663118593861668, 3.001000000000000334, -56.59999999999993747 ) ) ;
#4220 = DIRECTION ( 'NONE',  ( -1.000000000000000000, 0.000000000000000000, 0.000000000000000000 ) ) ;
#4221 = ORIENTED_EDGE ( 'NONE', *, *, #4237, .T. ) ;
#4222 = DIRECTION ( 'NONE',  ( 0.000000000000000000, 0.000000000000000000, -1.000000000000000000 ) ) ;
#4223 = EDGE_LOOP ( 'NONE', ( #1695, #3295, #4669, #2408, #5209 ) ) ;
#4224 = ORIENTED_EDGE ( 'NONE', *, *, #5467, .F. ) ;
#4225 = DIRECTION ( 'NONE',  ( 0.000000000000000000, -1.000000000000000000, 0.000000000000000000 ) ) ;
#4226 = DIRECTION ( 'NONE',  ( 1.000000000000000000, -0.000000000000000000, 0.000000000000000000 ) ) ;
#4227 = FACE_OUTER_BOUND ( 'NONE', #2303, .T. ) ;
#4228 = EDGE_CURVE ( 'NONE', #2960, #2973, #136, .T. ) ;
#4229 = CARTESIAN_POINT ( 'NONE',  ( -145.3644381985056953, 3.000000000000000000, -13.99999999999999645 ) ) ;
#4230 = ORIENTED_EDGE ( 'NONE', *, *, #2764, .F. ) ;
#4231 = ORIENTED_EDGE ( 'NONE', *, *, #5040, .T. ) ;
#4232 = ORIENTED_EDGE ( 'NONE', *, *, #2386, .T. ) ;
#4233 = DIRECTION ( 'NONE',  ( -0.000000000000000000, -1.000000000000000000, -0.000000000000000000 ) ) ;
#4234 = DIRECTION ( 'NONE',  ( 1.000000000000000000, 0.000000000000000000, -0.000000000000000000 ) ) ;
#4235 = CARTESIAN_POINT ( 'NONE',  ( 15.30514119515825300, 3.000000000000000000, -119.9999999999999716 ) ) ;
#4236 = DIRECTION ( 'NONE',  ( -0.000000000000000000, -1.000000000000000000, -0.000000000000000000 ) ) ;
#4237 = EDGE_CURVE ( 'NONE', #5643, #3001, #1410, .T. ) ;
#4238 = LINE ( 'NONE', #2886, #5396 ) ;
#4239 = LINE ( 'NONE', #5601, #5478 ) ;
#4240 = EDGE_CURVE ( 'NONE', #3340, #914, #2646, .T. ) ;
#4241 = DIRECTION ( 'NONE',  ( 0.000000000000000000, 0.000000000000000000, -1.000000000000000000 ) ) ;
#4242 = ORIENTED_EDGE ( 'NONE', *, *, #3851, .T. ) ;
#4243 = DIRECTION ( 'NONE',  ( -0.000000000000000000, 1.000000000000000000, -0.000000000000000000 ) ) ;
#4244 = ORIENTED_EDGE ( 'NONE', *, *, #112, .T. ) ;
#4245 = DIRECTION ( 'NONE',  ( -0.000000000000000000, -1.000000000000000000, -0.000000000000000000 ) ) ;
#4246 = CIRCLE ( 'NONE', #57, 1.600000000000004086 ) ;
#4247 = DIRECTION ( 'NONE',  ( 0.000000000000000000, 0.000000000000000000, 1.000000000000000000 ) ) ;
#4248 = ORIENTED_EDGE ( 'NONE', *, *, #3284, .F. ) ;
#4249 = VECTOR ( 'NONE', #5187, 1000.000000000000000 ) ;
#4250 = CARTESIAN_POINT ( 'NONE',  ( 74.64663118593861668, 0.000000000000000000, -54.99999999999992895 ) ) ;
#4251 = AXIS2_PLACEMENT_3D ( 'NONE', #2299, #3069, #4004 ) ;
#4252 = ORIENTED_EDGE ( 'NONE', *, *, #485, .F. ) ;
#4253 = VERTEX_POINT ( 'NONE', #2782 ) ;
#4254 = DIRECTION ( 'NONE',  ( 0.000000000000000000, 0.000000000000000000, 1.000000000000000000 ) ) ;
#4255 = VECTOR ( 'NONE', #984, 1000.000000000000000 ) ;
#4256 = CARTESIAN_POINT ( 'NONE',  ( -3.757414193360684607, 3.000000000000000000, -44.24010619321096982 ) ) ;
#4257 = CIRCLE ( 'NONE', #5769, 1.599999999999997202 ) ;
#4258 = FACE_OUTER_BOUND ( 'NONE', #564, .T. ) ;
#4259 = ORIENTED_EDGE ( 'NONE', *, *, #4597, .F. ) ;
#4260 = AXIS2_PLACEMENT_3D ( 'NONE', #1916, #5156, #3278 ) ;
#4261 = ORIENTED_EDGE ( 'NONE', *, *, #4033, .T. ) ;
#4262 = ORIENTED_EDGE ( 'NONE', *, *, #4061, .T. ) ;
#4263 = FACE_OUTER_BOUND ( 'NONE', #654, .T. ) ;
#4264 = EDGE_CURVE ( 'NONE', #3537, #319, #1319, .T. ) ;
#4265 = CARTESIAN_POINT ( 'NONE',  ( 64.64663118593860247, 3.000000000000000000, -54.99999999999986500 ) ) ;
#4266 = DIRECTION ( 'NONE',  ( -1.927470528863119049E-16, 0.000000000000000000, 1.000000000000000000 ) ) ;
#4267 = AXIS2_PLACEMENT_3D ( 'NONE', #4430, #297, #3423 ) ;
#4268 = ADVANCED_FACE ( 'NONE', ( #2335 ), #5141, .F. ) ;
#4269 = DIRECTION ( 'NONE',  ( 0.000000000000000000, 0.000000000000000000, -1.000000000000000000 ) ) ;
#4270 = CIRCLE ( 'NONE', #2453, 1.600000000000004086 ) ;
#4271 = CARTESIAN_POINT ( 'NONE',  ( 63.04663118593860105, 3.000000000000000000, -29.99999999999986144 ) ) ;
#4272 = FACE_OUTER_BOUND ( 'NONE', #4285, .T. ) ;
#4273 = CARTESIAN_POINT ( 'NONE',  ( 73.04663118593860816, 3.000000000000000000, -29.99999999999992895 ) ) ;
#4274 = EDGE_CURVE ( 'NONE', #5532, #936, #4602, .T. ) ;
#4275 = CIRCLE ( 'NONE', #4940, 1.599999999999997202 ) ;
#4276 = EDGE_CURVE ( 'NONE', #2340, #1162, #178, .T. ) ;
#4277 = VERTEX_POINT ( 'NONE', #519 ) ;
#4278 = LINE ( 'NONE', #1147, #2661 ) ;
#4279 = CARTESIAN_POINT ( 'NONE',  ( 83.04663118593860816, 0.000000000000000000, -55.00000000000000000 ) ) ;
#4280 = VECTOR ( 'NONE', #96, 1000.000000000000000 ) ;
#4281 = CIRCLE ( 'NONE', #3516, 1.600000000000018074 ) ;
#4282 = ORIENTED_EDGE ( 'NONE', *, *, #2838, .F. ) ;
#4283 = CARTESIAN_POINT ( 'NONE',  ( 14.64663118593872326, 0.000000000000000000, 29.99999999999991473 ) ) ;
#4284 = VECTOR ( 'NONE', #4177, 1000.000000000000000 ) ;
#4285 = EDGE_LOOP ( 'NONE', ( #5442, #3206, #2987, #1570 ) ) ;
#4286 = VECTOR ( 'NONE', #3857, 1000.000000000000000 ) ;
#4287 = DIRECTION ( 'NONE',  ( 0.000000000000000000, 0.000000000000000000, 1.000000000000000000 ) ) ;
#4288 = ORIENTED_EDGE ( 'NONE', *, *, #125, .T. ) ;
#4289 = ORIENTED_EDGE ( 'NONE', *, *, #3255, .F. ) ;
#4290 = EDGE_CURVE ( 'NONE', #5072, #3622, #5026, .T. ) ;
#4291 = APPROVAL_DATE_TIME ( #2461, #2689 ) ;
#4292 = DIRECTION ( 'NONE',  ( 0.000000000000000000, 0.000000000000000000, -1.000000000000000000 ) ) ;
#4293 = CIRCLE ( 'NONE', #3711, 1.600000000000004086 ) ;
#4294 = CARTESIAN_POINT ( 'NONE',  ( -88.11443819850511261, 3.000000000000000000, 32.55000000000060822 ) ) ;
#4295 = DIRECTION ( 'NONE',  ( 0.000000000000000000, 1.000000000000000000, 0.000000000000000000 ) ) ;
#4296 = ORIENTED_EDGE ( 'NONE', *, *, #2026, .T. ) ;
#4297 = EDGE_LOOP ( 'NONE', ( #5469, #3013, #5874, #2468 ) ) ;
#4298 = VERTEX_POINT ( 'NONE', #3354 ) ;
#4299 = CARTESIAN_POINT ( 'NONE',  ( -75.12344610756727548, 0.000000000000000000, -12.50000000000000178 ) ) ;
#4300 = DIRECTION ( 'NONE',  ( 0.000000000000000000, 0.000000000000000000, 1.000000000000000000 ) ) ;
#4301 = CARTESIAN_POINT ( 'NONE',  ( -3.757414193360684607, 3.000000000000000000, 44.24010619321096982 ) ) ;
#4302 = EDGE_CURVE ( 'NONE', #4108, #4902, #4270, .T. ) ;
#4303 = CARTESIAN_POINT ( 'NONE',  ( 129.9999999999996874, 3.000000000000000000, -119.9999999999999716 ) ) ;
#4304 = DIRECTION ( 'NONE',  ( 0.000000000000000000, 0.000000000000000000, -1.000000000000000000 ) ) ;
#4305 = CYLINDRICAL_SURFACE ( 'NONE', #153, 1.499999999999987566 ) ;
#4306 = DIRECTION ( 'NONE',  ( -0.000000000000000000, 1.000000000000000000, -0.000000000000000000 ) ) ;
#4307 = ADVANCED_FACE ( 'NONE', ( #5579 ), #4194, .F. ) ;
#4308 = VERTEX_POINT ( 'NONE', #1028 ) ;
#4309 = EDGE_CURVE ( 'NONE', #3819, #3001, #1500, .T. ) ;
#4310 = CARTESIAN_POINT ( 'NONE',  ( -115.3644381985056953, -0.001000000000000132727, 14.00000000000000178 ) ) ;
#4311 = FACE_OUTER_BOUND ( 'NONE', #2018, .T. ) ;
#4312 = ORIENTED_EDGE ( 'NONE', *, *, #4418, .T. ) ;
#4313 = CARTESIAN_POINT ( 'NONE',  ( 4.646631185938623787, 3.000000000000000000, -29.99999999999998579 ) ) ;
#4314 = VERTEX_POINT ( 'NONE', #1863 ) ;
#4315 = CARTESIAN_POINT ( 'NONE',  ( 74.64663118593861668, 0.000000000000000000, -56.59999999999993747 ) ) ;
#4316 = ORIENTED_EDGE ( 'NONE', *, *, #3535, .F. ) ;
#4317 = VERTEX_POINT ( 'NONE', #5613 ) ;
#4318 = EDGE_CURVE ( 'NONE', #1277, #199, #1474, .T. ) ;
#4319 = PERSON_AND_ORGANIZATION ( #4591, #3204 ) ;
#4320 = CARTESIAN_POINT ( 'NONE',  ( -12.70414209279596385, 3.000000000000000000, -35.00000000000000711 ) ) ;
#4321 = FACE_OUTER_BOUND ( 'NONE', #2027, .T. ) ;
#4322 = LINE ( 'NONE', #236, #2472 ) ;
#4323 = ADVANCED_FACE ( 'NONE', ( #4632 ), #551, .F. ) ;
#4324 = ORIENTED_EDGE ( 'NONE', *, *, #3178, .F. ) ;
#4325 = EDGE_LOOP ( 'NONE', ( #1602, #716, #5084, #4613, #5437 ) ) ;
#4326 = ORIENTED_EDGE ( 'NONE', *, *, #1616, .F. ) ;
#4327 = FACE_OUTER_BOUND ( 'NONE', #4113, .T. ) ;
#4328 = FACE_OUTER_BOUND ( 'NONE', #3817, .T. ) ;
#4329 = LINE ( 'NONE', #5689, #744 ) ;
#4330 = DIRECTION ( 'NONE',  ( -0.000000000000000000, -1.000000000000000000, -0.000000000000000000 ) ) ;
#4331 = LINE ( 'NONE', #3888, #629 ) ;
#4332 = CARTESIAN_POINT ( 'NONE',  ( -75.12344610756727548, 3.001000000000000334, 0.000000000000000000 ) ) ;
#4333 = DIRECTION ( 'NONE',  ( 0.000000000000000000, 0.000000000000000000, 1.000000000000000000 ) ) ;
#4334 = VERTEX_POINT ( 'NONE', #2929 ) ;
#4335 = DIRECTION ( 'NONE',  ( 0.000000000000000000, 0.000000000000000000, 1.000000000000000000 ) ) ;
#4336 = CARTESIAN_POINT ( 'NONE',  ( -5.357414193360679810, -7.000000000000000000, 80.24010619321097693 ) ) ;
#4337 = EDGE_LOOP ( 'NONE', ( #4425, #4231, #4262, #5670 ) ) ;
#4338 = EDGE_CURVE ( 'NONE', #1493, #5236, #3861, .T. ) ;
#4339 = PLANE ( 'NONE',  #2088 ) ;
#4340 = ORIENTED_EDGE ( 'NONE', *, *, #4834, .T. ) ;
#4341 = CYLINDRICAL_SURFACE ( 'NONE', #5604, 1.499999999999987566 ) ;
#4342 = ADVANCED_FACE ( 'NONE', ( #3448 ), #3834, .F. ) ;
#4343 = ORIENTED_EDGE ( 'NONE', *, *, #513, .T. ) ;
#4344 = ORIENTED_EDGE ( 'NONE', *, *, #4264, .T. ) ;
#4345 = AXIS2_PLACEMENT_3D ( 'NONE', #877, #5488, #2690 ) ;
#4346 = CARTESIAN_POINT ( 'NONE',  ( 66.24663118593872468, 0.000000000000000000, 29.99999999999986144 ) ) ;
#4347 = CARTESIAN_POINT ( 'NONE',  ( 13.04663118593860105, 3.001000000000000334, -54.99999999999992184 ) ) ;
#4348 = AXIS2_PLACEMENT_3D ( 'NONE', #4478, #4869, #2182 ) ;
#4349 = EDGE_CURVE ( 'NONE', #5715, #4543, #3415, .T. ) ;
#4350 = DIRECTION ( 'NONE',  ( -0.000000000000000000, -1.000000000000000000, -0.000000000000000000 ) ) ;
#4351 = VECTOR ( 'NONE', #3879, 1000.000000000000000 ) ;
#4352 = ORIENTED_EDGE ( 'NONE', *, *, #3073, .T. ) ;
#4353 = ADVANCED_FACE ( 'NONE', ( #3473 ), #787, .F. ) ;
#4354 = ORIENTED_EDGE ( 'NONE', *, *, #1058, .F. ) ;
#4355 = ORIENTED_EDGE ( 'NONE', *, *, #814, .T. ) ;
#4356 = AXIS2_PLACEMENT_3D ( 'NONE', #722, #1232, #4417 ) ;
#4357 = CARTESIAN_POINT ( 'NONE',  ( 93.04663118593860816, 3.001000000000000334, -55.00000000000000000 ) ) ;
#4358 = CIRCLE ( 'NONE', #2345, 1.600000000000004086 ) ;
#4359 = CARTESIAN_POINT ( 'NONE',  ( -31.75741419336065974, -7.000000000000000000, -80.24010619321096272 ) ) ;
#4360 = LOCAL_TIME ( 22, 22, 4.000000000000000000, #738 ) ;
#4361 = PLANE ( 'NONE',  #3322 ) ;
#4362 = CARTESIAN_POINT ( 'NONE',  ( -31.75741419336067395, -7.000000000000000000, -44.24010619321096982 ) ) ;
#4363 = DIRECTION ( 'NONE',  ( 0.000000000000000000, 0.000000000000000000, -1.000000000000000000 ) ) ;
#4364 = DIRECTION ( 'NONE',  ( 0.000000000000000000, 0.000000000000000000, 1.000000000000000000 ) ) ;
#4365 = VERTEX_POINT ( 'NONE', #5230 ) ;
#4366 = AXIS2_PLACEMENT_3D ( 'NONE', #2317, #2294, #1427 ) ;
#4367 = FACE_OUTER_BOUND ( 'NONE', #1180, .T. ) ;
#4368 = DIRECTION ( 'NONE',  ( -0.000000000000000000, -1.000000000000000000, -0.000000000000000000 ) ) ;
#4369 = ORIENTED_EDGE ( 'NONE', *, *, #320, .F. ) ;
#4370 = CARTESIAN_POINT ( 'NONE',  ( 55.76999999999998181, 0.000000000000000000, -79.20000000000004547 ) ) ;
#4371 = VERTEX_POINT ( 'NONE', #5704 ) ;
#4372 = ADVANCED_FACE ( 'NONE', ( #2579 ), #5258, .F. ) ;
#4373 = CARTESIAN_POINT ( 'NONE',  ( 99.76999999999999602, 0.000000000000000000, -72.80000000000005400 ) ) ;
#4374 = CIRCLE ( 'NONE', #848, 1.600000000000004086 ) ;
#4375 = VERTEX_POINT ( 'NONE', #201 ) ;
#4376 = ORIENTED_EDGE ( 'NONE', *, *, #2056, .F. ) ;
#4377 = DATE_AND_TIME ( #5644, #4360 ) ;
#4378 = CARTESIAN_POINT ( 'NONE',  ( 83.04663118593872184, 3.000000000000000000, 30.00000000000000000 ) ) ;
#4379 = CARTESIAN_POINT ( 'NONE',  ( 83.04663118593872184, 3.001000000000000334, 55.00000000000000000 ) ) ;
#4380 = CIRCLE ( 'NONE', #4849, 1.600000000000004086 ) ;
#4381 = ADVANCED_FACE ( 'NONE', ( #2017 ), #2133, .F. ) ;
#4382 = VECTOR ( 'NONE', #5407, 1000.000000000000114 ) ;
#4383 = CARTESIAN_POINT ( 'NONE',  ( 4.646631185938734809, 3.001000000000000334, 29.99999999999998579 ) ) ;
#4384 = EDGE_LOOP ( 'NONE', ( #733, #4435, #4762, #4578, #1294 ) ) ;
#4385 = ORIENTED_EDGE ( 'NONE', *, *, #1616, .T. ) ;
#4386 = ORIENTED_EDGE ( 'NONE', *, *, #4624, .T. ) ;
#4387 = VECTOR ( 'NONE', #2974, 1000.000000000000000 ) ;
#4388 = ADVANCED_FACE ( 'NONE', ( #5195 ), #4339, .F. ) ;
#4389 = AXIS2_PLACEMENT_3D ( 'NONE', #5162, #1981, #2071 ) ;
#4390 = CYLINDRICAL_SURFACE ( 'NONE', #449, 1.600000000000004086 ) ;
#4391 = DIRECTION ( 'NONE',  ( 0.7071067811865410224, -0.000000000000000000, -0.7071067811865540120 ) ) ;
#4392 = LINE ( 'NONE', #5302, #2369 ) ;
#4393 = CARTESIAN_POINT ( 'NONE',  ( 6.246631185938614550, 3.001000000000000334, -54.99999999999999289 ) ) ;
#4394 = DIRECTION ( 'NONE',  ( 0.000000000000000000, 0.000000000000000000, 1.000000000000000000 ) ) ;
#4395 = DIRECTION ( 'NONE',  ( -0.000000000000000000, -1.000000000000000000, -0.000000000000000000 ) ) ;
#4396 = EDGE_LOOP ( 'NONE', ( #1096, #2605 ) ) ;
#4397 = EDGE_CURVE ( 'NONE', #3057, #2786, #5733, .T. ) ;
#4398 = DIRECTION ( 'NONE',  ( -0.000000000000000000, -1.000000000000000000, -0.000000000000000000 ) ) ;
#4399 = DIRECTION ( 'NONE',  ( -1.000000000000000000, 0.000000000000000000, 2.312964634635744929E-16 ) ) ;
#4400 = ORIENTED_EDGE ( 'NONE', *, *, #1713, .T. ) ;
#4401 = DIRECTION ( 'NONE',  ( -0.000000000000000000, -1.000000000000000000, -0.000000000000000000 ) ) ;
#4402 = ORIENTED_EDGE ( 'NONE', *, *, #2194, .F. ) ;
#4403 = DIRECTION ( 'NONE',  ( -0.000000000000000000, 1.000000000000000000, -0.000000000000000000 ) ) ;
#4404 = EDGE_LOOP ( 'NONE', ( #4599, #5056 ) ) ;
#4405 = ORIENTED_EDGE ( 'NONE', *, *, #4290, .F. ) ;
#4406 = DIRECTION ( 'NONE',  ( 0.000000000000000000, 0.000000000000000000, -1.000000000000000000 ) ) ;
#4407 = CARTESIAN_POINT ( 'NONE',  ( 96.24663118593861100, 0.000000000000000000, -30.00000000000000000 ) ) ;
#4408 = DIRECTION ( 'NONE',  ( 0.000000000000000000, 0.000000000000000000, 1.000000000000000000 ) ) ;
#4409 = ORIENTED_EDGE ( 'NONE', *, *, #1387, .T. ) ;
#4410 = ORIENTED_EDGE ( 'NONE', *, *, #4624, .F. ) ;
#4411 = CARTESIAN_POINT ( 'NONE',  ( 14.64663118593860425, 0.000000000000000000, -56.59999999999993037 ) ) ;
#4412 = EDGE_CURVE ( 'NONE', #213, #2141, #4461, .T. ) ;
#4413 = CARTESIAN_POINT ( 'NONE',  ( 39.99999999999997158, 3.000000000000000000, 93.00000000000005684 ) ) ;
#4414 = DIRECTION ( 'NONE',  ( -3.854941057726238097E-16, 0.000000000000000000, -1.000000000000000000 ) ) ;
#4415 = CYLINDRICAL_SURFACE ( 'NONE', #4915, 1.600000000000004086 ) ;
#4416 = CYLINDRICAL_SURFACE ( 'NONE', #5100, 1.600000000000004086 ) ;
#4417 = DIRECTION ( 'NONE',  ( 0.000000000000000000, 0.000000000000000000, 1.000000000000000000 ) ) ;
#4418 = EDGE_CURVE ( 'NONE', #114, #4108, #1678, .T. ) ;
#4419 = FACE_OUTER_BOUND ( 'NONE', #3076, .T. ) ;
#4420 = ADVANCED_FACE ( 'NONE', ( #1591 ), #1152, .F. ) ;
#4421 = DIRECTION ( 'NONE',  ( 0.000000000000000000, 0.000000000000000000, 1.000000000000000000 ) ) ;
#4422 = ORIENTED_EDGE ( 'NONE', *, *, #5164, .F. ) ;
#4423 = CARTESIAN_POINT ( 'NONE',  ( 73.04663118593860816, 0.000000000000000000, -54.99999999999992895 ) ) ;
#4424 = AXIS2_PLACEMENT_3D ( 'NONE', #2221, #3869, #2524 ) ;
#4425 = ORIENTED_EDGE ( 'NONE', *, *, #3019, .T. ) ;
#4426 = LINE ( 'NONE', #3955, #474 ) ;
#4427 = ORIENTED_EDGE ( 'NONE', *, *, #259, .T. ) ;
#4428 = DIRECTION ( 'NONE',  ( 0.000000000000000000, 0.000000000000000000, 1.000000000000000000 ) ) ;
#4429 = ORIENTED_EDGE ( 'NONE', *, *, #4664, .T. ) ;
#4430 = CARTESIAN_POINT ( 'NONE',  ( 4.646631185938609576, 0.000000000000000000, -54.99999999999999289 ) ) ;
#4431 = DIRECTION ( 'NONE',  ( -0.000000000000000000, -1.000000000000000000, -0.000000000000000000 ) ) ;
#4432 = CYLINDRICAL_SURFACE ( 'NONE', #91, 1.600000000000004086 ) ;
#4433 = VECTOR ( 'NONE', #2479, 1000.000000000000000 ) ;
#4434 = ORIENTED_EDGE ( 'NONE', *, *, #5533, .T. ) ;
#4435 = ORIENTED_EDGE ( 'NONE', *, *, #634, .F. ) ;
#4436 = FACE_BOUND ( 'NONE', #2647, .T. ) ;
#4437 = CIRCLE ( 'NONE', #2902, 1.250000000000007994 ) ;
#4438 = LINE ( 'NONE', #4413, #3113 ) ;
#4439 = CIRCLE ( 'NONE', #731, 1.600000000000004086 ) ;
#4440 = EDGE_CURVE ( 'NONE', #3587, #3351, #1178, .T. ) ;
#4441 = ORIENTED_EDGE ( 'NONE', *, *, #4457, .F. ) ;
#4442 = LINE ( 'NONE', #1699, #1510 ) ;
#4443 = VECTOR ( 'NONE', #2848, 1000.000000000000000 ) ;
#4444 = DIRECTION ( 'NONE',  ( 0.000000000000000000, 0.000000000000000000, 1.000000000000000000 ) ) ;
#4445 = CARTESIAN_POINT ( 'NONE',  ( 26.24663118593872824, 0.000000000000000000, 54.99999999999985789 ) ) ;
#4446 = DIRECTION ( 'NONE',  ( 0.000000000000000000, 0.000000000000000000, -1.000000000000000000 ) ) ;
#4447 = AXIS2_PLACEMENT_3D ( 'NONE', #1402, #5039, #4147 ) ;
#4448 = EDGE_CURVE ( 'NONE', #1162, #239, #254, .T. ) ;
#4449 = CARTESIAN_POINT ( 'NONE',  ( 4.646631185938721487, 3.001000000000000334, 54.99999999999999289 ) ) ;
#4450 = VECTOR ( 'NONE', #5861, 1000.000000000000000 ) ;
#4451 = DIRECTION ( 'NONE',  ( 0.000000000000000000, 0.000000000000000000, -1.000000000000000000 ) ) ;
#4452 = EDGE_CURVE ( 'NONE', #1543, #5885, #1624, .T. ) ;
#4453 = EDGE_LOOP ( 'NONE', ( #1056, #4130, #5259, #83, #3287 ) ) ;
#4454 = AXIS2_PLACEMENT_3D ( 'NONE', #5375, #49, #2311 ) ;
#4455 = ORIENTED_EDGE ( 'NONE', *, *, #3979, .F. ) ;
#4456 = FACE_OUTER_BOUND ( 'NONE', #2070, .T. ) ;
#4457 = EDGE_CURVE ( 'NONE', #3742, #914, #2548, .T. ) ;
#4458 = VERTEX_POINT ( 'NONE', #1266 ) ;
#4459 = DIRECTION ( 'NONE',  ( 0.000000000000000000, 0.000000000000000000, -1.000000000000000000 ) ) ;
#4460 = ORIENTED_EDGE ( 'NONE', *, *, #5397, .T. ) ;
#4461 = CIRCLE ( 'NONE', #1125, 1.600000000000004086 ) ;
#4462 = CARTESIAN_POINT ( 'NONE',  ( 13.04663118593860105, 0.000000000000000000, -54.99999999999992184 ) ) ;
#4463 = LINE ( 'NONE', #386, #1908 ) ;
#4464 = VECTOR ( 'NONE', #3483, 1000.000000000000000 ) ;
#4465 = CYLINDRICAL_SURFACE ( 'NONE', #1234, 1.600000000000018074 ) ;
#4466 = VERTEX_POINT ( 'NONE', #4423 ) ;
#4467 = EDGE_CURVE ( 'NONE', #1662, #999, #1714, .T. ) ;
#4468 = VERTEX_POINT ( 'NONE', #3077 ) ;
#4469 = FACE_BOUND ( 'NONE', #3331, .T. ) ;
#4470 = CIRCLE ( 'NONE', #5035, 1.600000000000004086 ) ;
#4471 = AXIS2_PLACEMENT_3D ( 'NONE', #4693, #2046, #5197 ) ;
#4472 = LINE ( 'NONE', #2704, #1115 ) ;
#4473 = AXIS2_PLACEMENT_3D ( 'NONE', #1026, #1413, #494 ) ;
#4474 = VECTOR ( 'NONE', #4825, 1000.000000000000000 ) ;
#4475 = EDGE_LOOP ( 'NONE', ( #370, #3557, #3302, #211, #1118, #3054, #3268, #4455, #4702, #909, #1910, #3157, #2528, #792, #2542, #2267, #4552, #1000, #3385, #5151, #5145, #4352, #2889, #5284 ) ) ;
#4476 = FACE_OUTER_BOUND ( 'NONE', #4157, .T. ) ;
#4477 = CARTESIAN_POINT ( 'NONE',  ( 23.04663118593861526, 0.000000000000000000, -29.99999999999986144 ) ) ;
#4478 = CARTESIAN_POINT ( 'NONE',  ( 113.7700000000000102, 0.000000000000000000, -80.80000000000006821 ) ) ;
#4479 = DIRECTION ( 'NONE',  ( 0.000000000000000000, 0.000000000000000000, -1.000000000000000000 ) ) ;
#4480 = AXIS2_PLACEMENT_3D ( 'NONE', #639, #673, #5227 ) ;
#4481 = AXIS2_PLACEMENT_3D ( 'NONE', #367, #3528, #3927 ) ;
#4482 = LINE ( 'NONE', #842, #3509 ) ;
#4483 = DIRECTION ( 'NONE',  ( 0.000000000000000000, 1.000000000000000000, -0.000000000000000000 ) ) ;
#4484 = DIRECTION ( 'NONE',  ( 2.312964634635744929E-16, 0.000000000000000000, 1.000000000000000000 ) ) ;
#4485 = VERTEX_POINT ( 'NONE', #3531 ) ;
#4486 = LINE ( 'NONE', #5404, #2050 ) ;
#4487 = EDGE_CURVE ( 'NONE', #378, #3567, #339, .T. ) ;
#4488 = EDGE_CURVE ( 'NONE', #3954, #4175, #5757, .T. ) ;
#4489 = VERTEX_POINT ( 'NONE', #89 ) ;
#4490 = CARTESIAN_POINT ( 'NONE',  ( 2.381214074007808268, 3.000000000000000000, 117.7211629518313600 ) ) ;
#4491 = ORIENTED_EDGE ( 'NONE', *, *, #2492, .T. ) ;
#4492 = CARTESIAN_POINT ( 'NONE',  ( 83.04663118593872184, 3.001000000000000334, 55.00000000000000000 ) ) ;
#4493 = LINE ( 'NONE', #410, #85 ) ;
#4494 = DIRECTION ( 'NONE',  ( -0.000000000000000000, -1.000000000000000000, -0.000000000000000000 ) ) ;
#4495 = LINE ( 'NONE', #2587, #4652 ) ;
#4496 = ADVANCED_FACE ( 'NONE', ( #5503 ), #1480, .F. ) ;
#4497 = ORIENTED_EDGE ( 'NONE', *, *, #5729, .T. ) ;
#4498 = ORIENTED_EDGE ( 'NONE', *, *, #1227, .F. ) ;
#4499 = EDGE_CURVE ( 'NONE', #1269, #4916, #2540, .T. ) ;
#4500 = FACE_BOUND ( 'NONE', #4453, .T. ) ;
#4501 = CARTESIAN_POINT ( 'NONE',  ( 74.64663118593873037, 3.000000000000000000, 29.99999999999992895 ) ) ;
#4502 = ADVANCED_FACE ( 'NONE', ( #5148, #5086, #3359, #976, #1906, #4172, #1002, #2819, #1993, #3723, #5529, #648, #5118, #5619, #3333, #1065, #3691, #1453, #4640, #2375, #4202, #2874, #4697, #142, #1424, #5173, #559, #1931, #2849, #1035, #616, #2429, #1090, #117, #2900, #4726, #3244, #3747, #4141, #1957, #5059, #4671 ), #55, .T. ) ;
#4503 = ORIENTED_EDGE ( 'NONE', *, *, #4959, .T. ) ;
#4504 = EDGE_LOOP ( 'NONE', ( #1824, #2057, #556, #4441 ) ) ;
#4505 = DIRECTION ( 'NONE',  ( 2.775557561562891844E-16, 0.000000000000000000, -1.000000000000000000 ) ) ;
#4506 = DIRECTION ( 'NONE',  ( 2.775557561562890365E-16, 0.000000000000000000, 1.000000000000000000 ) ) ;
#4507 = CARTESIAN_POINT ( 'NONE',  ( -5.357414193360693133, -7.000000000000000000, 44.24010619321096982 ) ) ;
#4508 = CARTESIAN_POINT ( 'NONE',  ( 6.246631185938725572, 3.000000000000000000, 54.99999999999999289 ) ) ;
#4509 = FACE_OUTER_BOUND ( 'NONE', #2972, .T. ) ;
#4510 = FACE_OUTER_BOUND ( 'NONE', #1451, .T. ) ;
#4511 = CARTESIAN_POINT ( 'NONE',  ( 6.246631185938725572, 0.000000000000000000, 54.99999999999999289 ) ) ;
#4512 = EDGE_LOOP ( 'NONE', ( #762, #745 ) ) ;
#4513 = CARTESIAN_POINT ( 'NONE',  ( 74.64663118593873037, 0.000000000000000000, 54.99999999999992895 ) ) ;
#4514 = ORIENTED_EDGE ( 'NONE', *, *, #951, .T. ) ;
#4515 = DIRECTION ( 'NONE',  ( -1.000000000000000000, 0.000000000000000000, 5.551115123125781716E-16 ) ) ;
#4516 = ORIENTED_EDGE ( 'NONE', *, *, #4212, .F. ) ;
#4517 = EDGE_CURVE ( 'NONE', #2174, #2222, #2789, .T. ) ;
#4518 = LINE ( 'NONE', #409, #192 ) ;
#4519 = CARTESIAN_POINT ( 'NONE',  ( 13.04663118593872539, 0.000000000000000000, 29.99999999999991473 ) ) ;
#4520 = ADVANCED_FACE ( 'NONE', ( #526 ), #2343, .F. ) ;
#4521 = VERTEX_POINT ( 'NONE', #3142 ) ;
#4522 = LINE ( 'NONE', #5377, #1132 ) ;
#4523 = ORIENTED_EDGE ( 'NONE', *, *, #5248, .T. ) ;
#4524 = EDGE_LOOP ( 'NONE', ( #614, #24 ) ) ;
#4525 = FACE_BOUND ( 'NONE', #4769, .T. ) ;
#4526 = LINE ( 'NONE', #1755, #1405 ) ;
#4527 = ADVANCED_FACE ( 'NONE', ( #2663 ), #5739, .F. ) ;
#4528 = ORIENTED_EDGE ( 'NONE', *, *, #4318, .F. ) ;
#4529 = ORIENTED_EDGE ( 'NONE', *, *, #598, .F. ) ;
#4530 = LINE ( 'NONE', #3183, #5794 ) ;
#4531 = AXIS2_PLACEMENT_3D ( 'NONE', #1140, #2954, #666 ) ;
#4532 = DIRECTION ( 'NONE',  ( 0.000000000000000000, 0.000000000000000000, 1.000000000000000000 ) ) ;
#4533 = CIRCLE ( 'NONE', #2248, 1.600000000000004086 ) ;
#4534 = DIRECTION ( 'NONE',  ( 0.000000000000000000, 0.000000000000000000, 1.000000000000000000 ) ) ;
#4535 = VECTOR ( 'NONE', #4588, 1000.000000000000000 ) ;
#4536 = CARTESIAN_POINT ( 'NONE',  ( 16.24663118593872468, 3.001000000000000334, 29.99999999999991473 ) ) ;
#4537 = FACE_OUTER_BOUND ( 'NONE', #4038, .T. ) ;
#4538 = FACE_OUTER_BOUND ( 'NONE', #374, .T. ) ;
#4539 = AXIS2_PLACEMENT_3D ( 'NONE', #1704, #364, #4034 ) ;
#4540 = VERTEX_POINT ( 'NONE', #2084 ) ;
#4541 = CARTESIAN_POINT ( 'NONE',  ( -5.357414193360679810, -7.000000000000000000, -80.24010619321097693 ) ) ;
#4542 = CIRCLE ( 'NONE', #5391, 1.600000000000004086 ) ;
#4543 = VERTEX_POINT ( 'NONE', #3480 ) ;
#4544 = AXIS2_PLACEMENT_3D ( 'NONE', #2096, #1166, #1254 ) ;
#4545 = ORIENTED_EDGE ( 'NONE', *, *, #1644, .T. ) ;
#4546 = DIRECTION ( 'NONE',  ( -0.000000000000000000, 1.000000000000000000, -0.000000000000000000 ) ) ;
#4547 = DIRECTION ( 'NONE',  ( -0.000000000000000000, -1.000000000000000000, -0.000000000000000000 ) ) ;
#4548 = VERTEX_POINT ( 'NONE', #4320 ) ;
#4549 = DIRECTION ( 'NONE',  ( 0.000000000000000000, 0.000000000000000000, -1.000000000000000000 ) ) ;
#4550 = VECTOR ( 'NONE', #610, 1000.000000000000000 ) ;
#4551 = ORIENTED_EDGE ( 'NONE', *, *, #4865, .T. ) ;
#4552 = ORIENTED_EDGE ( 'NONE', *, *, #4203, .T. ) ;
#4553 = FACE_BOUND ( 'NONE', #1769, .T. ) ;
#4554 = LINE ( 'NONE', #3121, #4642 ) ;
#4555 = VECTOR ( 'NONE', #3324, 1000.000000000000114 ) ;
#4556 = EDGE_CURVE ( 'NONE', #687, #757, #5290, .T. ) ;
#4557 = ORIENTED_EDGE ( 'NONE', *, *, #2875, .F. ) ;
#4558 = EDGE_CURVE ( 'NONE', #3165, #2237, #4486, .T. ) ;
#4559 = EDGE_LOOP ( 'NONE', ( #1475, #4324 ) ) ;
#4560 = DIRECTION ( 'NONE',  ( 0.000000000000000000, 0.000000000000000000, -1.000000000000000000 ) ) ;
#4561 = CIRCLE ( 'NONE', #5316, 1.600000000000004086 ) ;
#4562 = CARTESIAN_POINT ( 'NONE',  ( -130.9238835285132438, 3.000000000000000000, -94.21587757853252754 ) ) ;
#4563 = LINE ( 'NONE', #3756, #2914 ) ;
#4564 = VECTOR ( 'NONE', #2199, 1000.000000000000000 ) ;
#4565 = AXIS2_PLACEMENT_3D ( 'NONE', #2784, #2399, #5551 ) ;
#4566 = DIRECTION ( 'NONE',  ( 0.000000000000000000, 0.000000000000000000, 1.000000000000000000 ) ) ;
#4568 = EDGE_LOOP ( 'NONE', ( #5624, #1071, #2370, #5241 ) ) ;
#4567 = FACE_OUTER_BOUND ( 'NONE', #353, .T. ) ;
#4569 = DIRECTION ( 'NONE',  ( 0.000000000000000000, -1.000000000000000000, 0.000000000000000000 ) ) ;
#4570 = AXIS2_PLACEMENT_3D ( 'NONE', #4070, #1469, #5875 ) ;
#4571 = VECTOR ( 'NONE', #2514, 1000.000000000000000 ) ;
#4572 = CARTESIAN_POINT ( 'NONE',  ( -115.7144381985054906, 3.000000000000000000, 62.11903875405600672 ) ) ;
#4573 = EDGE_CURVE ( 'NONE', #5532, #2174, #5557, .T. ) ;
#4574 = ORIENTED_EDGE ( 'NONE', *, *, #1387, .F. ) ;
#4575 = ORIENTED_EDGE ( 'NONE', *, *, #5390, .T. ) ;
#4576 = DIRECTION ( 'NONE',  ( -1.927470528863119542E-16, 0.000000000000000000, -1.000000000000000000 ) ) ;
#4577 = CARTESIAN_POINT ( 'NONE',  ( 113.7700000000000102, 0.000000000000000000, -79.20000000000005969 ) ) ;
#4578 = ORIENTED_EDGE ( 'NONE', *, *, #259, .F. ) ;
#4579 = CARTESIAN_POINT ( 'NONE',  ( -88.11443819850511261, -5.000000000000000000, 32.55000000000060822 ) ) ;
#4580 = ORIENTED_EDGE ( 'NONE', *, *, #382, .T. ) ;
#4581 = ORIENTED_EDGE ( 'NONE', *, *, #1762, .T. ) ;
#4582 = DIRECTION ( 'NONE',  ( 0.000000000000000000, 0.000000000000000000, -1.000000000000000000 ) ) ;
#4583 = DIRECTION ( 'NONE',  ( -0.000000000000000000, -1.000000000000000000, -0.000000000000000000 ) ) ;
#4584 = ORIENTED_EDGE ( 'NONE', *, *, #1749, .T. ) ;
#4585 = VERTEX_POINT ( 'NONE', #847 ) ;
#4586 = DIRECTION ( 'NONE',  ( -0.000000000000000000, -0.000000000000000000, -1.000000000000000000 ) ) ;
#4587 = EDGE_CURVE ( 'NONE', #5737, #5199, #4898, .T. ) ;
#4588 = DIRECTION ( 'NONE',  ( -2.775557561562892337E-16, 0.000000000000000000, 1.000000000000000000 ) ) ;
#4589 = DIRECTION ( 'NONE',  ( 0.000000000000000000, 0.000000000000000000, 1.000000000000000000 ) ) ;
#4590 = EDGE_CURVE ( 'NONE', #4129, #768, #2462, .T. ) ;
#4591 = PERSON ( 'æœª', 'æœª', 'æœª', ('æœª'), ('æœª'), ('æœª') ) ;
#4592 = DIRECTION ( 'NONE',  ( -2.775557561562890858E-16, 0.000000000000000000, 1.000000000000000000 ) ) ;
#4594 = ORIENTED_EDGE ( 'NONE', *, *, #127, .F. ) ;
#4593 = DIRECTION ( 'NONE',  ( 0.000000000000000000, 0.000000000000000000, 1.000000000000000000 ) ) ;
#4595 = CARTESIAN_POINT ( 'NONE',  ( 89.99999999999997158, 3.000000000000000000, -93.00000000000008527 ) ) ;
#4596 = CARTESIAN_POINT ( 'NONE',  ( 113.7700000000000102, 0.000000000000000000, -80.80000000000006821 ) ) ;
#4597 = EDGE_CURVE ( 'NONE', #499, #1493, #1457, .T. ) ;
#4598 = EDGE_CURVE ( 'NONE', #4995, #1007, #2936, .T. ) ;
#4599 = ORIENTED_EDGE ( 'NONE', *, *, #3391, .F. ) ;
#4600 = ORIENTED_EDGE ( 'NONE', *, *, #1419, .F. ) ;
#4601 = CARTESIAN_POINT ( 'NONE',  ( 6.246631185938738895, 3.001000000000000334, 29.99999999999998579 ) ) ;
#4602 = LINE ( 'NONE', #3769, #3897 ) ;
#4603 = ADVANCED_FACE ( 'NONE', ( #5847 ), #1770, .F. ) ;
#4604 = ORIENTED_EDGE ( 'NONE', *, *, #3089, .F. ) ;
#4605 = DIRECTION ( 'NONE',  ( 0.000000000000000000, 0.000000000000000000, 1.000000000000000000 ) ) ;
#4606 = AXIS2_PLACEMENT_3D ( 'NONE', #3588, #4793, #233 ) ;
#4607 = ORIENTED_EDGE ( 'NONE', *, *, #713, .F. ) ;
#4608 = ORIENTED_EDGE ( 'NONE', *, *, #1861, .T. ) ;
#4609 = DIRECTION ( 'NONE',  ( 0.000000000000000000, 0.000000000000000000, -1.000000000000000000 ) ) ;
#4610 = DIRECTION ( 'NONE',  ( -4.336808689942017736E-16, 0.000000000000000000, 1.000000000000000000 ) ) ;
#4611 = CARTESIAN_POINT ( 'NONE',  ( 94.64663118593860247, 0.000000000000000000, -30.00000000000000000 ) ) ;
#4612 = ORIENTED_EDGE ( 'NONE', *, *, #3152, .T. ) ;
#4613 = ORIENTED_EDGE ( 'NONE', *, *, #5383, .T. ) ;
#4614 = ORIENTED_EDGE ( 'NONE', *, *, #2764, .T. ) ;
#4615 = DIRECTION ( 'NONE',  ( 0.000000000000000000, 0.000000000000000000, -1.000000000000000000 ) ) ;
#4616 = FACE_OUTER_BOUND ( 'NONE', #2433, .T. ) ;
#4617 = DIRECTION ( 'NONE',  ( 0.000000000000000000, 1.000000000000000000, 0.000000000000000000 ) ) ;
#4618 = EDGE_CURVE ( 'NONE', #2719, #3696, #2700, .T. ) ;
#4619 = CARTESIAN_POINT ( 'NONE',  ( 76.24663118593862521, 3.001000000000000334, -54.99999999999992895 ) ) ;
#4620 = VECTOR ( 'NONE', #458, 1000.000000000000000 ) ;
#4621 = DIRECTION ( 'NONE',  ( -0.000000000000000000, -1.000000000000000000, -0.000000000000000000 ) ) ;
#4622 = FACE_OUTER_BOUND ( 'NONE', #5501, .T. ) ;
#4623 = CARTESIAN_POINT ( 'NONE',  ( 4.646631185938721487, 3.000000000000000000, 54.99999999999999289 ) ) ;
#4624 = EDGE_CURVE ( 'NONE', #4458, #3856, #2051, .T. ) ;
#4625 = CIRCLE ( 'NONE', #1199, 1.600000000000011191 ) ;
#4626 = AXIS2_PLACEMENT_3D ( 'NONE', #506, #5125, #2827 ) ;
#4627 = ORIENTED_EDGE ( 'NONE', *, *, #1086, .F. ) ;
#4628 = EDGE_CURVE ( 'NONE', #4206, #2191, #3389, .T. ) ;
#4629 = VERTEX_POINT ( 'NONE', #2556 ) ;
#4630 = DIRECTION ( 'NONE',  ( -0.000000000000000000, -1.000000000000000000, -0.000000000000000000 ) ) ;
#4631 = AXIS2_PLACEMENT_3D ( 'NONE', #1872, #5471, #5117 ) ;
#4632 = FACE_OUTER_BOUND ( 'NONE', #2607, .T. ) ;
#4633 = EDGE_CURVE ( 'NONE', #5675, #5518, #1564, .T. ) ;
#4634 = ORIENTED_EDGE ( 'NONE', *, *, #1867, .T. ) ;
#4635 = CIRCLE ( 'NONE', #3005, 1.600000000000000755 ) ;
#4636 = CARTESIAN_POINT ( 'NONE',  ( 69.76999999999998181, 0.000000000000000000, -74.40000000000006253 ) ) ;
#4637 = ORIENTED_EDGE ( 'NONE', *, *, #4440, .T. ) ;
#4638 = ORIENTED_EDGE ( 'NONE', *, *, #5622, .F. ) ;
#4639 = CARTESIAN_POINT ( 'NONE',  ( 30.22999999999997200, 0.000000000000000000, 72.80000000000005400 ) ) ;
#4640 = FACE_BOUND ( 'NONE', #4724, .T. ) ;
#4641 = CARTESIAN_POINT ( 'NONE',  ( 4.646631185938609576, 3.001000000000000334, -54.99999999999999289 ) ) ;
#4642 = VECTOR ( 'NONE', #4949, 1000.000000000000000 ) ;
#4643 = EDGE_CURVE ( 'NONE', #1819, #341, #1597, .T. ) ;
#4644 = ORIENTED_EDGE ( 'NONE', *, *, #3178, .T. ) ;
#4645 = ORIENTED_EDGE ( 'NONE', *, *, #4834, .F. ) ;
#4646 = ORIENTED_EDGE ( 'NONE', *, *, #5650, .F. ) ;
#4647 = DIRECTION ( 'NONE',  ( 0.000000000000000000, 0.000000000000000000, 1.000000000000000000 ) ) ;
#4648 = PLANE ( 'NONE',  #65 ) ;
#4649 = AXIS2_PLACEMENT_3D ( 'NONE', #2602, #1557, #3381 ) ;
#4650 = DIRECTION ( 'NONE',  ( 0.000000000000000000, 0.000000000000000000, 1.000000000000000000 ) ) ;
#4651 = VECTOR ( 'NONE', #5366, 1000.000000000000000 ) ;
#4652 = VECTOR ( 'NONE', #3511, 1000.000000000000000 ) ;
#4653 = PLANE ( 'NONE',  #5222 ) ;
#4654 = CYLINDRICAL_SURFACE ( 'NONE', #912, 29.99999999999997868 ) ;
#4655 = CARTESIAN_POINT ( 'NONE',  ( 69.76999999999998181, 0.000000000000000000, -71.20000000000005969 ) ) ;
#4656 = LINE ( 'NONE', #2418, #4830 ) ;
#4657 = CIRCLE ( 'NONE', #376, 1.600000000000004086 ) ;
#4658 = AXIS2_PLACEMENT_3D ( 'NONE', #1807, #4515, #5438 ) ;
#4659 = ORIENTED_EDGE ( 'NONE', *, *, #845, .T. ) ;
#4660 = VECTOR ( 'NONE', #3081, 999.9999999999998863 ) ;
#4661 = VECTOR ( 'NONE', #4795, 1000.000000000000000 ) ;
#4662 = ORIENTED_EDGE ( 'NONE', *, *, #5752, .T. ) ;
#4663 = CARTESIAN_POINT ( 'NONE',  ( -145.3644381985056953, 3.000000000000000000, 14.00000000000000178 ) ) ;
#4664 = EDGE_CURVE ( 'NONE', #622, #1649, #1158, .T. ) ;
#4665 = CARTESIAN_POINT ( 'NONE',  ( -5.357414193360693133, 0.000000000000000000, -44.24010619321096982 ) ) ;
#4666 = VERTEX_POINT ( 'NONE', #4346 ) ;
#4667 = FACE_OUTER_BOUND ( 'NONE', #2483, .T. ) ;
#4668 = ORIENTED_EDGE ( 'NONE', *, *, #5657, .F. ) ;
#4669 = ORIENTED_EDGE ( 'NONE', *, *, #2454, .T. ) ;
#4670 = CARTESIAN_POINT ( 'NONE',  ( -5.357414193360679810, 0.000000000000000000, 80.24010619321097693 ) ) ;
#4671 = FACE_BOUND ( 'NONE', #2855, .T. ) ;
#4672 = DIRECTION ( 'NONE',  ( -4.336808689942017736E-16, -0.000000000000000000, 1.000000000000000000 ) ) ;
#4673 = EDGE_CURVE ( 'NONE', #4877, #5593, #262, .T. ) ;
#4674 = ORIENTED_EDGE ( 'NONE', *, *, #809, .F. ) ;
#4675 = EDGE_CURVE ( 'NONE', #2512, #3742, #3053, .T. ) ;
#4676 = ORIENTED_EDGE ( 'NONE', *, *, #1686, .F. ) ;
#4677 = VERTEX_POINT ( 'NONE', #4378 ) ;
#4678 = CARTESIAN_POINT ( 'NONE',  ( 74.22999999999996135, 0.000000000000000000, 80.80000000000006821 ) ) ;
#4679 = PLANE ( 'NONE',  #3773 ) ;
#4680 = EDGE_CURVE ( 'NONE', #1740, #1312, #2115, .T. ) ;
#4681 = DIRECTION ( 'NONE',  ( 2.775557561562892337E-16, 0.000000000000000000, 1.000000000000000000 ) ) ;
#4682 = LINE ( 'NONE', #3791, #184 ) ;
#4683 = CARTESIAN_POINT ( 'NONE',  ( 76.24663118593873889, 3.000000000000000000, 29.99999999999992895 ) ) ;
#4684 = CARTESIAN_POINT ( 'NONE',  ( -33.35741419336067537, -7.000000000000000000, 81.84010619321098545 ) ) ;
#4685 = CARTESIAN_POINT ( 'NONE',  ( 76.24663118593862521, 0.000000000000000000, -29.99999999999992895 ) ) ;
#4686 = ORIENTED_EDGE ( 'NONE', *, *, #4866, .F. ) ;
#4687 = DIRECTION ( 'NONE',  ( -0.000000000000000000, -1.000000000000000000, -0.000000000000000000 ) ) ;
#4688 = ORIENTED_EDGE ( 'NONE', *, *, #1357, .F. ) ;
#4689 = CYLINDRICAL_SURFACE ( 'NONE', #2005, 1.499999999999994449 ) ;
#4690 = DIRECTION ( 'NONE',  ( 0.000000000000000000, 0.000000000000000000, 1.000000000000000000 ) ) ;
#4691 = VERTEX_POINT ( 'NONE', #1833 ) ;
#4692 = EDGE_CURVE ( 'NONE', #4200, #77, #3227, .T. ) ;
#4693 = CARTESIAN_POINT ( 'NONE',  ( -75.12344610756727548, 3.000000000000000000, 0.000000000000000000 ) ) ;
#4694 = ORIENTED_EDGE ( 'NONE', *, *, #2225, .T. ) ;
#4695 = VERTEX_POINT ( 'NONE', #2715 ) ;
#4696 = CARTESIAN_POINT ( 'NONE',  ( 96.24663118593872468, 3.001000000000000334, 55.00000000000000000 ) ) ;
#4697 = FACE_BOUND ( 'NONE', #3273, .T. ) ;
#4698 = CARTESIAN_POINT ( 'NONE',  ( 30.22999999999997200, 0.000000000000000000, 71.20000000000007390 ) ) ;
#4699 = EDGE_CURVE ( 'NONE', #863, #93, #2804, .T. ) ;
#4700 = DIRECTION ( 'NONE',  ( -0.000000000000000000, -1.000000000000000000, -0.000000000000000000 ) ) ;
#4701 = ORIENTED_EDGE ( 'NONE', *, *, #3246, .T. ) ;
#4702 = ORIENTED_EDGE ( 'NONE', *, *, #1182, .T. ) ;
#4703 = VERTEX_POINT ( 'NONE', #106 ) ;
#4704 = CARTESIAN_POINT ( 'NONE',  ( 94.64663118593871616, 3.000000000000000000, 28.39999999999999503 ) ) ;
#4705 = EDGE_CURVE ( 'NONE', #3272, #1441, #3823, .T. ) ;
#4706 = CYLINDRICAL_SURFACE ( 'NONE', #4626, 1.600000000000004086 ) ;
#4707 = DIRECTION ( 'NONE',  ( -0.000000000000000000, -1.000000000000000000, -0.000000000000000000 ) ) ;
#4708 = EDGE_CURVE ( 'NONE', #4543, #768, #1054, .T. ) ;
#4709 = DIRECTION ( 'NONE',  ( 0.000000000000000000, -1.000000000000000000, 0.000000000000000000 ) ) ;
#4710 = DIRECTION ( 'NONE',  ( 0.000000000000000000, 0.000000000000000000, 1.000000000000000000 ) ) ;
#4711 = DIRECTION ( 'NONE',  ( -5.551115123125781716E-16, 0.000000000000000000, 1.000000000000000000 ) ) ;
#4712 = CYLINDRICAL_SURFACE ( 'NONE', #5009, 1.499999999999987566 ) ;
#4713 = ORIENTED_EDGE ( 'NONE', *, *, #4938, .T. ) ;
#4714 = DIRECTION ( 'NONE',  ( 0.000000000000000000, 0.000000000000000000, 1.000000000000000000 ) ) ;
#4715 = ORIENTED_EDGE ( 'NONE', *, *, #941, .F. ) ;
#4716 = CARTESIAN_POINT ( 'NONE',  ( -115.7144381985055048, 0.000000000000000000, -63.88096124594392933 ) ) ;
#4717 = EDGE_LOOP ( 'NONE', ( #5417, #2409, #1963, #2379 ) ) ;
#4718 = CIRCLE ( 'NONE', #3874, 1.600000000000004086 ) ;
#4719 = CARTESIAN_POINT ( 'NONE',  ( 99.76999999999999602, 0.000000000000000000, -72.80000000000005400 ) ) ;
#4720 = VERTEX_POINT ( 'NONE', #5049 ) ;
#4721 = DIRECTION ( 'NONE',  ( 0.000000000000000000, 0.000000000000000000, 1.000000000000000000 ) ) ;
#4722 = CIRCLE ( 'NONE', #1584, 1.499999999999980460 ) ;
#4723 = EDGE_LOOP ( 'NONE', ( #4646, #2630, #846, #1877 ) ) ;
#4724 = EDGE_LOOP ( 'NONE', ( #4107, #901, #2982, #978, #2872 ) ) ;
#4725 = COORDINATED_UNIVERSAL_TIME_OFFSET ( 8, 0, .AHEAD. ) ;
#4726 = FACE_BOUND ( 'NONE', #3261, .T. ) ;
#4727 = CIRCLE ( 'NONE', #2161, 1.250000000000007994 ) ;
#4728 = ADVANCED_FACE ( 'NONE', ( #3623 ), #5074, .F. ) ;
#4729 = DIRECTION ( 'NONE',  ( 5.551115123125780730E-16, 0.000000000000000000, 1.000000000000000000 ) ) ;
#4730 = CARTESIAN_POINT ( 'NONE',  ( 93.04663118593860816, 0.000000000000000000, -30.00000000000000000 ) ) ;
#4731 = ORIENTED_EDGE ( 'NONE', *, *, #4932, .F. ) ;
#4732 = AXIS2_PLACEMENT_3D ( 'NONE', #3434, #5247, #3040 ) ;
#4733 = EDGE_LOOP ( 'NONE', ( #4638, #5727, #1033, #3296, #1635 ) ) ;
#4734 = ORIENTED_EDGE ( 'NONE', *, *, #4852, .T. ) ;
#4735 = CARTESIAN_POINT ( 'NONE',  ( -125.7144381985055333, 0.000000000000000000, 64.67164498816627827 ) ) ;
#4736 = DIRECTION ( 'NONE',  ( -0.000000000000000000, -1.000000000000000000, -0.000000000000000000 ) ) ;
#4737 = ADVANCED_FACE ( 'NONE', ( #902 ), #1409, .F. ) ;
#4738 = CARTESIAN_POINT ( 'NONE',  ( 55.76999999999998181, 3.000000000000000000, -82.40000000000006253 ) ) ;
#4739 = VECTOR ( 'NONE', #3058, 1000.000000000000000 ) ;
#4740 = EDGE_CURVE ( 'NONE', #2869, #1997, #1812, .T. ) ;
#4741 = LINE ( 'NONE', #3852, #1233 ) ;
#4742 = AXIS2_PLACEMENT_3D ( 'NONE', #4110, #5441, #4044 ) ;
#4743 = DIRECTION ( 'NONE',  ( 1.000000000000000000, -0.000000000000000000, 2.775557561562892337E-16 ) ) ;
#4744 = DIRECTION ( 'NONE',  ( -0.000000000000000000, -1.000000000000000000, -0.000000000000000000 ) ) ;
#4745 = CARTESIAN_POINT ( 'NONE',  ( -80.71443819850549062, 3.000000000000000000, 63.61903875405599962 ) ) ;
#4746 = VECTOR ( 'NONE', #2356, 1000.000000000000000 ) ;
#4747 = AXIS2_PLACEMENT_3D ( 'NONE', #795, #3993, #438 ) ;
#4748 = ADVANCED_FACE ( 'NONE', ( #3259 ), #1921, .T. ) ;
#4749 = VERTEX_POINT ( 'NONE', #4572 ) ;
#4750 = CARTESIAN_POINT ( 'NONE',  ( 39.99999999999997158, 0.000000000000000000, -92.99999999999994316 ) ) ;
#4751 = DIRECTION ( 'NONE',  ( 0.000000000000000000, 0.000000000000000000, -1.000000000000000000 ) ) ;
#4752 = AXIS2_PLACEMENT_3D ( 'NONE', #2707, #2239, #4615 ) ;
#4753 = VECTOR ( 'NONE', #2844, 1000.000000000000000 ) ;
#4754 = ORIENTED_EDGE ( 'NONE', *, *, #5511, .F. ) ;
#4755 = EDGE_CURVE ( 'NONE', #1039, #2459, #965, .T. ) ;
#4756 = DIRECTION ( 'NONE',  ( 0.000000000000000000, 0.000000000000000000, 1.000000000000000000 ) ) ;
#4757 = AXIS2_PLACEMENT_3D ( 'NONE', #4903, #3596, #5373 ) ;
#4758 = ORIENTED_EDGE ( 'NONE', *, *, #1122, .T. ) ;
#4759 = CIRCLE ( 'NONE', #479, 30.00000000000000000 ) ;
#4760 = LINE ( 'NONE', #677, #2002 ) ;
#4761 = ORIENTED_EDGE ( 'NONE', *, *, #1978, .T. ) ;
#4762 = ORIENTED_EDGE ( 'NONE', *, *, #4780, .F. ) ;
#4763 = CARTESIAN_POINT ( 'NONE',  ( 15.30514119515825300, 0.000000000000000000, -119.9999999999999716 ) ) ;
#4764 = AXIS2_PLACEMENT_3D ( 'NONE', #5486, #3226, #2277 ) ;
#4765 = CARTESIAN_POINT ( 'NONE',  ( 96.24663118593861100, 3.001000000000000334, -55.00000000000000000 ) ) ;
#4766 = VECTOR ( 'NONE', #3648, 1000.000000000000000 ) ;
#4767 = LINE ( 'NONE', #1188, #4661 ) ;
#4768 = EDGE_LOOP ( 'NONE', ( #5527, #3086 ) ) ;
#4769 = EDGE_LOOP ( 'NONE', ( #903, #5468, #1223, #4188, #2326 ) ) ;
#4770 = EDGE_LOOP ( 'NONE', ( #3902, #4252, #2220, #5193 ) ) ;
#4771 = DIRECTION ( 'NONE',  ( -0.000000000000000000, -1.000000000000000000, -0.000000000000000000 ) ) ;
#4772 = DIRECTION ( 'NONE',  ( 0.000000000000000000, 0.000000000000000000, 1.000000000000000000 ) ) ;
#4773 = CARTESIAN_POINT ( 'NONE',  ( 86.24663118593872468, 3.001000000000000334, 55.00000000000000000 ) ) ;
#4774 = VECTOR ( 'NONE', #4153, 1000.000000000000000 ) ;
#4775 = EDGE_CURVE ( 'NONE', #4677, #3829, #2328, .T. ) ;
#4776 = DIRECTION ( 'NONE',  ( -0.000000000000000000, -1.000000000000000000, -0.000000000000000000 ) ) ;
#4777 = CARTESIAN_POINT ( 'NONE',  ( 76.24663118593862521, 3.000000000000000000, -54.99999999999992895 ) ) ;
#4778 = CARTESIAN_POINT ( 'NONE',  ( 13.04663118593860105, 3.000000000000000000, -54.99999999999992184 ) ) ;
#4779 = DIRECTION ( 'NONE',  ( -0.000000000000000000, -1.000000000000000000, -0.000000000000000000 ) ) ;
#4780 = EDGE_CURVE ( 'NONE', #1153, #2424, #1356, .T. ) ;
#4781 = ORIENTED_EDGE ( 'NONE', *, *, #4573, .T. ) ;
#4782 = DIRECTION ( 'NONE',  ( 1.000000000000000000, -0.000000000000000000, 0.000000000000000000 ) ) ;
#4783 = DIRECTION ( 'NONE',  ( -2.775557561562890365E-16, -0.000000000000000000, 1.000000000000000000 ) ) ;
#4784 = ORIENTED_EDGE ( 'NONE', *, *, #3757, .F. ) ;
#4785 = EDGE_CURVE ( 'NONE', #2864, #5593, #1251, .T. ) ;
#4786 = CARTESIAN_POINT ( 'NONE',  ( 13.04663118593861526, 3.001000000000000334, -29.99999999999991473 ) ) ;
#4787 = ADVANCED_FACE ( 'NONE', ( #4989 ), #5459, .F. ) ;
#4788 = ORIENTED_EDGE ( 'NONE', *, *, #1944, .T. ) ;
#4789 = CARTESIAN_POINT ( 'NONE',  ( 69.76999999999998181, 3.000000000000000000, -71.20000000000005969 ) ) ;
#4790 = ORIENTED_EDGE ( 'NONE', *, *, #5747, .F. ) ;
#4791 = VERTEX_POINT ( 'NONE', #429 ) ;
#4792 = APPROVAL_STATUS ( 'not_yet_approved' ) ;
#4793 = DIRECTION ( 'NONE',  ( -0.000000000000000000, -1.000000000000000000, -0.000000000000000000 ) ) ;
#4794 = LINE ( 'NONE', #4879, #2171 ) ;
#4795 = DIRECTION ( 'NONE',  ( -0.000000000000000000, 1.000000000000000000, -0.000000000000000000 ) ) ;
#4796 = ORIENTED_EDGE ( 'NONE', *, *, #5720, .T. ) ;
#4797 = ORIENTED_EDGE ( 'NONE', *, *, #5038, .T. ) ;
#4798 = ORIENTED_EDGE ( 'NONE', *, *, #4397, .F. ) ;
#4799 = LINE ( 'NONE', #1270, #4564 ) ;
#4800 = CARTESIAN_POINT ( 'NONE',  ( -115.7144381985054906, 3.001000000000000334, 65.11903875405600672 ) ) ;
#4801 = CARTESIAN_POINT ( 'NONE',  ( 60.22999999999996135, 0.000000000000000000, 72.80000000000006821 ) ) ;
#4802 = AXIS2_PLACEMENT_3D ( 'NONE', #3298, #590, #1873 ) ;
#4803 = DIRECTION ( 'NONE',  ( 0.000000000000000000, 0.000000000000000000, 1.000000000000000000 ) ) ;
#4804 = CARTESIAN_POINT ( 'NONE',  ( 23.04663118593871829, 0.000000000000000000, 54.99999999999985789 ) ) ;
#4805 = LINE ( 'NONE', #4778, #3965 ) ;
#4806 = CARTESIAN_POINT ( 'NONE',  ( 69.76999999999998181, 0.000000000000000000, -71.20000000000005969 ) ) ;
#4807 = CC_DESIGN_PERSON_AND_ORGANIZATION_ASSIGNMENT ( #4319, #2992, ( #2163 ) ) ;
#4808 = ORIENTED_EDGE ( 'NONE', *, *, #2235, .F. ) ;
#4809 = CARTESIAN_POINT ( 'NONE',  ( 39.99999999999997158, 3.000000000000000000, 93.00000000000005684 ) ) ;
#4810 = FACE_OUTER_BOUND ( 'NONE', #1653, .T. ) ;
#4811 = ADVANCED_FACE ( 'NONE', ( #1803 ), #3166, .F. ) ;
#4812 = ORIENTED_EDGE ( 'NONE', *, *, #3546, .F. ) ;
#4813 = VECTOR ( 'NONE', #288, 1000.000000000000000 ) ;
#4814 = CARTESIAN_POINT ( 'NONE',  ( -155.7144381985054622, 3.000000000000000000, -64.67164498816627827 ) ) ;
#4815 = EDGE_CURVE ( 'NONE', #2222, #2340, #2826, .T. ) ;
#4816 = ORIENTED_EDGE ( 'NONE', *, *, #3369, .T. ) ;
#4817 = DIRECTION ( 'NONE',  ( -2.775557561562891844E-16, -0.000000000000000000, -1.000000000000000000 ) ) ;
#4818 = EDGE_LOOP ( 'NONE', ( #5662, #888, #3512, #3752 ) ) ;
#4819 = VECTOR ( 'NONE', #221, 1000.000000000000000 ) ;
#4820 = ORIENTED_EDGE ( 'NONE', *, *, #941, .T. ) ;
#4821 = AXIS2_PLACEMENT_3D ( 'NONE', #2218, #4124, #5432 ) ;
#4822 = DIRECTION ( 'NONE',  ( -0.000000000000000000, 1.000000000000000000, -0.000000000000000000 ) ) ;
#4823 = CARTESIAN_POINT ( 'NONE',  ( 113.7700000000000102, 0.000000000000000000, -82.40000000000007674 ) ) ;
#4824 = ADVANCED_FACE ( 'NONE', ( #491 ), #2774, .F. ) ;
#4825 = DIRECTION ( 'NONE',  ( -1.000000000000000000, 0.000000000000000000, -0.000000000000000000 ) ) ;
#4826 = VECTOR ( 'NONE', #4506, 1000.000000000000000 ) ;
#4827 = EDGE_LOOP ( 'NONE', ( #2238, #5416, #5764, #4734 ) ) ;
#4828 = VERTEX_POINT ( 'NONE', #1321 ) ;
#4829 = ORIENTED_EDGE ( 'NONE', *, *, #2885, .F. ) ;
#4830 = VECTOR ( 'NONE', #1492, 1000.000000000000000 ) ;
#4831 = LINE ( 'NONE', #690, #923 ) ;
#4832 = AXIS2_PLACEMENT_3D ( 'NONE', #207, #3811, #1629 ) ;
#4833 = DIRECTION ( 'NONE',  ( 0.000000000000000000, 0.000000000000000000, 1.000000000000000000 ) ) ;
#4834 = EDGE_CURVE ( 'NONE', #5731, #5534, #4246, .T. ) ;
#4835 = AXIS2_PLACEMENT_3D ( 'NONE', #5394, #484, #4589 ) ;
#4836 = APPLICATION_CONTEXT ( 'configuration controlled 3d designs of mechanical parts and assemblies' ) ;
#4837 = CARTESIAN_POINT ( 'NONE',  ( 26.24663118593873534, 3.000000000000000000, 29.99999999999986144 ) ) ;
#4838 = CARTESIAN_POINT ( 'NONE',  ( 66.24663118593861100, 3.000000000000000000, -54.99999999999986500 ) ) ;
#4839 = CARTESIAN_POINT ( 'NONE',  ( 131.9999999999999432, -0.001000000000000132727, 42.09008114612898765 ) ) ;
#4840 = PLANE ( 'NONE',  #350 ) ;
#4841 = EDGE_LOOP ( 'NONE', ( #5372, #4987, #3568, #4460, #2140 ) ) ;
#4842 = DIRECTION ( 'NONE',  ( 0.000000000000000000, 0.000000000000000000, 1.000000000000000000 ) ) ;
#4843 = LINE ( 'NONE', #4872, #478 ) ;
#4844 = ORIENTED_EDGE ( 'NONE', *, *, #4598, .T. ) ;
#4845 = CIRCLE ( 'NONE', #4742, 1.499999999999994449 ) ;
#4846 = DIRECTION ( 'NONE',  ( 0.000000000000000000, 0.000000000000000000, 1.000000000000000000 ) ) ;
#4847 = VERTEX_POINT ( 'NONE', #2187 ) ;
#4848 = DIRECTION ( 'NONE',  ( -2.775557561562890858E-16, 0.000000000000000000, -1.000000000000000000 ) ) ;
#4849 = AXIS2_PLACEMENT_3D ( 'NONE', #4890, #3549, #1283 ) ;
#4850 = CIRCLE ( 'NONE', #4942, 1.600000000000004086 ) ;
#4851 = ORIENTED_EDGE ( 'NONE', *, *, #1498, .F. ) ;
#4852 = EDGE_CURVE ( 'NONE', #5064, #5257, #1590, .T. ) ;
#4853 = ORIENTED_EDGE ( 'NONE', *, *, #112, .F. ) ;
#4854 = DIRECTION ( 'NONE',  ( 0.000000000000000000, 0.000000000000000000, 1.000000000000000000 ) ) ;
#4855 = VECTOR ( 'NONE', #4109, 1000.000000000000000 ) ;
#4856 = AXIS2_PLACEMENT_3D ( 'NONE', #5143, #2019, #2931 ) ;
#4857 = DIRECTION ( 'NONE',  ( -0.000000000000000000, -1.000000000000000000, -0.000000000000000000 ) ) ;
#4858 = DIRECTION ( 'NONE',  ( 0.000000000000000000, 0.000000000000000000, -1.000000000000000000 ) ) ;
#4859 = VERTEX_POINT ( 'NONE', #1738 ) ;
#4860 = ORIENTED_EDGE ( 'NONE', *, *, #3733, .T. ) ;
#4861 = AXIS2_PLACEMENT_3D ( 'NONE', #4152, #964, #3619 ) ;
#4862 = AXIS2_PLACEMENT_3D ( 'NONE', #3540, #5376, #5768 ) ;
#4863 = CARTESIAN_POINT ( 'NONE',  ( 3.046631185938716957, 3.000000000000000000, 54.99999999999999289 ) ) ;
#4864 = DIRECTION ( 'NONE',  ( -0.000000000000000000, 1.000000000000000000, -0.000000000000000000 ) ) ;
#4865 = EDGE_CURVE ( 'NONE', #4024, #5832, #1004, .T. ) ;
#4866 = EDGE_CURVE ( 'NONE', #4666, #3230, #1376, .T. ) ;
#4867 = DIRECTION ( 'NONE',  ( 0.000000000000000000, 1.000000000000000000, 0.000000000000000000 ) ) ;
#4868 = CARTESIAN_POINT ( 'NONE',  ( 131.9999999999999432, 3.000000000000000000, -41.90991885387104787 ) ) ;
#4869 = DIRECTION ( 'NONE',  ( 0.000000000000000000, 1.000000000000000000, -0.000000000000000000 ) ) ;
#4870 = DIRECTION ( 'NONE',  ( 0.000000000000000000, 0.000000000000000000, 1.000000000000000000 ) ) ;
#4871 = CARTESIAN_POINT ( 'NONE',  ( 66.24663118593861100, 3.000000000000000000, -29.99999999999986144 ) ) ;
#4872 = CARTESIAN_POINT ( 'NONE',  ( 60.22999999999996135, 0.000000000000000000, 71.20000000000007390 ) ) ;
#4873 = ORIENTED_EDGE ( 'NONE', *, *, #5248, .F. ) ;
#4874 = DIRECTION ( 'NONE',  ( -0.000000000000000000, -1.000000000000000000, -0.000000000000000000 ) ) ;
#4875 = ORIENTED_EDGE ( 'NONE', *, *, #3987, .F. ) ;
#4876 = CARTESIAN_POINT ( 'NONE',  ( 117.9999999999999432, 3.000000000000000000, 40.49008114612894360 ) ) ;
#4877 = VERTEX_POINT ( 'NONE', #1353 ) ;
#4878 = EDGE_LOOP ( 'NONE', ( #435, #60, #4312, #181 ) ) ;
#4879 = CARTESIAN_POINT ( 'NONE',  ( 89.99999999999997158, 3.000000000000000000, 120.0000000000000284 ) ) ;
#4880 = EDGE_CURVE ( 'NONE', #3176, #1445, #3224, .T. ) ;
#4881 = CYLINDRICAL_SURFACE ( 'NONE', #385, 1.600000000000004086 ) ;
#4882 = LINE ( 'NONE', #1449, #2365 ) ;
#4883 = ORIENTED_EDGE ( 'NONE', *, *, #1978, .F. ) ;
#4884 = ORIENTED_EDGE ( 'NONE', *, *, #4852, .F. ) ;
#4885 = FACE_BOUND ( 'NONE', #4384, .T. ) ;
#4886 = ADVANCED_FACE ( 'NONE', ( #874 ), #5367, .F. ) ;
#4887 = CARTESIAN_POINT ( 'NONE',  ( -144.7144381985054906, -5.000000000000000000, 30.05000000000028848 ) ) ;
#4888 = ADVANCED_FACE ( 'NONE', ( #3102 ), #5044, .T. ) ;
#4889 = ORIENTED_EDGE ( 'NONE', *, *, #331, .F. ) ;
#4890 = CARTESIAN_POINT ( 'NONE',  ( 64.64663118593860247, 3.000000000000000000, -29.99999999999986144 ) ) ;
#4891 = DIRECTION ( 'NONE',  ( 0.000000000000000000, 0.000000000000000000, -1.000000000000000000 ) ) ;
#4892 = CARTESIAN_POINT ( 'NONE',  ( -5.357414193360679810, 3.000000000000000000, 81.84010619321099966 ) ) ;
#4893 = DIRECTION ( 'NONE',  ( 0.000000000000000000, 0.000000000000000000, -1.000000000000000000 ) ) ;
#4894 = CYLINDRICAL_SURFACE ( 'NONE', #3221, 1.600000000000004086 ) ;
#4895 = DIRECTION ( 'NONE',  ( -1.000000000000000000, 0.000000000000000000, 0.000000000000000000 ) ) ;
#4896 = VERTEX_POINT ( 'NONE', #930 ) ;
#4897 = DIRECTION ( 'NONE',  ( -8.789265611615822940E-16, 0.000000000000000000, 1.000000000000000000 ) ) ;
#4898 = CIRCLE ( 'NONE', #1761, 1.600000000000004086 ) ;
#4899 = ADVANCED_FACE ( 'NONE', ( #4510 ), #2302, .T. ) ;
#4900 = EDGE_LOOP ( 'NONE', ( #4637, #5018, #394, #441 ) ) ;
#4901 = CARTESIAN_POINT ( 'NONE',  ( 64.64663118593860247, 3.001000000000000334, -54.99999999999986500 ) ) ;
#4902 = VERTEX_POINT ( 'NONE', #5872 ) ;
#4903 = CARTESIAN_POINT ( 'NONE',  ( -33.35741419336067537, 0.000000000000000000, -80.24010619321096272 ) ) ;
#4904 = ORIENTED_EDGE ( 'NONE', *, *, #698, .T. ) ;
#4905 = DIRECTION ( 'NONE',  ( 1.000000000000000000, -0.000000000000000000, 5.551115123125781716E-16 ) ) ;
#4906 = LINE ( 'NONE', #5741, #5801 ) ;
#4907 = DIRECTION ( 'NONE',  ( 0.000000000000000000, 0.000000000000000000, -1.000000000000000000 ) ) ;
#4908 = CIRCLE ( 'NONE', #2533, 1.499999999999987566 ) ;
#4909 = ORIENTED_EDGE ( 'NONE', *, *, #5263, .T. ) ;
#4910 = ORIENTED_EDGE ( 'NONE', *, *, #3923, .T. ) ;
#4911 = ADVANCED_FACE ( 'NONE', ( #400 ), #426, .F. ) ;
#4912 = DIRECTION ( 'NONE',  ( 0.000000000000000000, 0.000000000000000000, 1.000000000000000000 ) ) ;
#4913 = VECTOR ( 'NONE', #3010, 1000.000000000000000 ) ;
#4914 = LINE ( 'NONE', #4887, #268 ) ;
#4915 = AXIS2_PLACEMENT_3D ( 'NONE', #332, #1169, #2978 ) ;
#4916 = VERTEX_POINT ( 'NONE', #4985 ) ;
#4917 = CARTESIAN_POINT ( 'NONE',  ( 93.04663118593860816, 0.000000000000000000, -55.00000000000000000 ) ) ;
#4918 = CIRCLE ( 'NONE', #3495, 1.599999999999990319 ) ;
#4919 = EDGE_CURVE ( 'NONE', #2891, #2372, #3867, .T. ) ;
#4920 = LINE ( 'NONE', #5360, #1677 ) ;
#4921 = DIRECTION ( 'NONE',  ( -0.000000000000000000, 1.000000000000000000, -0.000000000000000000 ) ) ;
#4922 = CYLINDRICAL_SURFACE ( 'NONE', #4356, 1.599999999999997202 ) ;
#4923 = ADVANCED_FACE ( 'NONE', ( #4567 ), #488, .F. ) ;
#4924 = VECTOR ( 'NONE', #3585, 1000.000000000000000 ) ;
#4925 = DIRECTION ( 'NONE',  ( 0.000000000000000000, 0.000000000000000000, 1.000000000000000000 ) ) ;
#4926 = DIRECTION ( 'NONE',  ( 0.000000000000000000, 0.000000000000000000, -1.000000000000000000 ) ) ;
#4927 = DIRECTION ( 'NONE',  ( -0.9848077530122093526, 0.000000000000000000, 0.1736481776669234478 ) ) ;
#4928 = ORIENTED_EDGE ( 'NONE', *, *, #3338, .T. ) ;
#4929 = DIRECTION ( 'NONE',  ( 0.000000000000000000, 0.000000000000000000, 1.000000000000000000 ) ) ;
#4930 = ADVANCED_FACE ( 'NONE', ( #4537 ), #4036, .F. ) ;
#4931 = VECTOR ( 'NONE', #4672, 1000.000000000000000 ) ;
#4932 = EDGE_CURVE ( 'NONE', #1493, #1340, #5844, .T. ) ;
#4933 = ORIENTED_EDGE ( 'NONE', *, *, #3681, .F. ) ;
#4934 = LINE ( 'NONE', #2581, #4948 ) ;
#4935 = EDGE_LOOP ( 'NONE', ( #3063, #380 ) ) ;
#4936 = PLANE ( 'NONE',  #764 ) ;
#4937 = VECTOR ( 'NONE', #3898, 1000.000000000000000 ) ;
#4938 = EDGE_CURVE ( 'NONE', #95, #2211, #2352, .T. ) ;
#4939 = PLANE ( 'NONE',  #363 ) ;
#4940 = AXIS2_PLACEMENT_3D ( 'NONE', #2711, #5515, #5431 ) ;
#4941 = LINE ( 'NONE', #5349, #3621 ) ;
#4942 = AXIS2_PLACEMENT_3D ( 'NONE', #826, #1339, #3150 ) ;
#4943 = FACE_OUTER_BOUND ( 'NONE', #3634, .T. ) ;
#4944 = ORIENTED_EDGE ( 'NONE', *, *, #3175, .F. ) ;
#4945 = VERTEX_POINT ( 'NONE', #1523 ) ;
#4946 = FACE_BOUND ( 'NONE', #5196, .T. ) ;
#4947 = AXIS2_PLACEMENT_3D ( 'NONE', #2944, #2470, #1571 ) ;
#4948 = VECTOR ( 'NONE', #816, 1000.000000000000000 ) ;
#4949 = DIRECTION ( 'NONE',  ( -0.000000000000000000, 1.000000000000000000, -0.000000000000000000 ) ) ;
#4950 = ORIENTED_EDGE ( 'NONE', *, *, #5641, .F. ) ;
#4951 = AXIS2_PLACEMENT_3D ( 'NONE', #4336, #2422, #1588 ) ;
#4952 = AXIS2_PLACEMENT_3D ( 'NONE', #1621, #4243, #3319 ) ;
#4953 = EDGE_LOOP ( 'NONE', ( #2836, #4232, #5380, #33 ) ) ;
#4954 = CARTESIAN_POINT ( 'NONE',  ( 60.22999999999996135, 3.000000000000000000, 72.80000000000006821 ) ) ;
#4955 = CARTESIAN_POINT ( 'NONE',  ( 24.64663118593873037, 0.000000000000000000, 28.39999999999985647 ) ) ;
#4956 = DIRECTION ( 'NONE',  ( -0.000000000000000000, -1.000000000000000000, -0.000000000000000000 ) ) ;
#4957 = CARTESIAN_POINT ( 'NONE',  ( 63.04663118593860105, 3.001000000000000334, -29.99999999999986144 ) ) ;
#4958 = VECTOR ( 'NONE', #5665, 1000.000000000000000 ) ;
#4959 = EDGE_CURVE ( 'NONE', #2714, #2372, #1104, .T. ) ;
#4960 = CARTESIAN_POINT ( 'NONE',  ( 15.30514119515825300, 3.000000000000000000, 119.9999999999999716 ) ) ;
#4961 = DIRECTION ( 'NONE',  ( 0.000000000000000000, -1.000000000000000000, 0.000000000000000000 ) ) ;
#4962 = DIRECTION ( 'NONE',  ( -0.000000000000000000, -1.000000000000000000, -0.000000000000000000 ) ) ;
#4963 = ORIENTED_EDGE ( 'NONE', *, *, #2346, .F. ) ;
#4964 = DIRECTION ( 'NONE',  ( 0.000000000000000000, 0.000000000000000000, 1.000000000000000000 ) ) ;
#4965 = EDGE_CURVE ( 'NONE', #4114, #4749, #1672, .T. ) ;
#4966 = ORIENTED_EDGE ( 'NONE', *, *, #4959, .F. ) ;
#4967 = DIRECTION ( 'NONE',  ( -0.000000000000000000, 1.000000000000000000, -0.000000000000000000 ) ) ;
#4968 = ORIENTED_EDGE ( 'NONE', *, *, #2145, .F. ) ;
#4969 = CARTESIAN_POINT ( 'NONE',  ( -34.95741419336068390, -7.000000000000000000, -44.24010619321097693 ) ) ;
#4970 = EDGE_CURVE ( 'NONE', #5310, #1039, #3373, .T. ) ;
#4971 = EDGE_CURVE ( 'NONE', #3395, #3829, #4238, .T. ) ;
#4972 = CYLINDRICAL_SURFACE ( 'NONE', #2928, 1.600000000000018074 ) ;
#4973 = ORIENTED_EDGE ( 'NONE', *, *, #3474, .F. ) ;
#4974 = CARTESIAN_POINT ( 'NONE',  ( 69.76999999999998181, 0.000000000000000000, -72.80000000000005400 ) ) ;
#4975 = ORIENTED_EDGE ( 'NONE', *, *, #365, .T. ) ;
#4976 = EDGE_LOOP ( 'NONE', ( #1556, #4523, #4025, #27 ) ) ;
#4977 = DIRECTION ( 'NONE',  ( 0.000000000000000000, 1.000000000000000000, 0.000000000000000000 ) ) ;
#4978 = CARTESIAN_POINT ( 'NONE',  ( 89.99999999999997158, 0.000000000000000000, 120.0000000000000284 ) ) ;
#4979 = EDGE_LOOP ( 'NONE', ( #3380, #1222, #2866, #2309 ) ) ;
#4980 = ORIENTED_EDGE ( 'NONE', *, *, #335, .F. ) ;
#4981 = CARTESIAN_POINT ( 'NONE',  ( 86.49999999999913314, 0.000000000000000000, 46.50000000000002842 ) ) ;
#4982 = DIRECTION ( 'NONE',  ( 0.000000000000000000, 0.000000000000000000, -1.000000000000000000 ) ) ;
#4983 = DIRECTION ( 'NONE',  ( 0.000000000000000000, 1.000000000000000000, 0.000000000000000000 ) ) ;
#4984 = CARTESIAN_POINT ( 'NONE',  ( 117.9999999999999432, 3.000000000000000000, -41.90991885387104787 ) ) ;
#4985 = CARTESIAN_POINT ( 'NONE',  ( -33.35741419336067537, 3.000000000000000000, 81.84010619321098545 ) ) ;
#4986 = PLANE ( 'NONE',  #3047 ) ;
#4987 = ORIENTED_EDGE ( 'NONE', *, *, #5641, .T. ) ;
#4988 = ADVANCED_FACE ( 'NONE', ( #510 ), #2416, .F. ) ;
#4989 = FACE_OUTER_BOUND ( 'NONE', #1802, .T. ) ;
#4990 = EDGE_LOOP ( 'NONE', ( #4674, #5792, #3542, #5134 ) ) ;
#4991 = VERTEX_POINT ( 'NONE', #69 ) ;
#4992 = CARTESIAN_POINT ( 'NONE',  ( 64.64663118593860247, 3.001000000000000334, -29.99999999999986144 ) ) ;
#4993 = DIRECTION ( 'NONE',  ( 5.551115123125781716E-16, 0.000000000000000000, -1.000000000000000000 ) ) ;
#4994 = EDGE_CURVE ( 'NONE', #729, #1478, #1292, .T. ) ;
#4995 = VERTEX_POINT ( 'NONE', #4683 ) ;
#4996 = CARTESIAN_POINT ( 'NONE',  ( 89.99999999999997158, 3.000000000000000000, 120.0000000000000284 ) ) ;
#4997 = ORIENTED_EDGE ( 'NONE', *, *, #985, .F. ) ;
#4998 = ORIENTED_EDGE ( 'NONE', *, *, #3995, .T. ) ;
#4999 = FACE_BOUND ( 'NONE', #4733, .T. ) ;
#5000 = CARTESIAN_POINT ( 'NONE',  ( 74.64663118593861668, 3.001000000000000334, -54.99999999999992895 ) ) ;
#5001 = ORIENTED_EDGE ( 'NONE', *, *, #2414, .F. ) ;
#5002 = ORIENTED_EDGE ( 'NONE', *, *, #5109, .F. ) ;
#5003 = CARTESIAN_POINT ( 'NONE',  ( 4.646631185938734809, 0.000000000000000000, 28.39999999999998082 ) ) ;
#5004 = CIRCLE ( 'NONE', #1101, 1.250000000000001110 ) ;
#5005 = CARTESIAN_POINT ( 'NONE',  ( 6.246631185938614550, 3.000000000000000000, -54.99999999999999289 ) ) ;
#5006 = CIRCLE ( 'NONE', #4251, 1.600000000000004086 ) ;
#5007 = ADVANCED_FACE ( 'NONE', ( #1886 ), #3703, .F. ) ;
#5008 = CARTESIAN_POINT ( 'NONE',  ( 84.64663118593861668, 3.000000000000000000, -56.60000000000000142 ) ) ;
#5009 = AXIS2_PLACEMENT_3D ( 'NONE', #2391, #131, #3348 ) ;
#5010 = VECTOR ( 'NONE', #4031, 1000.000000000000000 ) ;
#5011 = DIRECTION ( 'NONE',  ( 0.000000000000000000, -1.000000000000000000, 0.000000000000000000 ) ) ;
#5013 = EDGE_LOOP ( 'NONE', ( #828, #4816, #4715, #3534 ) ) ;
#5012 = CARTESIAN_POINT ( 'NONE',  ( 159.9999999999999147, 3.000000000000000000, -89.99999999999975842 ) ) ;
#5014 = CARTESIAN_POINT ( 'NONE',  ( 117.9999999999999432, -0.001000000000000132727, 42.09008114612898765 ) ) ;
#5015 = ORIENTED_EDGE ( 'NONE', *, *, #783, .F. ) ;
#5016 = DIRECTION ( 'NONE',  ( 0.7071067811865410224, 0.000000000000000000, -0.7071067811865541231 ) ) ;
#5017 = VECTOR ( 'NONE', #2143, 1000.000000000000000 ) ;
#5018 = ORIENTED_EDGE ( 'NONE', *, *, #4169, .T. ) ;
#5019 = ORIENTED_EDGE ( 'NONE', *, *, #5828, .T. ) ;
#5020 = CARTESIAN_POINT ( 'NONE',  ( 16.22999999999997200, 3.000000000000000000, 82.40000000000004832 ) ) ;
#5021 = CIRCLE ( 'NONE', #462, 1.600000000000004086 ) ;
#5022 = DIRECTION ( 'NONE',  ( -0.000000000000000000, 1.000000000000000000, -0.000000000000000000 ) ) ;
#5023 = ORIENTED_EDGE ( 'NONE', *, *, #4166, .F. ) ;
#5024 = EDGE_CURVE ( 'NONE', #5885, #2132, #5288, .T. ) ;
#5025 = LINE ( 'NONE', #3657, #562 ) ;
#5026 = CIRCLE ( 'NONE', #935, 1.600000000000004086 ) ;
#5027 = VERTEX_POINT ( 'NONE', #3825 ) ;
#5028 = ORIENTED_EDGE ( 'NONE', *, *, #1259, .T. ) ;
#5029 = LINE ( 'NONE', #1001, #1107 ) ;
#5030 = FACE_OUTER_BOUND ( 'NONE', #1870, .T. ) ;
#5031 = VECTOR ( 'NONE', #4592, 1000.000000000000000 ) ;
#5032 = ORIENTED_EDGE ( 'NONE', *, *, #2104, .F. ) ;
#5033 = ORIENTED_EDGE ( 'NONE', *, *, #305, .F. ) ;
#5034 = FACE_OUTER_BOUND ( 'NONE', #5787, .T. ) ;
#5035 = AXIS2_PLACEMENT_3D ( 'NONE', #957, #3697, #3158 ) ;
#5036 = VECTOR ( 'NONE', #3023, 1000.000000000000000 ) ;
#5037 = PLANE ( 'NONE',  #1299 ) ;
#5038 = EDGE_CURVE ( 'NONE', #1371, #3057, #544, .T. ) ;
#5039 = DIRECTION ( 'NONE',  ( -1.000000000000000000, 0.000000000000000000, 0.000000000000000000 ) ) ;
#5040 = EDGE_CURVE ( 'NONE', #1444, #3956, #1550, .T. ) ;
#5041 = CIRCLE ( 'NONE', #2752, 1.600000000000018074 ) ;
#5042 = AXIS2_PLACEMENT_3D ( 'NONE', #5190, #4782, #1528 ) ;
#5043 = CARTESIAN_POINT ( 'NONE',  ( 6.246631185938614550, 3.001000000000000334, -54.99999999999999289 ) ) ;
#5045 = EDGE_LOOP ( 'NONE', ( #4316, #1858, #5444, #2561 ) ) ;
#5044 = PLANE ( 'NONE',  #4059 ) ;
#5046 = DIRECTION ( 'NONE',  ( 0.000000000000000000, 1.000000000000000000, 0.000000000000000000 ) ) ;
#5047 = VECTOR ( 'NONE', #989, 1000.000000000000000 ) ;
#5048 = VECTOR ( 'NONE', #2129, 1000.000000000000000 ) ;
#5049 = CARTESIAN_POINT ( 'NONE',  ( 89.99999999999997158, 0.000000000000000000, -93.00000000000008527 ) ) ;
#5050 = EDGE_LOOP ( 'NONE', ( #1208, #1962, #1879, #973 ) ) ;
#5051 = ORIENTED_EDGE ( 'NONE', *, *, #1135, .T. ) ;
#5052 = DIRECTION ( 'NONE',  ( 0.000000000000000000, 0.000000000000000000, -1.000000000000000000 ) ) ;
#5053 = CARTESIAN_POINT ( 'NONE',  ( 64.64663118593871616, 3.000000000000000000, 28.39999999999985647 ) ) ;
#5054 = EDGE_LOOP ( 'NONE', ( #4963, #1568, #4575, #2434 ) ) ;
#5055 = CARTESIAN_POINT ( 'NONE',  ( 14.64663118593860425, 3.000000000000000000, -56.59999999999993037 ) ) ;
#5056 = ORIENTED_EDGE ( 'NONE', *, *, #4938, .F. ) ;
#5057 = VERTEX_POINT ( 'NONE', #4271 ) ;
#5058 = CARTESIAN_POINT ( 'NONE',  ( 16.22999999999997200, 3.000000000000000000, 79.20000000000003126 ) ) ;
#5059 = FACE_BOUND ( 'NONE', #4841, .T. ) ;
#5060 = EDGE_CURVE ( 'NONE', #3806, #408, #4533, .T. ) ;
#5061 = CARTESIAN_POINT ( 'NONE',  ( 113.7700000000000102, 3.000000000000000000, -82.40000000000007674 ) ) ;
#5062 = ORIENTED_EDGE ( 'NONE', *, *, #46, .F. ) ;
#5063 = EDGE_LOOP ( 'NONE', ( #2706, #5296, #3911, #817, #3396 ) ) ;
#5064 = VERTEX_POINT ( 'NONE', #2800 ) ;
#5065 = CARTESIAN_POINT ( 'NONE',  ( 73.04663118593860816, 3.001000000000000334, -54.99999999999992895 ) ) ;
#5066 = ADVANCED_FACE ( 'NONE', ( #3735 ), #2008, .F. ) ;
#5067 = LINE ( 'NONE', #183, #3967 ) ;
#5068 = DIRECTION ( 'NONE',  ( 0.000000000000000000, 0.000000000000000000, 1.000000000000000000 ) ) ;
#5069 = EDGE_CURVE ( 'NONE', #4695, #2729, #1919, .T. ) ;
#5070 = DIRECTION ( 'NONE',  ( -5.551115123125781716E-16, 0.000000000000000000, -1.000000000000000000 ) ) ;
#5072 = VERTEX_POINT ( 'NONE', #5097 ) ;
#5071 = DIRECTION ( 'NONE',  ( 0.000000000000000000, 0.000000000000000000, -1.000000000000000000 ) ) ;
#5073 = CARTESIAN_POINT ( 'NONE',  ( 55.76999999999998181, 0.000000000000000000, -82.40000000000006253 ) ) ;
#5074 = CYLINDRICAL_SURFACE ( 'NONE', #855, 1.600000000000004086 ) ;
#5075 = ADVANCED_FACE ( 'NONE', ( #1942 ), #4654, .T. ) ;
#5076 = ORIENTED_EDGE ( 'NONE', *, *, #892, .F. ) ;
#5077 = ORIENTED_EDGE ( 'NONE', *, *, #2011, .F. ) ;
#5078 = CARTESIAN_POINT ( 'NONE',  ( 66.24663118593872468, 3.001000000000000334, 29.99999999999986144 ) ) ;
#5079 = EDGE_CURVE ( 'NONE', #341, #3587, #4635, .T. ) ;
#5080 = CARTESIAN_POINT ( 'NONE',  ( 93.04663118593870763, 3.001000000000000334, 55.00000000000000000 ) ) ;
#5081 = ORIENTED_EDGE ( 'NONE', *, *, #4397, .T. ) ;
#5082 = CARTESIAN_POINT ( 'NONE',  ( 6.246631185938630537, 3.000000000000000000, -29.99999999999998579 ) ) ;
#5083 = VERTEX_POINT ( 'NONE', #3312 ) ;
#5084 = ORIENTED_EDGE ( 'NONE', *, *, #202, .T. ) ;
#5085 = DIRECTION ( 'NONE',  ( -0.000000000000000000, -1.000000000000000000, -0.000000000000000000 ) ) ;
#5086 = FACE_BOUND ( 'NONE', #5297, .T. ) ;
#5087 = PLANE ( 'NONE',  #3501 ) ;
#5088 = ORIENTED_EDGE ( 'NONE', *, *, #4558, .F. ) ;
#5089 = ORIENTED_EDGE ( 'NONE', *, *, #4587, .T. ) ;
#5090 = ORIENTED_EDGE ( 'NONE', *, *, #5094, .F. ) ;
#5091 = CARTESIAN_POINT ( 'NONE',  ( 89.99999999999997158, 0.000000000000000000, 120.0000000000000284 ) ) ;
#5092 = CARTESIAN_POINT ( 'NONE',  ( 26.24663118593872824, 3.000000000000000000, 54.99999999999985789 ) ) ;
#5093 = DIRECTION ( 'NONE',  ( -1.000000000000000000, 0.000000000000000000, 2.775557561562892337E-16 ) ) ;
#5094 = EDGE_CURVE ( 'NONE', #4916, #3386, #1771, .T. ) ;
#5095 = CARTESIAN_POINT ( 'NONE',  ( 23.04663118593872539, 3.000000000000000000, 29.99999999999986144 ) ) ;
#5096 = AXIS2_PLACEMENT_3D ( 'NONE', #1668, #219, #1230 ) ;
#5097 = CARTESIAN_POINT ( 'NONE',  ( 84.64663118593871616, 3.000000000000000000, 28.39999999999999503 ) ) ;
#5098 = DIRECTION ( 'NONE',  ( -0.000000000000000000, 1.000000000000000000, -0.000000000000000000 ) ) ;
#5099 = CARTESIAN_POINT ( 'NONE',  ( 16.22999999999997200, 3.000000000000000000, 80.80000000000003979 ) ) ;
#5100 = AXIS2_PLACEMENT_3D ( 'NONE', #2126, #3095, #4363 ) ;
#5101 = AXIS2_PLACEMENT_3D ( 'NONE', #5840, #1315, #3129 ) ;
#5102 = ORIENTED_EDGE ( 'NONE', *, *, #3093, .F. ) ;
#5103 = ORIENTED_EDGE ( 'NONE', *, *, #3306, .T. ) ;
#5104 = AXIS2_PLACEMENT_3D ( 'NONE', #3855, #5571, #1106 ) ;
#5105 = FACE_OUTER_BOUND ( 'NONE', #3602, .T. ) ;
#5106 = CIRCLE ( 'NONE', #1972, 1.600000000000004086 ) ;
#5107 = ADVANCED_FACE ( 'NONE', ( #3465 ), #665, .F. ) ;
#5108 = DIRECTION ( 'NONE',  ( -0.000000000000000000, 1.000000000000000000, -0.000000000000000000 ) ) ;
#5109 = EDGE_CURVE ( 'NONE', #3272, #2424, #1260, .T. ) ;
#5110 = ORIENTED_EDGE ( 'NONE', *, *, #73, .T. ) ;
#5111 = CC_DESIGN_APPROVAL ( #5245, ( #143 ) ) ;
#5112 = DIRECTION ( 'NONE',  ( -0.000000000000000000, -1.000000000000000000, -0.000000000000000000 ) ) ;
#5113 = ORIENTED_EDGE ( 'NONE', *, *, #3284, .T. ) ;
#5114 = EDGE_CURVE ( 'NONE', #1990, #4308, #2621, .T. ) ;
#5115 = ORIENTED_EDGE ( 'NONE', *, *, #2155, .T. ) ;
#5116 = VECTOR ( 'NONE', #101, 1000.000000000000000 ) ;
#5117 = DIRECTION ( 'NONE',  ( 0.000000000000000000, 0.000000000000000000, 1.000000000000000000 ) ) ;
#5118 = FACE_BOUND ( 'NONE', #492, .T. ) ;
#5119 = CARTESIAN_POINT ( 'NONE',  ( 84.64663118593871616, 0.000000000000000000, 55.00000000000000000 ) ) ;
#5120 = CIRCLE ( 'NONE', #5876, 1.600000000000038947 ) ;
#5121 = ORIENTED_EDGE ( 'NONE', *, *, #2192, .F. ) ;
#5122 = ORIENTED_EDGE ( 'NONE', *, *, #2919, .T. ) ;
#5123 = ORIENTED_EDGE ( 'NONE', *, *, #5140, .T. ) ;
#5124 = CARTESIAN_POINT ( 'NONE',  ( -33.35741419336066826, 0.000000000000000000, -44.24010619321096982 ) ) ;
#5125 = DIRECTION ( 'NONE',  ( -0.000000000000000000, -1.000000000000000000, -0.000000000000000000 ) ) ;
#5126 = DIRECTION ( 'NONE',  ( 0.000000000000000000, 0.000000000000000000, 1.000000000000000000 ) ) ;
#5127 = VECTOR ( 'NONE', #3949, 1000.000000000000000 ) ;
#5128 = DIRECTION ( 'NONE',  ( -1.000000000000000000, 0.000000000000000000, -4.336808689942017736E-16 ) ) ;
#5129 = DIRECTION ( 'NONE',  ( -1.000000000000000000, 0.000000000000000000, 0.000000000000000000 ) ) ;
#5130 = LINE ( 'NONE', #4684, #818 ) ;
#5131 = FACE_OUTER_BOUND ( 'NONE', #3239, .T. ) ;
#5132 = CIRCLE ( 'NONE', #5423, 1.600000000000004086 ) ;
#5133 = ADVANCED_FACE ( 'NONE', ( #2537 ), #3523, .F. ) ;
#5134 = ORIENTED_EDGE ( 'NONE', *, *, #5752, .F. ) ;
#5135 = CIRCLE ( 'NONE', #9, 1.600000000000004086 ) ;
#5136 = DIRECTION ( 'NONE',  ( 0.000000000000000000, 0.000000000000000000, -1.000000000000000000 ) ) ;
#5137 = AXIS2_PLACEMENT_3D ( 'NONE', #2865, #4687, #607 ) ;
#5138 = ORIENTED_EDGE ( 'NONE', *, *, #5383, .F. ) ;
#5139 = CARTESIAN_POINT ( 'NONE',  ( -3.757414193360684607, 3.000000000000000000, 44.24010619321096982 ) ) ;
#5140 = EDGE_CURVE ( 'NONE', #2278, #4371, #4908, .T. ) ;
#5141 = PLANE ( 'NONE',  #555 ) ;
#5142 = ORIENTED_EDGE ( 'NONE', *, *, #3071, .T. ) ;
#5143 = CARTESIAN_POINT ( 'NONE',  ( 24.64663118593873037, 3.001000000000000334, 29.99999999999986144 ) ) ;
#5144 = VERTEX_POINT ( 'NONE', #5779 ) ;
#5145 = ORIENTED_EDGE ( 'NONE', *, *, #2405, .T. ) ;
#5146 = ADVANCED_FACE ( 'NONE', ( #2125 ), #2034, .F. ) ;
#5147 = LINE ( 'NONE', #31, #5775 ) ;
#5148 = FACE_BOUND ( 'NONE', #2575, .T. ) ;
#5149 = LINE ( 'NONE', #5175, #2082 ) ;
#5150 = DIRECTION ( 'NONE',  ( 0.000000000000000000, 0.000000000000000000, -1.000000000000000000 ) ) ;
#5151 = ORIENTED_EDGE ( 'NONE', *, *, #2838, .T. ) ;
#5152 = ORIENTED_EDGE ( 'NONE', *, *, #1764, .T. ) ;
#5153 = ORIENTED_EDGE ( 'NONE', *, *, #4487, .T. ) ;
#5154 = DIRECTION ( 'NONE',  ( 0.000000000000000000, 0.000000000000000000, -1.000000000000000000 ) ) ;
#5155 = DIRECTION ( 'NONE',  ( 0.000000000000000000, -1.000000000000000000, 0.000000000000000000 ) ) ;
#5156 = DIRECTION ( 'NONE',  ( -0.000000000000000000, -1.000000000000000000, -0.000000000000000000 ) ) ;
#5157 = DIRECTION ( 'NONE',  ( -0.000000000000000000, 1.000000000000000000, -0.000000000000000000 ) ) ;
#5158 = DIRECTION ( 'NONE',  ( 0.000000000000000000, 0.000000000000000000, -1.000000000000000000 ) ) ;
#5159 = FACE_OUTER_BOUND ( 'NONE', #5050, .T. ) ;
#5160 = LINE ( 'NONE', #1079, #917 ) ;
#5161 = ORIENTED_EDGE ( 'NONE', *, *, #1281, .F. ) ;
#5162 = CARTESIAN_POINT ( 'NONE',  ( 96.24663118593872468, 3.001000000000000334, 55.00000000000000000 ) ) ;
#5163 = ORIENTED_EDGE ( 'NONE', *, *, #320, .T. ) ;
#5164 = EDGE_CURVE ( 'NONE', #1603, #3452, #3289, .T. ) ;
#5165 = CARTESIAN_POINT ( 'NONE',  ( -5.357414193360693133, 0.000000000000000000, -42.64010619321096840 ) ) ;
#5166 = CARTESIAN_POINT ( 'NONE',  ( -45.71443819850549772, 3.000000000000000000, -60.88096124594397907 ) ) ;
#5167 = ORIENTED_EDGE ( 'NONE', *, *, #4785, .T. ) ;
#5168 = LINE ( 'NONE', #1154, #4187 ) ;
#5169 = ORIENTED_EDGE ( 'NONE', *, *, #4160, .T. ) ;
#5170 = EDGE_CURVE ( 'NONE', #4859, #815, #1702, .T. ) ;
#5171 = ORIENTED_EDGE ( 'NONE', *, *, #5504, .F. ) ;
#5172 = APPROVAL_ROLE ( '' ) ;
#5173 = FACE_BOUND ( 'NONE', #2702, .T. ) ;
#5174 = EDGE_CURVE ( 'NONE', #1441, #59, #5273, .T. ) ;
#5175 = CARTESIAN_POINT ( 'NONE',  ( 6.246631185938614550, 0.000000000000000000, -54.99999999999999289 ) ) ;
#5176 = DIRECTION ( 'NONE',  ( -0.000000000000000000, -1.000000000000000000, -0.000000000000000000 ) ) ;
#5177 = VERTEX_POINT ( 'NONE', #4838 ) ;
#5178 = VERTEX_POINT ( 'NONE', #5303 ) ;
#5179 = ORIENTED_EDGE ( 'NONE', *, *, #4274, .T. ) ;
#5180 = CARTESIAN_POINT ( 'NONE',  ( 16.22999999999997200, 0.000000000000000000, 80.80000000000003979 ) ) ;
#5181 = LINE ( 'NONE', #1099, #3199 ) ;
#5182 = FACE_OUTER_BOUND ( 'NONE', #3573, .T. ) ;
#5183 = CARTESIAN_POINT ( 'NONE',  ( -45.71443819850548351, 0.000000000000000000, 62.11903875405600672 ) ) ;
#5184 = ADVANCED_FACE ( 'NONE', ( #3404 ), #3044, .F. ) ;
#5185 = DIRECTION ( 'NONE',  ( 0.000000000000000000, 1.000000000000000000, 0.000000000000000000 ) ) ;
#5186 = LINE ( 'NONE', #1105, #1297 ) ;
#5187 = DIRECTION ( 'NONE',  ( 0.000000000000000000, 0.000000000000000000, 1.000000000000000000 ) ) ;
#5188 = ORIENTED_EDGE ( 'NONE', *, *, #1792, .F. ) ;
#5189 = AXIS2_PLACEMENT_3D ( 'NONE', #2831, #4621, #2357 ) ;
#5190 = CARTESIAN_POINT ( 'NONE',  ( 86.24663118593872468, 3.001000000000000334, 55.00000000000000000 ) ) ;
#5191 = FACE_OUTER_BOUND ( 'NONE', #1069, .T. ) ;
#5192 = VECTOR ( 'NONE', #5304, 1000.000000000000000 ) ;
#5193 = ORIENTED_EDGE ( 'NONE', *, *, #652, .F. ) ;
#5194 = CIRCLE ( 'NONE', #3193, 1.600000000000004086 ) ;
#5195 = FACE_OUTER_BOUND ( 'NONE', #2136, .T. ) ;
#5196 = EDGE_LOOP ( 'NONE', ( #1999, #1095, #5333, #1694, #1060 ) ) ;
#5197 = DIRECTION ( 'NONE',  ( 0.000000000000000000, 0.000000000000000000, 1.000000000000000000 ) ) ;
#5198 = AXIS2_PLACEMENT_3D ( 'NONE', #525, #3297, #1452 ) ;
#5199 = VERTEX_POINT ( 'NONE', #4777 ) ;
#5200 = VERTEX_POINT ( 'NONE', #693 ) ;
#5201 = SHAPE_DEFINITION_REPRESENTATION ( #2045, #3676 ) ;
#5202 = DIRECTION ( 'NONE',  ( -1.000000000000000000, -0.000000000000000000, -0.000000000000000000 ) ) ;
#5203 = VECTOR ( 'NONE', #2883, 1000.000000000000000 ) ;
#5204 = DIRECTION ( 'NONE',  ( -0.000000000000000000, -1.000000000000000000, -0.000000000000000000 ) ) ;
#5205 = EDGE_CURVE ( 'NONE', #2611, #3628, #4063, .T. ) ;
#5206 = DIRECTION ( 'NONE',  ( -1.000000000000000000, 0.000000000000000000, -1.927470528863119542E-16 ) ) ;
#5207 = ORIENTED_EDGE ( 'NONE', *, *, #2204, .F. ) ;
#5208 = ORIENTED_EDGE ( 'NONE', *, *, #807, .T. ) ;
#5209 = ORIENTED_EDGE ( 'NONE', *, *, #127, .T. ) ;
#5210 = CARTESIAN_POINT ( 'NONE',  ( -45.71443819850548351, 3.001000000000000334, 62.11903875405600672 ) ) ;
#5211 = CYLINDRICAL_SURFACE ( 'NONE', #1682, 1.600000000000004086 ) ;
#5212 = EDGE_CURVE ( 'NONE', #4277, #2058, #4331, .T. ) ;
#5213 = PLANE ( 'NONE',  #454 ) ;
#5214 = VECTOR ( 'NONE', #2265, 1000.000000000000000 ) ;
#5215 = CYLINDRICAL_SURFACE ( 'NONE', #2563, 1.600000000000004086 ) ;
#5216 = EDGE_CURVE ( 'NONE', #3696, #2719, #4439, .T. ) ;
#5217 = AXIS2_PLACEMENT_3D ( 'NONE', #2961, #3052, #2109 ) ;
#5218 = CARTESIAN_POINT ( 'NONE',  ( 14.64663118593872326, 3.001000000000000334, 29.99999999999991473 ) ) ;
#5219 = CARTESIAN_POINT ( 'NONE',  ( 131.9999999999999432, 3.000000000000000000, -40.30991885387105356 ) ) ;
#5220 = EDGE_CURVE ( 'NONE', #5267, #4896, #752, .T. ) ;
#5221 = DIRECTION ( 'NONE',  ( 0.000000000000000000, 1.000000000000000000, -0.000000000000000000 ) ) ;
#5222 = AXIS2_PLACEMENT_3D ( 'NONE', #154, #5128, #3310 ) ;
#5223 = ADVANCED_FACE ( 'NONE', ( #5250 ), #4415, .F. ) ;
#5224 = VECTOR ( 'NONE', #1692, 1000.000000000000000 ) ;
#5225 = ORIENTED_EDGE ( 'NONE', *, *, #3237, .F. ) ;
#5226 = DIRECTION ( 'NONE',  ( -2.312964634635744929E-16, -0.000000000000000000, 1.000000000000000000 ) ) ;
#5227 = DIRECTION ( 'NONE',  ( 0.000000000000000000, 0.000000000000000000, 1.000000000000000000 ) ) ;
#5228 = AXIS2_PLACEMENT_3D ( 'NONE', #3489, #2648, #4803 ) ;
#5229 = ORIENTED_EDGE ( 'NONE', *, *, #5864, .F. ) ;
#5230 = CARTESIAN_POINT ( 'NONE',  ( 117.9999999999999432, 0.000000000000000000, -40.30991885387103935 ) ) ;
#5231 = AXIS2_PLACEMENT_3D ( 'NONE', #2107, #250, #5635 ) ;
#5232 = EDGE_LOOP ( 'NONE', ( #5081, #4017, #3484, #967 ) ) ;
#5233 = VECTOR ( 'NONE', #2039, 1000.000000000000000 ) ;
#5234 = CARTESIAN_POINT ( 'NONE',  ( -33.35741419336067537, 0.000000000000000000, 80.24010619321096272 ) ) ;
#5235 = ORIENTED_EDGE ( 'NONE', *, *, #4092, .F. ) ;
#5236 = VERTEX_POINT ( 'NONE', #4804 ) ;
#5237 = PERSON_AND_ORGANIZATION_ROLE ( 'design_supplier' ) ;
#5238 = DIRECTION ( 'NONE',  ( 2.775557561562890858E-16, -0.000000000000000000, 1.000000000000000000 ) ) ;
#5239 = CARTESIAN_POINT ( 'NONE',  ( 64.64663118593860247, 3.001000000000000334, -56.59999999999986642 ) ) ;
#5240 = CARTESIAN_POINT ( 'NONE',  ( 24.64663118593861313, 0.000000000000000000, -54.99999999999985789 ) ) ;
#5241 = ORIENTED_EDGE ( 'NONE', *, *, #2798, .T. ) ;
#5242 = ORIENTED_EDGE ( 'NONE', *, *, #4705, .F. ) ;
#5243 = ORIENTED_EDGE ( 'NONE', *, *, #2597, .T. ) ;
#5244 = DIRECTION ( 'NONE',  ( -3.854941057726238097E-16, -0.000000000000000000, 1.000000000000000000 ) ) ;
#5245 = APPROVAL ( #2967, 'æœª' ) ;
#5246 = FACE_OUTER_BOUND ( 'NONE', #1200, .T. ) ;
#5247 = DIRECTION ( 'NONE',  ( 0.000000000000000000, -1.000000000000000000, 0.000000000000000000 ) ) ;
#5248 = EDGE_CURVE ( 'NONE', #2038, #1080, #720, .T. ) ;
#5249 = CYLINDRICAL_SURFACE ( 'NONE', #3801, 1.600000000000004086 ) ;
#5250 = FACE_OUTER_BOUND ( 'NONE', #1842, .T. ) ;
#5251 = CARTESIAN_POINT ( 'NONE',  ( 64.64663118593871616, 3.000000000000000000, 54.99999999999986500 ) ) ;
#5252 = DIRECTION ( 'NONE',  ( 0.000000000000000000, -1.000000000000000000, 0.000000000000000000 ) ) ;
#5253 = EDGE_CURVE ( 'NONE', #2119, #1903, #2439, .T. ) ;
#5254 = ORIENTED_EDGE ( 'NONE', *, *, #2875, .T. ) ;
#5255 = CARTESIAN_POINT ( 'NONE',  ( -6.957414193360697219, -7.000000000000000000, 80.24010619321096272 ) ) ;
#5256 = CARTESIAN_POINT ( 'NONE',  ( 74.64663118593873037, 3.000000000000000000, 54.99999999999992895 ) ) ;
#5257 = VERTEX_POINT ( 'NONE', #4955 ) ;
#5258 = CYLINDRICAL_SURFACE ( 'NONE', #4649, 1.600000000000004086 ) ;
#5259 = ORIENTED_EDGE ( 'NONE', *, *, #2026, .F. ) ;
#5260 = DIRECTION ( 'NONE',  ( 0.000000000000000000, 0.000000000000000000, -1.000000000000000000 ) ) ;
#5261 = VERTEX_POINT ( 'NONE', #3641 ) ;
#5262 = ORIENTED_EDGE ( 'NONE', *, *, #2282, .F. ) ;
#5263 = EDGE_CURVE ( 'NONE', #4720, #5518, #3665, .T. ) ;
#5264 = DIRECTION ( 'NONE',  ( 0.000000000000000000, 0.000000000000000000, 1.000000000000000000 ) ) ;
#5265 = CARTESIAN_POINT ( 'NONE',  ( 63.04663118593871474, 0.000000000000000000, 54.99999999999986500 ) ) ;
#5266 = CARTESIAN_POINT ( 'NONE',  ( 60.22999999999996135, 0.000000000000000000, 72.80000000000006821 ) ) ;
#5267 = VERTEX_POINT ( 'NONE', #5005 ) ;
#5268 = ORIENTED_EDGE ( 'NONE', *, *, #833, .T. ) ;
#5269 = EDGE_LOOP ( 'NONE', ( #3000, #595, #2397, #4873 ) ) ;
#5270 = LINE ( 'NONE', #3368, #2069 ) ;
#5271 = CARTESIAN_POINT ( 'NONE',  ( 2.381214074007806492, 0.000000000000000000, 117.7211629518313600 ) ) ;
#5272 = CARTESIAN_POINT ( 'NONE',  ( 86.24663118593872468, 0.000000000000000000, 55.00000000000000000 ) ) ;
#5273 = LINE ( 'NONE', #2066, #3099 ) ;
#5274 = DIRECTION ( 'NONE',  ( 0.000000000000000000, 0.000000000000000000, 1.000000000000000000 ) ) ;
#5275 = DIRECTION ( 'NONE',  ( 1.000000000000000000, 0.000000000000000000, -4.336808689942017736E-16 ) ) ;
#5276 = ADVANCED_FACE ( 'NONE', ( #1826 ), #1348, .T. ) ;
#5277 = ORIENTED_EDGE ( 'NONE', *, *, #5732, .F. ) ;
#5278 = CYLINDRICAL_SURFACE ( 'NONE', #2649, 1.599999999999990319 ) ;
#5279 = CYLINDRICAL_SURFACE ( 'NONE', #1520, 1.600000000000004086 ) ;
#5280 = ORIENTED_EDGE ( 'NONE', *, *, #591, .T. ) ;
#5281 = DIRECTION ( 'NONE',  ( -0.000000000000000000, -1.000000000000000000, -0.000000000000000000 ) ) ;
#5282 = VERTEX_POINT ( 'NONE', #361 ) ;
#5283 = CARTESIAN_POINT ( 'NONE',  ( -34.95741419336069811, -7.000000000000000000, 80.24010619321096272 ) ) ;
#5284 = ORIENTED_EDGE ( 'NONE', *, *, #783, .T. ) ;
#5285 = VECTOR ( 'NONE', #1734, 1000.000000000000000 ) ;
#5286 = VERTEX_POINT ( 'NONE', #4477 ) ;
#5287 = ADVANCED_FACE ( 'NONE', ( #483 ), #3184, .F. ) ;
#5288 = CIRCLE ( 'NONE', #3111, 1.600000000000004086 ) ;
#5289 = DATE_AND_TIME ( #1563, #1785 ) ;
#5290 = LINE ( 'NONE', #3106, #3563 ) ;
#5291 = EDGE_CURVE ( 'NONE', #5178, #1290, #5006, .T. ) ;
#5292 = LINE ( 'NONE', #5265, #3027 ) ;
#5293 = CYLINDRICAL_SURFACE ( 'NONE', #4862, 1.600000000000004086 ) ;
#5294 = AXIS2_PLACEMENT_3D ( 'NONE', #5595, #3343, #2770 ) ;
#5295 = CARTESIAN_POINT ( 'NONE',  ( 16.24663118593861100, 0.000000000000000000, -29.99999999999991473 ) ) ;
#5296 = ORIENTED_EDGE ( 'NONE', *, *, #2053, .T. ) ;
#5297 = EDGE_LOOP ( 'NONE', ( #5716, #1089, #2930, #2108, #3738 ) ) ;
#5298 = CIRCLE ( 'NONE', #3494, 1.599999999999997202 ) ;
#5299 = DIRECTION ( 'NONE',  ( -0.000000000000000000, -1.000000000000000000, -0.000000000000000000 ) ) ;
#5300 = CIRCLE ( 'NONE', #3880, 1.499999999999994449 ) ;
#5301 = CYLINDRICAL_SURFACE ( 'NONE', #3783, 1.600000000000004086 ) ;
#5302 = CARTESIAN_POINT ( 'NONE',  ( 159.9999999999999147, 0.000000000000000000, -89.99999999999975842 ) ) ;
#5303 = CARTESIAN_POINT ( 'NONE',  ( 86.24663118593861100, 3.000000000000000000, -30.00000000000000000 ) ) ;
#5304 = DIRECTION ( 'NONE',  ( -0.000000000000000000, -1.000000000000000000, -0.000000000000000000 ) ) ;
#5305 = VECTOR ( 'NONE', #2790, 1000.000000000000000 ) ;
#5306 = DIRECTION ( 'NONE',  ( 0.000000000000000000, 1.000000000000000000, -0.000000000000000000 ) ) ;
#5307 = AXIS2_PLACEMENT_3D ( 'NONE', #3083, #2638, #2254 ) ;
#5308 = DIRECTION ( 'NONE',  ( -0.000000000000000000, 1.000000000000000000, -0.000000000000000000 ) ) ;
#5309 = CARTESIAN_POINT ( 'NONE',  ( 39.99999999999997158, 0.000000000000000000, 90.00000000000005684 ) ) ;
#5310 = VERTEX_POINT ( 'NONE', #1373 ) ;
#5311 = EDGE_CURVE ( 'NONE', #3001, #5643, #1578, .T. ) ;
#5312 = AXIS2_PLACEMENT_3D ( 'NONE', #4984, #2243, #4566 ) ;
#5313 = DIRECTION ( 'NONE',  ( -0.000000000000000000, 1.000000000000000000, -0.000000000000000000 ) ) ;
#5314 = VERTEX_POINT ( 'NONE', #4562 ) ;
#5315 = DIRECTION ( 'NONE',  ( 0.000000000000000000, -1.000000000000000000, 0.000000000000000000 ) ) ;
#5316 = AXIS2_PLACEMENT_3D ( 'NONE', #4954, #5451, #1880 ) ;
#5317 = EDGE_CURVE ( 'NONE', #4314, #2246, #2339, .T. ) ;
#5318 = ORIENTED_EDGE ( 'NONE', *, *, #4302, .F. ) ;
#5319 = VERTEX_POINT ( 'NONE', #924 ) ;
#5320 = DIRECTION ( 'NONE',  ( -0.000000000000000000, -1.000000000000000000, -0.000000000000000000 ) ) ;
#5321 = CIRCLE ( 'NONE', #5705, 1.600000000000004086 ) ;
#5322 = EDGE_CURVE ( 'NONE', #4174, #319, #2737, .T. ) ;
#5323 = CIRCLE ( 'NONE', #852, 1.600000000000004086 ) ;
#5324 = CARTESIAN_POINT ( 'NONE',  ( -45.71443819850549772, 3.001000000000000334, -60.88096124594397907 ) ) ;
#5325 = CYLINDRICAL_SURFACE ( 'NONE', #3992, 1.600000000000004086 ) ;
#5326 = EDGE_CURVE ( 'NONE', #1355, #3320, #4120, .T. ) ;
#5327 = ORIENTED_EDGE ( 'NONE', *, *, #1799, .T. ) ;
#5328 = ORIENTED_EDGE ( 'NONE', *, *, #1690, .T. ) ;
#5329 = VECTOR ( 'NONE', #4927, 999.9999999999998863 ) ;
#5330 = AXIS2_PLACEMENT_3D ( 'NONE', #2586, #741, #2558 ) ;
#5331 = FACE_BOUND ( 'NONE', #172, .T. ) ;
#5332 = CARTESIAN_POINT ( 'NONE',  ( -31.75741419336065974, 0.000000000000000000, 80.24010619321096272 ) ) ;
#5333 = ORIENTED_EDGE ( 'NONE', *, *, #1941, .F. ) ;
#5334 = DIRECTION ( 'NONE',  ( -0.000000000000000000, -1.000000000000000000, -0.000000000000000000 ) ) ;
#5335 = DIRECTION ( 'NONE',  ( 0.000000000000000000, -1.000000000000000000, 0.000000000000000000 ) ) ;
#5336 = CARTESIAN_POINT ( 'NONE',  ( -145.3644381985056953, -0.001000000000000132727, -13.99999999999999645 ) ) ;
#5337 = DIRECTION ( 'NONE',  ( -0.000000000000000000, -1.000000000000000000, -0.000000000000000000 ) ) ;
#5338 = CARTESIAN_POINT ( 'NONE',  ( 96.24663118593861100, 3.001000000000000334, -30.00000000000000000 ) ) ;
#5339 = CARTESIAN_POINT ( 'NONE',  ( -28.70414209279597628, 3.001000000000000334, 34.99999999999999289 ) ) ;
#5340 = ORIENTED_EDGE ( 'NONE', *, *, #1098, .F. ) ;
#5341 = CARTESIAN_POINT ( 'NONE',  ( 39.99999999999997158, 0.000000000000000000, -92.99999999999994316 ) ) ;
#5342 = ORIENTED_EDGE ( 'NONE', *, *, #1729, .F. ) ;
#5343 = EDGE_CURVE ( 'NONE', #319, #3537, #1391, .T. ) ;
#5344 = DIRECTION ( 'NONE',  ( 0.000000000000000000, -1.000000000000000000, 0.000000000000000000 ) ) ;
#5345 = ORIENTED_EDGE ( 'NONE', *, *, #348, .F. ) ;
#5346 = DIRECTION ( 'NONE',  ( -0.000000000000000000, 1.000000000000000000, -0.000000000000000000 ) ) ;
#5347 = ORIENTED_EDGE ( 'NONE', *, *, #3988, .F. ) ;
#5348 = LINE ( 'NONE', #4020, #366 ) ;
#5349 = CARTESIAN_POINT ( 'NONE',  ( -12.70414209279596029, 3.001000000000000334, -35.00000000000000711 ) ) ;
#5350 = EDGE_CURVE ( 'NONE', #552, #2349, #4920, .T. ) ;
#5351 = DIRECTION ( 'NONE',  ( -0.000000000000000000, 1.000000000000000000, -0.000000000000000000 ) ) ;
#5352 = EDGE_LOOP ( 'NONE', ( #3548, #1928, #2089, #904 ) ) ;
#5353 = ORIENTED_EDGE ( 'NONE', *, *, #5755, .T. ) ;
#5354 = EDGE_CURVE ( 'NONE', #1543, #2426, #2432, .T. ) ;
#5355 = FACE_BOUND ( 'NONE', #3745, .T. ) ;
#5356 = PLANE ( 'NONE',  #4544 ) ;
#5357 = VECTOR ( 'NONE', #3841, 1000.000000000000000 ) ;
#5358 = ORIENTED_EDGE ( 'NONE', *, *, #1639, .T. ) ;
#5359 = FACE_OUTER_BOUND ( 'NONE', #528, .T. ) ;
#5360 = CARTESIAN_POINT ( 'NONE',  ( 3.046631185938605935, 0.000000000000000000, -54.99999999999999289 ) ) ;
#5361 = LINE ( 'NONE', #2538, #3003 ) ;
#5362 = EDGE_CURVE ( 'NONE', #4791, #2729, #1868, .T. ) ;
#5363 = LINE ( 'NONE', #4806, #1301 ) ;
#5364 = AXIS2_PLACEMENT_3D ( 'NONE', #3270, #1540, #4254 ) ;
#5365 = EDGE_CURVE ( 'NONE', #445, #53, #870, .T. ) ;
#5366 = DIRECTION ( 'NONE',  ( -0.000000000000000000, -1.000000000000000000, -0.000000000000000000 ) ) ;
#5367 = CYLINDRICAL_SURFACE ( 'NONE', #439, 1.600000000000004086 ) ;
#5368 = CARTESIAN_POINT ( 'NONE',  ( 14.64663118593871616, 3.001000000000000334, 54.99999999999992184 ) ) ;
#5369 = ORIENTED_EDGE ( 'NONE', *, *, #372, .T. ) ;
#5370 = ORIENTED_EDGE ( 'NONE', *, *, #598, .T. ) ;
#5371 = CARTESIAN_POINT ( 'NONE',  ( -80.71443819850549062, 3.000000000000000000, 63.61903875405599962 ) ) ;
#5372 = ORIENTED_EDGE ( 'NONE', *, *, #3802, .T. ) ;
#5373 = DIRECTION ( 'NONE',  ( 0.000000000000000000, 0.000000000000000000, 1.000000000000000000 ) ) ;
#5374 = VERTEX_POINT ( 'NONE', #421 ) ;
#5375 = CARTESIAN_POINT ( 'NONE',  ( 39.99999999999997158, 0.000000000000000000, 93.00000000000005684 ) ) ;
#5376 = DIRECTION ( 'NONE',  ( -0.000000000000000000, -1.000000000000000000, -0.000000000000000000 ) ) ;
#5377 = CARTESIAN_POINT ( 'NONE',  ( 23.04663118593860816, 3.001000000000000334, -54.99999999999985789 ) ) ;
#5378 = AXIS2_PLACEMENT_3D ( 'NONE', #5456, #3645, #539 ) ;
#5379 = VERTEX_POINT ( 'NONE', #2240 ) ;
#5380 = ORIENTED_EDGE ( 'NONE', *, *, #3175, .T. ) ;
#5381 = PLANE ( 'NONE',  #2912 ) ;
#5382 = AXIS2_PLACEMENT_3D ( 'NONE', #2100, #3971, #4394 ) ;
#5383 = EDGE_CURVE ( 'NONE', #326, #2392, #5194, .T. ) ;
#5384 = CARTESIAN_POINT ( 'NONE',  ( 64.64663118593860247, 3.001000000000000334, -54.99999999999986500 ) ) ;
#5385 = AXIS2_PLACEMENT_3D ( 'NONE', #1915, #624, #2438 ) ;
#5386 = EDGE_LOOP ( 'NONE', ( #260, #3876, #3934, #1204 ) ) ;
#5387 = CIRCLE ( 'NONE', #1966, 1.600000000000004086 ) ;
#5388 = VERTEX_POINT ( 'NONE', #5427 ) ;
#5389 = DIRECTION ( 'NONE',  ( -0.000000000000000000, -1.000000000000000000, -0.000000000000000000 ) ) ;
#5390 = EDGE_CURVE ( 'NONE', #2823, #4540, #3159, .T. ) ;
#5391 = AXIS2_PLACEMENT_3D ( 'NONE', #1820, #3088, #4912 ) ;
#5392 = CARTESIAN_POINT ( 'NONE',  ( 89.99999999999997158, 0.000000000000000000, -120.0000000000000284 ) ) ;
#5393 = DIRECTION ( 'NONE',  ( 0.000000000000000000, 0.000000000000000000, 1.000000000000000000 ) ) ;
#5394 = CARTESIAN_POINT ( 'NONE',  ( 69.76999999999998181, 0.000000000000000000, -72.80000000000005400 ) ) ;
#5395 = CIRCLE ( 'NONE', #2822, 1.600000000000004086 ) ;
#5396 = VECTOR ( 'NONE', #5158, 1000.000000000000000 ) ;
#5397 = EDGE_CURVE ( 'NONE', #239, #936, #3698, .T. ) ;
#5398 = FACE_OUTER_BOUND ( 'NONE', #3818, .T. ) ;
#5399 = EDGE_CURVE ( 'NONE', #5518, #3320, #5067, .T. ) ;
#5400 = AXIS2_PLACEMENT_3D ( 'NONE', #2976, #2176, #3999 ) ;
#5401 = DIRECTION ( 'NONE',  ( 0.000000000000000000, 0.000000000000000000, 1.000000000000000000 ) ) ;
#5402 = DIRECTION ( 'NONE',  ( -0.000000000000000000, -1.000000000000000000, -0.000000000000000000 ) ) ;
#5403 = ORIENTED_EDGE ( 'NONE', *, *, #3326, .T. ) ;
#5404 = CARTESIAN_POINT ( 'NONE',  ( 129.9999999999997158, 3.000000000000000000, 120.0000000000000284 ) ) ;
#5405 = VECTOR ( 'NONE', #1932, 999.9999999999998863 ) ;
#5406 = VERTEX_POINT ( 'NONE', #2411 ) ;
#5407 = DIRECTION ( 'NONE',  ( 0.7071067811865474617, -0.000000000000000000, 0.7071067811865474617 ) ) ;
#5408 = ORIENTED_EDGE ( 'NONE', *, *, #3681, .T. ) ;
#5409 = DIRECTION ( 'NONE',  ( -0.000000000000000000, -1.000000000000000000, -0.000000000000000000 ) ) ;
#5410 = CIRCLE ( 'NONE', #5882, 1.500000000000001332 ) ;
#5411 = CARTESIAN_POINT ( 'NONE',  ( 83.04663118593860816, 0.000000000000000000, -30.00000000000000000 ) ) ;
#5412 = AXIS2_PLACEMENT_3D ( 'NONE', #1404, #102, #1352 ) ;
#5413 = CARTESIAN_POINT ( 'NONE',  ( -33.35741419336066826, 0.000000000000000000, -44.24010619321096982 ) ) ;
#5414 = AXIS2_PLACEMENT_3D ( 'NONE', #3085, #4080, #4408 ) ;
#5415 = DIRECTION ( 'NONE',  ( 0.000000000000000000, 0.000000000000000000, 1.000000000000000000 ) ) ;
#5416 = ORIENTED_EDGE ( 'NONE', *, *, #3279, .F. ) ;
#5417 = ORIENTED_EDGE ( 'NONE', *, *, #3958, .T. ) ;
#5418 = FACE_BOUND ( 'NONE', #4770, .T. ) ;
#5419 = AXIS2_PLACEMENT_3D ( 'NONE', #2054, #5206, #3781 ) ;
#5420 = FACE_OUTER_BOUND ( 'NONE', #3118, .T. ) ;
#5421 = ORIENTED_EDGE ( 'NONE', *, *, #3139, .F. ) ;
#5422 = CIRCLE ( 'NONE', #2573, 1.600000000000004086 ) ;
#5423 = AXIS2_PLACEMENT_3D ( 'NONE', #2997, #210, #1093 ) ;
#5424 = EDGE_CURVE ( 'NONE', #5652, #5667, #4718, .T. ) ;
#5425 = EDGE_LOOP ( 'NONE', ( #3303, #1367, #1305, #1282 ) ) ;
#5426 = FACE_OUTER_BOUND ( 'NONE', #5232, .T. ) ;
#5427 = CARTESIAN_POINT ( 'NONE',  ( -34.95741419336069811, 3.000000000000000000, -80.24010619321096272 ) ) ;
#5428 = DIRECTION ( 'NONE',  ( -0.000000000000000000, -1.000000000000000000, -0.000000000000000000 ) ) ;
#5429 = DIRECTION ( 'NONE',  ( 0.000000000000000000, 0.000000000000000000, -1.000000000000000000 ) ) ;
#5430 = ADVANCED_FACE ( 'NONE', ( #1938 ), #4648, .F. ) ;
#5431 = DIRECTION ( 'NONE',  ( 0.000000000000000000, 0.000000000000000000, 1.000000000000000000 ) ) ;
#5432 = DIRECTION ( 'NONE',  ( 0.000000000000000000, 0.000000000000000000, 1.000000000000000000 ) ) ;
#5433 = LINE ( 'NONE', #1378, #5047 ) ;
#5434 = ADVANCED_FACE ( 'NONE', ( #4616 ), #4679, .T. ) ;
#5435 = ORIENTED_EDGE ( 'NONE', *, *, #3361, .F. ) ;
#5436 = CARTESIAN_POINT ( 'NONE',  ( 86.99999999999997158, 3.000000000000000000, 90.00000000000007105 ) ) ;
#5437 = ORIENTED_EDGE ( 'NONE', *, *, #2816, .T. ) ;
#5438 = DIRECTION ( 'NONE',  ( 5.551115123125781716E-16, 0.000000000000000000, 1.000000000000000000 ) ) ;
#5439 = EDGE_LOOP ( 'NONE', ( #563, #2990, #1537, #4600 ) ) ;
#5440 = DIRECTION ( 'NONE',  ( -0.000000000000000000, 1.000000000000000000, -0.000000000000000000 ) ) ;
#5441 = DIRECTION ( 'NONE',  ( -0.000000000000000000, -1.000000000000000000, -0.000000000000000000 ) ) ;
#5442 = ORIENTED_EDGE ( 'NONE', *, *, #2743, .F. ) ;
#5443 = CARTESIAN_POINT ( 'NONE',  ( 89.99999999999997158, 0.000000000000000000, -93.00000000000007105 ) ) ;
#5444 = ORIENTED_EDGE ( 'NONE', *, *, #4309, .T. ) ;
#5445 = EDGE_CURVE ( 'NONE', #2212, #2459, #2796, .T. ) ;
#5446 = ORIENTED_EDGE ( 'NONE', *, *, #2769, .F. ) ;
#5447 = CARTESIAN_POINT ( 'NONE',  ( 16.24663118593861100, 3.001000000000000334, -54.99999999999992184 ) ) ;
#5448 = DIRECTION ( 'NONE',  ( 0.000000000000000000, 0.000000000000000000, 1.000000000000000000 ) ) ;
#5449 = ORIENTED_EDGE ( 'NONE', *, *, #4673, .F. ) ;
#5450 = ORIENTED_EDGE ( 'NONE', *, *, #2664, .T. ) ;
#5451 = DIRECTION ( 'NONE',  ( 0.000000000000000000, 1.000000000000000000, 0.000000000000000000 ) ) ;
#5452 = DIRECTION ( 'NONE',  ( -0.000000000000000000, -1.000000000000000000, -0.000000000000000000 ) ) ;
#5453 = FACE_OUTER_BOUND ( 'NONE', #4990, .T. ) ;
#5454 = DIRECTION ( 'NONE',  ( 0.000000000000000000, 0.000000000000000000, 1.000000000000000000 ) ) ;
#5455 = VECTOR ( 'NONE', #5238, 1000.000000000000000 ) ;
#5456 = CARTESIAN_POINT ( 'NONE',  ( 131.9999999999999432, 3.000000000000000000, 42.09008114612898765 ) ) ;
#5457 = DIRECTION ( 'NONE',  ( -1.000000000000000000, 0.000000000000000000, -2.775557561562892337E-16 ) ) ;
#5458 = ORIENTED_EDGE ( 'NONE', *, *, #5637, .F. ) ;
#5459 = PLANE ( 'NONE',  #4345 ) ;
#5460 = EDGE_CURVE ( 'NONE', #1478, #5177, #3393, .T. ) ;
#5461 = ORIENTED_EDGE ( 'NONE', *, *, #2956, .F. ) ;
#5462 = ORIENTED_EDGE ( 'NONE', *, *, #4673, .T. ) ;
#5463 = DIRECTION ( 'NONE',  ( 0.000000000000000000, 0.000000000000000000, 1.000000000000000000 ) ) ;
#5464 = DIRECTION ( 'NONE',  ( 0.000000000000000000, 0.000000000000000000, 1.000000000000000000 ) ) ;
#5465 = EDGE_LOOP ( 'NONE', ( #5560, #4644, #4904, #2080 ) ) ;
#5466 = CARTESIAN_POINT ( 'NONE',  ( 14.64663118593872326, 3.001000000000000334, 28.39999999999991331 ) ) ;
#5467 = EDGE_CURVE ( 'NONE', #1514, #499, #1400, .T. ) ;
#5468 = ORIENTED_EDGE ( 'NONE', *, *, #4517, .F. ) ;
#5469 = ORIENTED_EDGE ( 'NONE', *, *, #1326, .T. ) ;
#5470 = ADVANCED_FACE ( 'NONE', ( #5512 ), #5037, .F. ) ;
#5471 = DIRECTION ( 'NONE',  ( -0.000000000000000000, -1.000000000000000000, -0.000000000000000000 ) ) ;
#5472 = ORIENTED_EDGE ( 'NONE', *, *, #584, .F. ) ;
#5473 = LINE ( 'NONE', #3211, #4450 ) ;
#5474 = ADVANCED_FACE ( 'NONE', ( #533 ), #1435, .F. ) ;
#5475 = EDGE_LOOP ( 'NONE', ( #4354, #4980, #1562, #1757 ) ) ;
#5476 = ORIENTED_EDGE ( 'NONE', *, *, #5836, .F. ) ;
#5477 = CARTESIAN_POINT ( 'NONE',  ( -75.12344610756727548, 3.001000000000000334, -12.50000000000000178 ) ) ;
#5478 = VECTOR ( 'NONE', #631, 1000.000000000000000 ) ;
#5479 = CARTESIAN_POINT ( 'NONE',  ( -75.12344610756727548, 3.000000000000000000, 0.000000000000000000 ) ) ;
#5480 = AXIS2_PLACEMENT_3D ( 'NONE', #4265, #3821, #1968 ) ;
#5481 = LINE ( 'NONE', #3642, #1970 ) ;
#5482 = CIRCLE ( 'NONE', #635, 1.600000000000004086 ) ;
#5483 = CARTESIAN_POINT ( 'NONE',  ( 84.64663118593861668, 0.000000000000000000, -30.00000000000000000 ) ) ;
#5485 = ORIENTED_EDGE ( 'NONE', *, *, #2781, .T. ) ;
#5484 = DIRECTION ( 'NONE',  ( -1.000000000000000000, 0.000000000000000000, 0.000000000000000000 ) ) ;
#5486 = CARTESIAN_POINT ( 'NONE',  ( -6.957414193360691002, -7.000000000000000000, 44.24010619321096982 ) ) ;
#5487 = VECTOR ( 'NONE', #925, 1000.000000000000000 ) ;
#5488 = DIRECTION ( 'NONE',  ( 2.775557561562891351E-16, 0.000000000000000000, 1.000000000000000000 ) ) ;
#5489 = EDGE_CURVE ( 'NONE', #3899, #4466, #2353, .T. ) ;
#5490 = EDGE_LOOP ( 'NONE', ( #5458, #1923, #827, #1859 ) ) ;
#5491 = EDGE_LOOP ( 'NONE', ( #3678, #405, #1558, #3903 ) ) ;
#5492 = EDGE_CURVE ( 'NONE', #2962, #3214, #3675, .T. ) ;
#5493 = CARTESIAN_POINT ( 'NONE',  ( -34.95741419336069811, 0.000000000000000000, -80.24010619321096272 ) ) ;
#5494 = CIRCLE ( 'NONE', #3893, 1.600000000000004086 ) ;
#5495 = DIRECTION ( 'NONE',  ( 0.000000000000000000, 1.000000000000000000, 0.000000000000000000 ) ) ;
#5496 = ADVANCED_FACE ( 'NONE', ( #2882 ), #4706, .F. ) ;
#5497 = EDGE_LOOP ( 'NONE', ( #1173, #2845 ) ) ;
#5498 = CARTESIAN_POINT ( 'NONE',  ( 84.64663118593871616, 3.001000000000000334, 55.00000000000000000 ) ) ;
#5499 = VECTOR ( 'NONE', #763, 1000.000000000000000 ) ;
#5500 = VERTEX_POINT ( 'NONE', #3755 ) ;
#5501 = EDGE_LOOP ( 'NONE', ( #1128, #3141, #3366, #4731 ) ) ;
#5502 = CARTESIAN_POINT ( 'NONE',  ( -34.95741419336068390, 0.000000000000000000, 44.24010619321097693 ) ) ;
#5503 = FACE_OUTER_BOUND ( 'NONE', #4297, .T. ) ;
#5504 = EDGE_CURVE ( 'NONE', #3475, #5863, #5537, .T. ) ;
#5505 = CYLINDRICAL_SURFACE ( 'NONE', #1596, 1.600000000000004086 ) ;
#5506 = AXIS2_PLACEMENT_3D ( 'NONE', #726, #2657, #284 ) ;
#5507 = ORIENTED_EDGE ( 'NONE', *, *, #4866, .T. ) ;
#5508 = ORIENTED_EDGE ( 'NONE', *, *, #4274, .F. ) ;
#5509 = DIRECTION ( 'NONE',  ( -0.000000000000000000, -1.000000000000000000, -0.000000000000000000 ) ) ;
#5510 = AXIS2_PLACEMENT_3D ( 'NONE', #123, #3397, #3342 ) ;
#5511 = EDGE_CURVE ( 'NONE', #2643, #2694, #2065, .T. ) ;
#5512 = FACE_OUTER_BOUND ( 'NONE', #504, .T. ) ;
#5513 = CARTESIAN_POINT ( 'NONE',  ( 131.9999999999999432, 0.000000000000000000, -41.90991885387104787 ) ) ;
#5514 = VECTOR ( 'NONE', #145, 1000.000000000000000 ) ;
#5515 = DIRECTION ( 'NONE',  ( -0.000000000000000000, -1.000000000000000000, -0.000000000000000000 ) ) ;
#5516 = EDGE_CURVE ( 'NONE', #2426, #2132, #983, .T. ) ;
#5518 = VERTEX_POINT ( 'NONE', #4178 ) ;
#5517 = CARTESIAN_POINT ( 'NONE',  ( -145.3644381985056953, -0.001000000000000132727, -13.99999999999999645 ) ) ;
#5519 = CARTESIAN_POINT ( 'NONE',  ( 3.046631185938730724, 3.001000000000000334, 29.99999999999998579 ) ) ;
#5520 = DIRECTION ( 'NONE',  ( 0.000000000000000000, 0.000000000000000000, 1.000000000000000000 ) ) ;
#5521 = ORIENTED_EDGE ( 'NONE', *, *, #202, .F. ) ;
#5522 = ORIENTED_EDGE ( 'NONE', *, *, #845, .F. ) ;
#5523 = LINE ( 'NONE', #5078, #3041 ) ;
#5524 = CARTESIAN_POINT ( 'NONE',  ( 84.64663118593871616, 3.000000000000000000, 30.00000000000000000 ) ) ;
#5525 = ORIENTED_EDGE ( 'NONE', *, *, #1135, .F. ) ;
#5526 = LINE ( 'NONE', #51, #5598 ) ;
#5527 = ORIENTED_EDGE ( 'NONE', *, *, #1438, .F. ) ;
#5528 = ORIENTED_EDGE ( 'NONE', *, *, #3718, .F. ) ;
#5529 = FACE_BOUND ( 'NONE', #4325, .T. ) ;
#5530 = DIRECTION ( 'NONE',  ( -0.000000000000000000, -1.000000000000000000, -0.000000000000000000 ) ) ;
#5531 = EDGE_CURVE ( 'NONE', #203, #3339, #253, .T. ) ;
#5532 = VERTEX_POINT ( 'NONE', #2910 ) ;
#5533 = EDGE_CURVE ( 'NONE', #346, #1892, #1224, .T. ) ;
#5534 = VERTEX_POINT ( 'NONE', #2060 ) ;
#5535 = VERTEX_POINT ( 'NONE', #747 ) ;
#5536 = CARTESIAN_POINT ( 'NONE',  ( 94.64663118593860247, 0.000000000000000000, -55.00000000000000000 ) ) ;
#5537 = LINE ( 'NONE', #3252, #4156 ) ;
#5538 = LINE ( 'NONE', #691, #5203 ) ;
#5539 = CARTESIAN_POINT ( 'NONE',  ( 131.9999999999999432, 0.000000000000000000, -43.50991885387104219 ) ) ;
#5540 = EDGE_CURVE ( 'NONE', #4114, #5591, #2948, .T. ) ;
#5541 = CARTESIAN_POINT ( 'NONE',  ( 69.76999999999998181, 3.000000000000000000, -72.80000000000005400 ) ) ;
#5542 = CARTESIAN_POINT ( 'NONE',  ( -145.3644381985056953, -4.235164736271501695E-19, -13.99999999999999645 ) ) ;
#5543 = EDGE_CURVE ( 'NONE', #2164, #1191, #4257, .T. ) ;
#5544 = DIRECTION ( 'NONE',  ( -5.551115123125780730E-16, -0.000000000000000000, 1.000000000000000000 ) ) ;
#5545 = EDGE_CURVE ( 'NONE', #2746, #270, #4358, .T. ) ;
#5546 = ORIENTED_EDGE ( 'NONE', *, *, #3725, .F. ) ;
#5547 = ORIENTED_EDGE ( 'NONE', *, *, #3951, .F. ) ;
#5548 = CARTESIAN_POINT ( 'NONE',  ( -31.75741419336067395, 3.000000000000000000, 44.24010619321096982 ) ) ;
#5549 = DIRECTION ( 'NONE',  ( 0.000000000000000000, 0.000000000000000000, 1.000000000000000000 ) ) ;
#5550 = ORIENTED_EDGE ( 'NONE', *, *, #1723, .F. ) ;
#5551 = DIRECTION ( 'NONE',  ( 0.000000000000000000, 0.000000000000000000, 1.000000000000000000 ) ) ;
#5552 = EDGE_LOOP ( 'NONE', ( #3860, #1634, #3839, #5102 ) ) ;
#5553 = ORIENTED_EDGE ( 'NONE', *, *, #3951, .T. ) ;
#5554 = DIRECTION ( 'NONE',  ( 0.000000000000000000, 1.000000000000000000, -0.000000000000000000 ) ) ;
#5555 = DIRECTION ( 'NONE',  ( 1.000000000000000000, 0.000000000000000000, 0.000000000000000000 ) ) ;
#5556 = CARTESIAN_POINT ( 'NONE',  ( 69.76999999999998181, 0.000000000000000000, -72.80000000000005400 ) ) ;
#5557 = CIRCLE ( 'NONE', #4424, 1.600000000000018074 ) ;
#5558 = ORIENTED_EDGE ( 'NONE', *, *, #475, .F. ) ;
#5559 = ORIENTED_EDGE ( 'NONE', *, *, #5637, .T. ) ;
#5560 = ORIENTED_EDGE ( 'NONE', *, *, #1122, .F. ) ;
#5561 = LINE ( 'NONE', #5594, #3231 ) ;
#5562 = EDGE_CURVE ( 'NONE', #644, #596, #5270, .T. ) ;
#5563 = DIRECTION ( 'NONE',  ( -0.000000000000000000, 1.000000000000000000, -0.000000000000000000 ) ) ;
#5564 = LINE ( 'NONE', #4301, #829 ) ;
#5565 = ADVANCED_FACE ( 'NONE', ( #4328 ), #4390, .F. ) ;
#5566 = VECTOR ( 'NONE', #1141, 1000.000000000000114 ) ;
#5567 = DIRECTION ( 'NONE',  ( -1.156482317317871725E-16, 0.000000000000000000, -1.000000000000000000 ) ) ;
#5568 = AXIS2_PLACEMENT_3D ( 'NONE', #4009, #4066, #843 ) ;
#5569 = DIRECTION ( 'NONE',  ( 0.000000000000000000, 0.000000000000000000, -1.000000000000000000 ) ) ;
#5570 = DIRECTION ( 'NONE',  ( -0.000000000000000000, -1.000000000000000000, -0.000000000000000000 ) ) ;
#5571 = DIRECTION ( 'NONE',  ( 0.000000000000000000, -1.000000000000000000, 0.000000000000000000 ) ) ;
#5572 = AXIS2_PLACEMENT_3D ( 'NONE', #396, #3094, #2181 ) ;
#5573 = ADVANCED_FACE ( 'NONE', ( #5246 ), #5211, .F. ) ;
#5574 = ORIENTED_EDGE ( 'NONE', *, *, #3444, .T. ) ;
#5575 = PLANE ( 'NONE',  #4389 ) ;
#5576 = VERTEX_POINT ( 'NONE', #2473 ) ;
#5577 = CIRCLE ( 'NONE', #163, 1.600000000000004086 ) ;
#5578 = LINE ( 'NONE', #3233, #4096 ) ;
#5579 = FACE_OUTER_BOUND ( 'NONE', #4111, .T. ) ;
#5580 = CIRCLE ( 'NONE', #1209, 1.499999999999994449 ) ;
#5581 = ORIENTED_EDGE ( 'NONE', *, *, #44, .T. ) ;
#5582 = DIRECTION ( 'NONE',  ( 0.000000000000000000, 0.000000000000000000, 1.000000000000000000 ) ) ;
#5583 = EDGE_LOOP ( 'NONE', ( #3785, #3603, #3774, #1627 ) ) ;
#5584 = ORIENTED_EDGE ( 'NONE', *, *, #4740, .T. ) ;
#5585 = VECTOR ( 'NONE', #151, 1000.000000000000000 ) ;
#5586 = DIRECTION ( 'NONE',  ( -0.000000000000000000, -0.000000000000000000, -1.000000000000000000 ) ) ;
#5587 = DIRECTION ( 'NONE',  ( 0.000000000000000000, 0.000000000000000000, -1.000000000000000000 ) ) ;
#5588 = CARTESIAN_POINT ( 'NONE',  ( -28.70414209279597628, 3.001000000000000334, 34.99999999999999289 ) ) ;
#5589 = DIRECTION ( 'NONE',  ( 0.000000000000000000, 0.000000000000000000, -1.000000000000000000 ) ) ;
#5590 = CIRCLE ( 'NONE', #274, 1.600000000000004086 ) ;
#5591 = VERTEX_POINT ( 'NONE', #3916 ) ;
#5592 = ORIENTED_EDGE ( 'NONE', *, *, #919, .T. ) ;
#5593 = VERTEX_POINT ( 'NONE', #1637 ) ;
#5594 = CARTESIAN_POINT ( 'NONE',  ( 15.30514119515825300, 0.000000000000000000, -119.9999999999999716 ) ) ;
#5595 = CARTESIAN_POINT ( 'NONE',  ( -115.7144381985054906, 3.001000000000000334, 63.61903875405599962 ) ) ;
#5596 = CARTESIAN_POINT ( 'NONE',  ( 64.64663118593871616, 3.000000000000000000, 29.99999999999986144 ) ) ;
#5597 = VECTOR ( 'NONE', #4414, 1000.000000000000000 ) ;
#5598 = VECTOR ( 'NONE', #4198, 1000.000000000000000 ) ;
#5599 = CYLINDRICAL_SURFACE ( 'NONE', #1043, 1.600000000000004086 ) ;
#5600 = DIRECTION ( 'NONE',  ( -5.551115123125781716E-16, 0.000000000000000000, 1.000000000000000000 ) ) ;
#5601 = CARTESIAN_POINT ( 'NONE',  ( 86.24663118593861100, 3.001000000000000334, -30.00000000000000000 ) ) ;
#5602 = DIRECTION ( 'NONE',  ( 0.9848077530122092416, 0.000000000000000000, -0.1736481776669233923 ) ) ;
#5603 = CIRCLE ( 'NONE', #2189, 1.600000000000004086 ) ;
#5604 = AXIS2_PLACEMENT_3D ( 'NONE', #257, #3900, #5260 ) ;
#5605 = EDGE_CURVE ( 'NONE', #134, #5667, #3942, .T. ) ;
#5606 = EDGE_CURVE ( 'NONE', #4049, #5576, #4831, .T. ) ;
#5607 = EDGE_LOOP ( 'NONE', ( #2232, #2469, #3650, #1271 ) ) ;
#5608 = AXIS2_PLACEMENT_3D ( 'NONE', #5309, #4399, #4484 ) ;
#5609 = EDGE_CURVE ( 'NONE', #5863, #1506, #2031, .T. ) ;
#5610 = CARTESIAN_POINT ( 'NONE',  ( 14.64663118593860425, 3.000000000000000000, -54.99999999999992184 ) ) ;
#5611 = ORIENTED_EDGE ( 'NONE', *, *, #3733, .F. ) ;
#5612 = DIRECTION ( 'NONE',  ( 0.000000000000000000, -1.000000000000000000, 0.000000000000000000 ) ) ;
#5613 = CARTESIAN_POINT ( 'NONE',  ( -5.357414193360679810, 0.000000000000000000, 81.84010619321099966 ) ) ;
#5614 = ORIENTED_EDGE ( 'NONE', *, *, #3210, .T. ) ;
#5615 = DIRECTION ( 'NONE',  ( -0.000000000000000000, 1.000000000000000000, -0.000000000000000000 ) ) ;
#5616 = ORIENTED_EDGE ( 'NONE', *, *, #5804, .F. ) ;
#5617 = EDGE_LOOP ( 'NONE', ( #5353, #4584, #2519, #5550 ) ) ;
#5618 = APPROVAL_DATE_TIME ( #174, #5245 ) ;
#5619 = FACE_BOUND ( 'NONE', #742, .T. ) ;
#5620 = CARTESIAN_POINT ( 'NONE',  ( -144.7144381985054906, 0.000000000000000000, 32.55000000000030980 ) ) ;
#5621 = CARTESIAN_POINT ( 'NONE',  ( 159.9999999999999432, 0.000000000000000000, 89.99999999999981526 ) ) ;
#5622 = EDGE_CURVE ( 'NONE', #199, #686, #5181, .T. ) ;
#5623 = EDGE_LOOP ( 'NONE', ( #5706, #5277 ) ) ;
#5624 = ORIENTED_EDGE ( 'NONE', *, *, #2966, .F. ) ;
#5625 = EDGE_LOOP ( 'NONE', ( #3442, #2314, #2224, #1484 ) ) ;
#5626 = DIRECTION ( 'NONE',  ( -0.000000000000000000, -1.000000000000000000, -0.000000000000000000 ) ) ;
#5627 = CARTESIAN_POINT ( 'NONE',  ( -144.7144381985054906, 3.000000000000000000, 30.05000000000028848 ) ) ;
#5628 = DIRECTION ( 'NONE',  ( 0.000000000000000000, -1.000000000000000000, 0.000000000000000000 ) ) ;
#5629 = FACE_OUTER_BOUND ( 'NONE', #968, .T. ) ;
#5630 = DIRECTION ( 'NONE',  ( -0.000000000000000000, 1.000000000000000000, -0.000000000000000000 ) ) ;
#5631 = PLANE ( 'NONE',  #2337 ) ;
#5632 = LINE ( 'NONE', #3376, #4249 ) ;
#5633 = ORIENTED_EDGE ( 'NONE', *, *, #5679, .F. ) ;
#5634 = CARTESIAN_POINT ( 'NONE',  ( 76.24663118593873889, 3.000000000000000000, 54.99999999999992895 ) ) ;
#5635 = DIRECTION ( 'NONE',  ( 0.000000000000000000, 0.000000000000000000, 1.000000000000000000 ) ) ;
#5636 = ORIENTED_EDGE ( 'NONE', *, *, #3024, .F. ) ;
#5637 = EDGE_CURVE ( 'NONE', #5715, #4129, #5300, .T. ) ;
#5638 = DIRECTION ( 'NONE',  ( 0.000000000000000000, 0.000000000000000000, -1.000000000000000000 ) ) ;
#5639 = VERTEX_POINT ( 'NONE', #1663 ) ;
#5640 = DIRECTION ( 'NONE',  ( 5.551115123125781716E-16, -0.000000000000000000, 1.000000000000000000 ) ) ;
#5641 = EDGE_CURVE ( 'NONE', #2971, #4828, #5482, .T. ) ;
#5642 = ORIENTED_EDGE ( 'NONE', *, *, #554, .F. ) ;
#5643 = VERTEX_POINT ( 'NONE', #5627 ) ;
#5644 = CALENDAR_DATE ( 2026, 29, 7 ) ;
#5645 = CARTESIAN_POINT ( 'NONE',  ( -34.95741419336065547, 0.000000000000000000, 90.00000000000005684 ) ) ;
#5646 = FACE_OUTER_BOUND ( 'NONE', #3677, .T. ) ;
#5647 = ADVANCED_FACE ( 'NONE', ( #304 ), #658, .F. ) ;
#5648 = DIRECTION ( 'NONE',  ( -0.000000000000000000, -1.000000000000000000, -0.000000000000000000 ) ) ;
#5649 = ORIENTED_EDGE ( 'NONE', *, *, #3654, .F. ) ;
#5650 = EDGE_CURVE ( 'NONE', #419, #2172, #2504, .T. ) ;
#5651 = EDGE_LOOP ( 'NONE', ( #4029, #1341, #956, #5798 ) ) ;
#5652 = VERTEX_POINT ( 'NONE', #3037 ) ;
#5653 = CARTESIAN_POINT ( 'NONE',  ( -31.75741419336067395, 3.000000000000000000, -44.24010619321096982 ) ) ;
#5654 = PRODUCT ( '\X2\59275e9576d8\X0\', '\X2\59275e9576d8\X0\', '', ( #261 ) ) ;
#5655 = DIRECTION ( 'NONE',  ( -0.000000000000000000, -1.000000000000000000, -0.000000000000000000 ) ) ;
#5656 = DIRECTION ( 'NONE',  ( -0.7071067811865410224, -0.000000000000000000, 0.7071067811865540120 ) ) ;
#5657 = EDGE_CURVE ( 'NONE', #1441, #1477, #1572, .T. ) ;
#5658 = CARTESIAN_POINT ( 'NONE',  ( -12.70414209279597806, 3.000000000000000000, 34.99999999999999289 ) ) ;
#5659 = CARTESIAN_POINT ( 'NONE',  ( 94.64663118593860247, 3.000000000000000000, -55.00000000000000000 ) ) ;
#5660 = CARTESIAN_POINT ( 'NONE',  ( -144.7144381985054906, 0.000000000000000000, 31.30000000000029914 ) ) ;
#5661 = CARTESIAN_POINT ( 'NONE',  ( 39.99999999999997158, 3.000000000000000000, -90.00000000000005684 ) ) ;
#5662 = ORIENTED_EDGE ( 'NONE', *, *, #4452, .F. ) ;
#5663 = AXIS2_PLACEMENT_3D ( 'NONE', #2749, #1380, #934 ) ;
#5664 = DIRECTION ( 'NONE',  ( 0.000000000000000000, -1.000000000000000000, 0.000000000000000000 ) ) ;
#5665 = DIRECTION ( 'NONE',  ( 0.000000000000000000, 0.000000000000000000, -1.000000000000000000 ) ) ;
#5666 = VECTOR ( 'NONE', #1261, 1000.000000000000000 ) ;
#5667 = VERTEX_POINT ( 'NONE', #4411 ) ;
#5668 = AXIS2_PLACEMENT_3D ( 'NONE', #5479, #450, #804 ) ;
#5669 = DIRECTION ( 'NONE',  ( -0.000000000000000000, 1.000000000000000000, -0.000000000000000000 ) ) ;
#5670 = ORIENTED_EDGE ( 'NONE', *, *, #22, .T. ) ;
#5671 = EDGE_CURVE ( 'NONE', #5857, #2748, #4722, .T. ) ;
#5672 = CARTESIAN_POINT ( 'NONE',  ( 42.99999999999992184, 3.000000000000000000, 90.00000000000005684 ) ) ;
#5673 = VECTOR ( 'NONE', #975, 1000.000000000000000 ) ;
#5674 = ORIENTED_EDGE ( 'NONE', *, *, #4633, .T. ) ;
#5675 = VERTEX_POINT ( 'NONE', #3179 ) ;
#5676 = DIRECTION ( 'NONE',  ( -0.000000000000000000, 0.000000000000000000, 1.000000000000000000 ) ) ;
#5677 = AXIS2_PLACEMENT_3D ( 'NONE', #3614, #4617, #4180 ) ;
#5678 = DIRECTION ( 'NONE',  ( 0.000000000000000000, 0.000000000000000000, -1.000000000000000000 ) ) ;
#5679 = EDGE_CURVE ( 'NONE', #2522, #132, #2158, .T. ) ;
#5680 = VECTOR ( 'NONE', #1466, 1000.000000000000000 ) ;
#5681 = CARTESIAN_POINT ( 'NONE',  ( 15.30514119515825300, 3.000000000000000000, 119.9999999999999716 ) ) ;
#5682 = ORIENTED_EDGE ( 'NONE', *, *, #2307, .T. ) ;
#5683 = CIRCLE ( 'NONE', #1788, 1.600000000000004086 ) ;
#5684 = ORIENTED_EDGE ( 'NONE', *, *, #2772, .F. ) ;
#5685 = ORIENTED_EDGE ( 'NONE', *, *, #1823, .F. ) ;
#5686 = DIRECTION ( 'NONE',  ( 0.000000000000000000, 0.000000000000000000, -1.000000000000000000 ) ) ;
#5687 = ADVANCED_FACE ( 'NONE', ( #4525, #392, #3065, #5859, #3570, #2175, #3120, #5418, #2208, #4500, #2233, #5774, #4885, #4050, #1308, #4026, #1696, #4553, #473, #4946, #4999, #4469, #915, #2731, #5331, #865, #5833, #890, #3636, #3997, #3514, #798, #2614, #5809, #4436, #3154, #1784, #5355, #2263, #1754, #4084, #1343 ), #5381, .F. ) ;
#5688 = CARTESIAN_POINT ( 'NONE',  ( 74.22999999999996135, 0.000000000000000000, 80.80000000000006821 ) ) ;
#5689 = CARTESIAN_POINT ( 'NONE',  ( 39.99999999999997868, 0.000000000000000000, -120.0000000000000284 ) ) ;
#5690 = AXIS2_PLACEMENT_3D ( 'NONE', #4611, #527, #977 ) ;
#5691 = FACE_OUTER_BOUND ( 'NONE', #2530, .T. ) ;
#5692 = DIRECTION ( 'NONE',  ( -1.927470528863119049E-16, 0.000000000000000000, 1.000000000000000000 ) ) ;
#5693 = DIRECTION ( 'NONE',  ( 0.000000000000000000, 0.000000000000000000, -1.000000000000000000 ) ) ;
#5694 = LINE ( 'NONE', #157, #3399 ) ;
#5695 = CIRCLE ( 'NONE', #4007, 1.600000000000004086 ) ;
#5696 = AXIS2_PLACEMENT_3D ( 'NONE', #998, #2813, #2338 ) ;
#5697 = EDGE_LOOP ( 'NONE', ( #2549, #4207, #2529, #3341 ) ) ;
#5698 = EDGE_CURVE ( 'NONE', #2081, #2891, #1015, .T. ) ;
#5699 = DIRECTION ( 'NONE',  ( -0.000000000000000000, 0.000000000000000000, 1.000000000000000000 ) ) ;
#5700 = CYLINDRICAL_SURFACE ( 'NONE', #1146, 150.0000000000000000 ) ;
#5701 = VECTOR ( 'NONE', #5389, 1000.000000000000000 ) ;
#5702 = VECTOR ( 'NONE', #1652, 1000.000000000000000 ) ;
#5703 = EDGE_LOOP ( 'NONE', ( #3647, #3864 ) ) ;
#5704 = CARTESIAN_POINT ( 'NONE',  ( -115.7144381985055048, 0.000000000000000000, -60.88096124594396485 ) ) ;
#5705 = AXIS2_PLACEMENT_3D ( 'NONE', #3878, #2252, #4428 ) ;
#5706 = ORIENTED_EDGE ( 'NONE', *, *, #5140, .F. ) ;
#5707 = AXIS2_PLACEMENT_3D ( 'NONE', #3830, #5664, #4335 ) ;
#5708 = CARTESIAN_POINT ( 'NONE',  ( 76.24663118593873889, 0.000000000000000000, 29.99999999999992895 ) ) ;
#5709 = ORIENTED_EDGE ( 'NONE', *, *, #487, .F. ) ;
#5710 = VERTEX_POINT ( 'NONE', #2703 ) ;
#5711 =( NAMED_UNIT ( * ) PLANE_ANGLE_UNIT ( ) SI_UNIT ( $, .RADIAN. ) );
#5712 = CARTESIAN_POINT ( 'NONE',  ( 55.76999999999998181, 0.000000000000000000, -80.80000000000005400 ) ) ;
#5713 = LINE ( 'NONE', #5239, #5781 ) ;
#5714 = LINE ( 'NONE', #593, #1521 ) ;
#5715 = VERTEX_POINT ( 'NONE', #1278 ) ;
#5716 = ORIENTED_EDGE ( 'NONE', *, *, #3882, .F. ) ;
#5717 = AXIS2_PLACEMENT_3D ( 'NONE', #2777, #1856, #542 ) ;
#5718 = ORIENTED_EDGE ( 'NONE', *, *, #3318, .F. ) ;
#5719 = DIRECTION ( 'NONE',  ( -0.000000000000000000, -1.000000000000000000, -0.000000000000000000 ) ) ;
#5720 = EDGE_CURVE ( 'NONE', #5406, #1846, #4542, .T. ) ;
#5721 = DIRECTION ( 'NONE',  ( -0.000000000000000000, 1.000000000000000000, -0.000000000000000000 ) ) ;
#5722 = CARTESIAN_POINT ( 'NONE',  ( 26.24663118593861810, 3.001000000000000334, -54.99999999999985789 ) ) ;
#5723 = CARTESIAN_POINT ( 'NONE',  ( 28.42844072404627909, 0.000000000000000000, 30.00000000000002842 ) ) ;
#5724 = LINE ( 'NONE', #4032, #3487 ) ;
#5725 = DIRECTION ( 'NONE',  ( 0.000000000000000000, 0.000000000000000000, 1.000000000000000000 ) ) ;
#5726 = EDGE_CURVE ( 'NONE', #1819, #445, #2677, .T. ) ;
#5727 = ORIENTED_EDGE ( 'NONE', *, *, #1259, .F. ) ;
#5728 = FACE_OUTER_BOUND ( 'NONE', #471, .T. ) ;
#5729 = EDGE_CURVE ( 'NONE', #2315, #3875, #1479, .T. ) ;
#5730 = CYLINDRICAL_SURFACE ( 'NONE', #195, 1.600000000000004086 ) ;
#5731 = VERTEX_POINT ( 'NONE', #4201 ) ;
#5732 = EDGE_CURVE ( 'NONE', #4371, #2278, #1780, .T. ) ;
#5733 = LINE ( 'NONE', #2488, #5499 ) ;
#5734 = ORIENTED_EDGE ( 'NONE', *, *, #3835, .T. ) ;
#5735 = CARTESIAN_POINT ( 'NONE',  ( 86.24663118593861100, 0.000000000000000000, -30.00000000000000000 ) ) ;
#5736 = VERTEX_POINT ( 'NONE', #54 ) ;
#5737 = VERTEX_POINT ( 'NONE', #116 ) ;
#5738 = APPROVAL_ROLE ( '' ) ;
#5739 = CYLINDRICAL_SURFACE ( 'NONE', #3479, 1.500000000000001332 ) ;
#5740 = CARTESIAN_POINT ( 'NONE',  ( 16.24663118593872113, 3.000000000000000000, 54.99999999999992184 ) ) ;
#5741 = CARTESIAN_POINT ( 'NONE',  ( -130.9238835285132438, 3.000000000000000000, 94.21587757853255596 ) ) ;
#5742 = EDGE_LOOP ( 'NONE', ( #169, #974, #520, #5547 ) ) ;
#5743 = VERTEX_POINT ( 'NONE', #5502 ) ;
#5744 = EDGE_LOOP ( 'NONE', ( #3108, #876, #1935, #943 ) ) ;
#5745 = DIRECTION ( 'NONE',  ( 0.000000000000000000, 0.000000000000000000, -1.000000000000000000 ) ) ;
#5746 = CARTESIAN_POINT ( 'NONE',  ( 42.99999999999992184, 3.000000000000000000, -90.00000000000005684 ) ) ;
#5747 = EDGE_CURVE ( 'NONE', #5314, #3428, #4171, .T. ) ;
#5748 = CYLINDRICAL_SURFACE ( 'NONE', #5228, 1.600000000000018074 ) ;
#5749 = DIRECTION ( 'NONE',  ( 8.002857635839669536E-15, 0.000000000000000000, 1.000000000000000000 ) ) ;
#5750 = DIRECTION ( 'NONE',  ( -0.000000000000000000, -1.000000000000000000, -0.000000000000000000 ) ) ;
#5751 = CARTESIAN_POINT ( 'NONE',  ( 84.64663118593861668, 3.000000000000000000, -55.00000000000000000 ) ) ;
#5752 = EDGE_CURVE ( 'NONE', #1514, #2759, #3269, .T. ) ;
#5753 = DIRECTION ( 'NONE',  ( 0.000000000000000000, -1.000000000000000000, 0.000000000000000000 ) ) ;
#5754 = LINE ( 'NONE', #2154, #1342 ) ;
#5755 = EDGE_CURVE ( 'NONE', #5083, #2341, #3780, .T. ) ;
#5756 = ORIENTED_EDGE ( 'NONE', *, *, #1177, .T. ) ;
#5757 = CIRCLE ( 'NONE', #1384, 1.600000000000004086 ) ;
#5758 = DIRECTION ( 'NONE',  ( 0.000000000000000000, 0.000000000000000000, -1.000000000000000000 ) ) ;
#5759 = EDGE_CURVE ( 'NONE', #4048, #2643, #5029, .T. ) ;
#5760 = ORIENTED_EDGE ( 'NONE', *, *, #2329, .F. ) ;
#5761 = CARTESIAN_POINT ( 'NONE',  ( 63.04663118593871474, 3.001000000000000334, 29.99999999999986144 ) ) ;
#5762 = ORIENTED_EDGE ( 'NONE', *, *, #3255, .T. ) ;
#5763 = AXIS2_PLACEMENT_3D ( 'NONE', #605, #2509, #4333 ) ;
#5764 = ORIENTED_EDGE ( 'NONE', *, *, #2566, .T. ) ;
#5765 = VECTOR ( 'NONE', #5867, 1000.000000000000000 ) ;
#5766 = DIRECTION ( 'NONE',  ( 0.000000000000000000, 0.000000000000000000, 1.000000000000000000 ) ) ;
#5767 = AXIS2_PLACEMENT_3D ( 'NONE', #4745, #3440, #2183 ) ;
#5768 = DIRECTION ( 'NONE',  ( 0.000000000000000000, 0.000000000000000000, -1.000000000000000000 ) ) ;
#5769 = AXIS2_PLACEMENT_3D ( 'NONE', #717, #3848, #1606 ) ;
#5770 = CARTESIAN_POINT ( 'NONE',  ( 86.99999999999995737, 3.000000000000000000, 90.00000000000007105 ) ) ;
#5771 = ORIENTED_EDGE ( 'NONE', *, *, #5174, .T. ) ;
#5772 = EDGE_LOOP ( 'NONE', ( #4781, #3190, #5062, #5508 ) ) ;
#5773 = AXIS2_PLACEMENT_3D ( 'NONE', #1437, #2710, #5068 ) ;
#5774 = FACE_BOUND ( 'NONE', #3744, .T. ) ;
#5775 = VECTOR ( 'NONE', #2763, 1000.000000000000000 ) ;
#5776 = CARTESIAN_POINT ( 'NONE',  ( 84.64663118593871616, 3.001000000000000334, 28.39999999999999503 ) ) ;
#5777 = LOCAL_TIME ( 22, 22, 4.000000000000000000, #2899 ) ;
#5778 = DIRECTION ( 'NONE',  ( 1.000000000000000000, 0.000000000000000000, -2.775557561562892337E-16 ) ) ;
#5779 = CARTESIAN_POINT ( 'NONE',  ( 89.99999999999997158, 0.000000000000000000, 120.0000000000000284 ) ) ;
#5780 = CARTESIAN_POINT ( 'NONE',  ( 30.22999999999997200, 3.000000000000000000, 71.20000000000007390 ) ) ;
#5781 = VECTOR ( 'NONE', #684, 1000.000000000000000 ) ;
#5782 = CYLINDRICAL_SURFACE ( 'NONE', #4539, 1.599999999999997202 ) ;
#5783 = CC_DESIGN_PERSON_AND_ORGANIZATION_ASSIGNMENT ( #3421, #615, ( #927 ) ) ;
#5784 = AXIS2_PLACEMENT_3D ( 'NONE', #4814, #1206, #5758 ) ;
#5785 = DIRECTION ( 'NONE',  ( 0.000000000000000000, 0.000000000000000000, 1.000000000000000000 ) ) ;
#5786 = DIRECTION ( 'NONE',  ( 0.000000000000000000, 0.000000000000000000, -1.000000000000000000 ) ) ;
#5787 = EDGE_LOOP ( 'NONE', ( #3249, #5028, #4528, #87 ) ) ;
#5788 = AXIS2_PLACEMENT_3D ( 'NONE', #1973, #2064, #2915 ) ;
#5789 = EDGE_CURVE ( 'NONE', #1846, #3727, #2628, .T. ) ;
#5790 = DIRECTION ( 'NONE',  ( 0.000000000000000000, -1.000000000000000000, 0.000000000000000000 ) ) ;
#5791 = EDGE_CURVE ( 'NONE', #2754, #5236, #67, .T. ) ;
#5792 = ORIENTED_EDGE ( 'NONE', *, *, #1599, .T. ) ;
#5793 = CYLINDRICAL_SURFACE ( 'NONE', #3616, 1.599999999999990319 ) ;
#5794 = VECTOR ( 'NONE', #5866, 1000.000000000000000 ) ;
#5795 = CIRCLE ( 'NONE', #663, 1.600000000000004086 ) ;
#5796 = EDGE_LOOP ( 'NONE', ( #5553, #1595, #4376, #5521 ) ) ;
#5797 = CYLINDRICAL_SURFACE ( 'NONE', #4000, 1.600000000000004086 ) ;
#5798 = ORIENTED_EDGE ( 'NONE', *, *, #3217, .F. ) ;
#5799 = DIRECTION ( 'NONE',  ( -0.000000000000000000, -1.000000000000000000, -0.000000000000000000 ) ) ;
#5800 = AXIS2_PLACEMENT_3D ( 'NONE', #5180, #2030, #3304 ) ;
#5801 = VECTOR ( 'NONE', #824, 1000.000000000000000 ) ;
#5802 = PLANE ( 'NONE',  #955 ) ;
#5803 = CARTESIAN_POINT ( 'NONE',  ( -33.35741419336067537, -7.000000000000000000, 80.24010619321096272 ) ) ;
#5804 = EDGE_CURVE ( 'NONE', #341, #53, #1034, .T. ) ;
#5805 = ORIENTED_EDGE ( 'NONE', *, *, #4517, .T. ) ;
#5806 = ORIENTED_EDGE ( 'NONE', *, *, #273, .T. ) ;
#5807 = AXIS2_PLACEMENT_3D ( 'NONE', #3736, #1018, #2832 ) ;
#5808 = CIRCLE ( 'NONE', #5312, 1.600000000000011191 ) ;
#5809 = FACE_BOUND ( 'NONE', #139, .T. ) ;
#5810 = DIRECTION ( 'NONE',  ( 0.000000000000000000, -1.000000000000000000, 0.000000000000000000 ) ) ;
#5811 = EDGE_CURVE ( 'NONE', #4991, #5710, #1394, .T. ) ;
#5812 = ORIENTED_EDGE ( 'NONE', *, *, #4699, .T. ) ;
#5813 = CYLINDRICAL_SURFACE ( 'NONE', #1808, 1.600000000000004086 ) ;
#5814 = CARTESIAN_POINT ( 'NONE',  ( -125.7144381985055333, 3.000000000000000000, -64.67164498816627827 ) ) ;
#5815 = CARTESIAN_POINT ( 'NONE',  ( 83.04663118593860816, 3.000000000000000000, -55.00000000000000000 ) ) ;
#5816 = DIRECTION ( 'NONE',  ( 0.000000000000000000, 1.000000000000000000, 0.000000000000000000 ) ) ;
#5817 = DIRECTION ( 'NONE',  ( -0.000000000000000000, -1.000000000000000000, -0.000000000000000000 ) ) ;
#5818 = CARTESIAN_POINT ( 'NONE',  ( 73.04663118593872184, 3.001000000000000334, 54.99999999999992895 ) ) ;
#5819 = LINE ( 'NONE', #5845, #3435 ) ;
#5820 = ORIENTED_EDGE ( 'NONE', *, *, #1636, .F. ) ;
#5821 = ORIENTED_EDGE ( 'NONE', *, *, #591, .F. ) ;
#5822 = LINE ( 'NONE', #5761, #193 ) ;
#5823 = ORIENTED_EDGE ( 'NONE', *, *, #5350, .T. ) ;
#5824 = EDGE_CURVE ( 'NONE', #3940, #5535, #5106, .T. ) ;
#5825 = CARTESIAN_POINT ( 'NONE',  ( 15.30514119515825300, 0.000000000000000000, 119.9999999999999716 ) ) ;
#5826 = VERTEX_POINT ( 'NONE', #1905 ) ;
#5827 = CYLINDRICAL_SURFACE ( 'NONE', #841, 1.600000000000004086 ) ;
#5828 = EDGE_CURVE ( 'NONE', #2058, #4317, #825, .T. ) ;
#5829 = DIRECTION ( 'NONE',  ( -0.000000000000000000, -1.000000000000000000, -0.000000000000000000 ) ) ;
#5830 = CARTESIAN_POINT ( 'NONE',  ( 131.9999999999999432, 3.000000000000000000, 40.49008114612898623 ) ) ;
#5831 = ORIENTED_EDGE ( 'NONE', *, *, #961, .F. ) ;
#5832 = VERTEX_POINT ( 'NONE', #3209 ) ;
#5833 = FACE_BOUND ( 'NONE', #229, .T. ) ;
#5834 = DIRECTION ( 'NONE',  ( 0.000000000000000000, 0.000000000000000000, -1.000000000000000000 ) ) ;
#5835 = EDGE_CURVE ( 'NONE', #4877, #3896, #4918, .T. ) ;
#5836 = EDGE_CURVE ( 'NONE', #2786, #4466, #1956, .T. ) ;
#5837 = ORIENTED_EDGE ( 'NONE', *, *, #4166, .T. ) ;
#5838 = EDGE_LOOP ( 'NONE', ( #4574, #301 ) ) ;
#5839 = CARTESIAN_POINT ( 'NONE',  ( -115.3644381985056953, 3.000000000000000000, -14.00000000000000000 ) ) ;
#5840 = CARTESIAN_POINT ( 'NONE',  ( 99.76999999999999602, 3.000000000000000000, -72.80000000000005400 ) ) ;
#5841 = LINE ( 'NONE', #362, #5192 ) ;
#5842 = CARTESIAN_POINT ( 'NONE',  ( 74.22999999999996135, 3.000000000000000000, 80.80000000000006821 ) ) ;
#5843 = DIRECTION ( 'NONE',  ( -0.000000000000000000, -1.000000000000000000, -0.000000000000000000 ) ) ;
#5844 = LINE ( 'NONE', #1767, #3767 ) ;
#5845 = CARTESIAN_POINT ( 'NONE',  ( 84.64663118593861668, 3.001000000000000334, -56.60000000000000142 ) ) ;
#5846 = EDGE_LOOP ( 'NONE', ( #4405, #1512, #1212, #4688 ) ) ;
#5847 = FACE_OUTER_BOUND ( 'NONE', #3123, .T. ) ;
#5848 = ORIENTED_EDGE ( 'NONE', *, *, #2623, .T. ) ;
#5849 = DIRECTION ( 'NONE',  ( 0.000000000000000000, -1.000000000000000000, 0.000000000000000000 ) ) ;
#5850 = VERTEX_POINT ( 'NONE', #3332 ) ;
#5851 = CARTESIAN_POINT ( 'NONE',  ( 2.381214074007773629, 0.000000000000000000, -117.7211629518313600 ) ) ;
#5852 = CARTESIAN_POINT ( 'NONE',  ( 3.046631185938730724, 0.000000000000000000, 29.99999999999998579 ) ) ;
#5853 = APPROVAL ( #4792, 'æœª' ) ;
#5854 = CARTESIAN_POINT ( 'NONE',  ( 13.04663118593860105, 3.000000000000000000, -54.99999999999992184 ) ) ;
#5855 = CARTESIAN_POINT ( 'NONE',  ( 89.99999999999997158, 0.000000000000000000, 93.00000000000007105 ) ) ;
#5856 = AXIS2_PLACEMENT_3D ( 'NONE', #278, #3009, #3853 ) ;
#5857 = VERTEX_POINT ( 'NONE', #948 ) ;
#5858 = ORIENTED_EDGE ( 'NONE', *, *, #878, .F. ) ;
#5859 = FACE_BOUND ( 'NONE', #3513, .T. ) ;
#5860 = EDGE_CURVE ( 'NONE', #1088, #2985, #141, .T. ) ;
#5861 = DIRECTION ( 'NONE',  ( -4.336808689942017736E-16, 0.000000000000000000, -1.000000000000000000 ) ) ;
#5862 = VECTOR ( 'NONE', #241, 1000.000000000000000 ) ;
#5863 = VERTEX_POINT ( 'NONE', #3776 ) ;
#5864 = EDGE_CURVE ( 'NONE', #863, #1892, #5147, .T. ) ;
#5865 = ORIENTED_EDGE ( 'NONE', *, *, #5079, .T. ) ;
#5866 = DIRECTION ( 'NONE',  ( -0.000000000000000000, 1.000000000000000000, -0.000000000000000000 ) ) ;
#5867 = DIRECTION ( 'NONE',  ( -0.000000000000000000, 1.000000000000000000, -0.000000000000000000 ) ) ;
#5868 = LINE ( 'NONE', #1794, #3292 ) ;
#5869 = CARTESIAN_POINT ( 'NONE',  ( 129.9999999999999147, 3.000000000000000000, -89.99999999999997158 ) ) ;
#5870 = FACE_OUTER_BOUND ( 'NONE', #1834, .T. ) ;
#5871 = CIRCLE ( 'NONE', #2637, 1.600000000000004086 ) ;
#5872 = CARTESIAN_POINT ( 'NONE',  ( 14.64663118593872326, 0.000000000000000000, 28.39999999999991331 ) ) ;
#5873 = CARTESIAN_POINT ( 'NONE',  ( 117.9999999999999432, 3.000000000000000000, -41.90991885387104787 ) ) ;
#5874 = ORIENTED_EDGE ( 'NONE', *, *, #2738, .F. ) ;
#5875 = DIRECTION ( 'NONE',  ( 0.000000000000000000, 0.000000000000000000, -1.000000000000000000 ) ) ;
#5876 = AXIS2_PLACEMENT_3D ( 'NONE', #617, #1688, #3906 ) ;
#5877 = EDGE_CURVE ( 'NONE', #53, #3351, #1303, .T. ) ;
#5878 = ORIENTED_EDGE ( 'NONE', *, *, #862, .T. ) ;
#5879 = DIRECTION ( 'NONE',  ( -0.000000000000000000, -1.000000000000000000, -0.000000000000000000 ) ) ;
#5880 = EDGE_LOOP ( 'NONE', ( #5718, #1421, #4221, #2616 ) ) ;
#5881 = DIRECTION ( 'NONE',  ( 1.000000000000000000, 0.000000000000000000, -0.000000000000000000 ) ) ;
#5882 = AXIS2_PLACEMENT_3D ( 'NONE', #1363, #4547, #467 ) ;
#5883 = LINE ( 'NONE', #4462, #3032 ) ;
#5884 = VECTOR ( 'NONE', #4505, 1000.000000000000000 ) ;
#5885 = VERTEX_POINT ( 'NONE', #5058 ) ;
ENDSEC;
END-ISO-10303-21;
